GroupID,Segment,Person.1,Person.2,LSM,WC.Person.1,WC.Person.2
deepseek-r1_prompt0_debate1_1,1,human,agent,0.61,13,288
deepseek-r1_prompt0_debate1_2,1,human,agent,0.38,20,290
deepseek-r1_prompt0_debate1_3,1,human,agent,0.35,20,284
deepseek-r1_prompt0_debate1_4,1,human,agent,0.42,20,322
deepseek-r1_prompt0_debate1_5,1,human,agent,0.40,20,291
deepseek-r1_prompt1_debate1_1,1,human,agent,0.40,13,305
deepseek-r1_prompt1_debate1_2,1,human,agent,0.38,20,298
deepseek-r1_prompt1_debate1_3,1,human,agent,0.34,20,260
deepseek-r1_prompt1_debate1_4,1,human,agent,0.41,20,263
deepseek-r1_prompt1_debate1_5,1,human,agent,0.42,20,289
deepseek-r1_prompt2_debate1_1,1,human,agent,0.37,13,195
deepseek-r1_prompt2_debate1_2,1,human,agent,0.47,20,294
deepseek-r1_prompt2_debate1_3,1,human,agent,0.45,20,294
deepseek-r1_prompt2_debate1_4,1,human,agent,0.44,20,320
deepseek-r1_prompt2_debate1_5,1,human,agent,0.44,20,327
deepseek-r1_prompt3_debate1_1,1,human,agent,0.64,13,273
deepseek-r1_prompt3_debate1_2,1,human,agent,0.37,20,291
deepseek-r1_prompt3_debate1_3,1,human,agent,0.39,20,298
deepseek-r1_prompt3_debate1_4,1,human,agent,0.41,20,271
deepseek-r1_prompt3_debate1_5,1,human,agent,0.44,20,276
deepseek-r1_prompt4_debate1_1,1,human,agent,0.51,13,171
deepseek-r1_prompt4_debate1_2,1,human,agent,0.39,20,283
deepseek-r1_prompt4_debate1_3,1,human,agent,0.36,20,282
deepseek-r1_prompt4_debate1_4,1,human,agent,0.36,20,324
deepseek-r1_prompt4_debate1_5,1,human,agent,0.39,20,293
deepseek-r1_prompt0_debate10_1,1,human,agent,0.32,15,309
deepseek-r1_prompt0_debate10_2,1,human,agent,0.44,20,293
deepseek-r1_prompt0_debate10_3,1,human,agent,0.30,20,314
deepseek-r1_prompt0_debate10_4,1,human,agent,0.41,20,313
deepseek-r1_prompt0_debate10_5,1,human,agent,0.38,20,279
deepseek-r1_prompt1_debate10_1,1,human,agent,0.37,15,304
deepseek-r1_prompt1_debate10_2,1,human,agent,0.37,20,277
deepseek-r1_prompt1_debate10_3,1,human,agent,0.41,20,286
deepseek-r1_prompt1_debate10_4,1,human,agent,0.50,20,251
deepseek-r1_prompt1_debate10_5,1,human,agent,0.52,20,267
deepseek-r1_prompt2_debate10_1,1,human,agent,0.38,15,158
deepseek-r1_prompt2_debate10_2,1,human,agent,0.47,20,278
deepseek-r1_prompt2_debate10_3,1,human,agent,0.48,20,282
deepseek-r1_prompt2_debate10_4,1,human,agent,0.48,20,304
deepseek-r1_prompt2_debate10_5,1,human,agent,0.51,20,302
deepseek-r1_prompt3_debate10_1,1,human,agent,0.59,15,314
deepseek-r1_prompt3_debate10_2,1,human,agent,0.40,20,267
deepseek-r1_prompt3_debate10_3,1,human,agent,0.42,20,296
deepseek-r1_prompt3_debate10_4,1,human,agent,0.34,20,326
deepseek-r1_prompt3_debate10_5,1,human,agent,0.33,20,322
deepseek-r1_prompt4_debate10_1,1,human,agent,0.38,15,235
deepseek-r1_prompt4_debate10_2,1,human,agent,0.44,20,281
deepseek-r1_prompt4_debate10_3,1,human,agent,0.48,20,346
deepseek-r1_prompt4_debate10_4,1,human,agent,0.45,20,327
deepseek-r1_prompt4_debate10_5,1,human,agent,0.42,20,325
deepseek-r1_prompt0_debate100_1,1,human,agent,0.29,21,294
deepseek-r1_prompt0_debate100_2,1,human,agent,0.36,20,279
deepseek-r1_prompt0_debate100_3,1,human,agent,0.33,20,298
deepseek-r1_prompt0_debate100_4,1,human,agent,0.39,20,305
deepseek-r1_prompt0_debate100_5,1,human,agent,0.43,20,305
deepseek-r1_prompt1_debate100_1,1,human,agent,0.30,21,342
deepseek-r1_prompt1_debate100_2,1,human,agent,0.37,20,280
deepseek-r1_prompt1_debate100_3,1,human,agent,0.40,20,323
deepseek-r1_prompt1_debate100_4,1,human,agent,0.39,20,319
deepseek-r1_prompt1_debate100_5,1,human,agent,0.37,20,314
deepseek-r1_prompt2_debate100_1,1,human,agent,0.31,21,145
deepseek-r1_prompt2_debate100_2,1,human,agent,0.41,20,326
deepseek-r1_prompt2_debate100_3,1,human,agent,0.45,20,336
deepseek-r1_prompt2_debate100_4,1,human,agent,0.40,20,345
deepseek-r1_prompt2_debate100_5,1,human,agent,0.36,20,333
deepseek-r1_prompt3_debate100_1,1,human,agent,0.28,21,336
deepseek-r1_prompt3_debate100_2,1,human,agent,0.36,20,302
deepseek-r1_prompt3_debate100_3,1,human,agent,0.41,20,330
deepseek-r1_prompt3_debate100_4,1,human,agent,0.39,20,314
deepseek-r1_prompt3_debate100_5,1,human,agent,0.35,20,304
deepseek-r1_prompt4_debate100_1,1,human,agent,0.33,21,190
deepseek-r1_prompt4_debate100_2,1,human,agent,0.43,20,297
deepseek-r1_prompt4_debate100_3,1,human,agent,0.38,20,337
deepseek-r1_prompt4_debate100_4,1,human,agent,0.38,20,308
deepseek-r1_prompt4_debate100_5,1,human,agent,0.40,20,306
deepseek-r1_prompt0_debate11_1,1,human,agent,0.34,13,294
deepseek-r1_prompt0_debate11_2,1,human,agent,0.46,20,275
deepseek-r1_prompt0_debate11_3,1,human,agent,0.50,20,295
deepseek-r1_prompt0_debate11_4,1,human,agent,0.51,20,286
deepseek-r1_prompt0_debate11_5,1,human,agent,0.44,20,321
deepseek-r1_prompt1_debate11_1,1,human,agent,0.33,13,273
deepseek-r1_prompt1_debate11_2,1,human,agent,0.43,20,311
deepseek-r1_prompt1_debate11_3,1,human,agent,0.38,20,332
deepseek-r1_prompt1_debate11_4,1,human,agent,0.43,20,327
deepseek-r1_prompt1_debate11_5,1,human,agent,0.47,20,358
deepseek-r1_prompt2_debate11_1,1,human,agent,0.36,13,271
deepseek-r1_prompt2_debate11_2,1,human,agent,0.51,20,314
deepseek-r1_prompt2_debate11_3,1,human,agent,0.47,20,324
deepseek-r1_prompt2_debate11_4,1,human,agent,0.44,20,317
deepseek-r1_prompt2_debate11_5,1,human,agent,0.49,20,332
deepseek-r1_prompt3_debate11_1,1,human,agent,0.32,13,323
deepseek-r1_prompt3_debate11_2,1,human,agent,0.36,20,305
deepseek-r1_prompt3_debate11_3,1,human,agent,0.39,20,317
deepseek-r1_prompt3_debate11_4,1,human,agent,0.42,20,295
deepseek-r1_prompt3_debate11_5,1,human,agent,0.39,20,334
deepseek-r1_prompt4_debate11_1,1,human,agent,0.37,13,176
deepseek-r1_prompt4_debate11_2,1,human,agent,0.47,20,326
deepseek-r1_prompt4_debate11_3,1,human,agent,0.44,20,301
deepseek-r1_prompt4_debate11_4,1,human,agent,0.47,20,291
deepseek-r1_prompt4_debate11_5,1,human,agent,0.50,20,327
deepseek-r1_prompt0_debate12_1,1,human,agent,0.56,14,308
deepseek-r1_prompt0_debate12_2,1,human,agent,0.41,20,334
deepseek-r1_prompt0_debate12_3,1,human,agent,0.40,20,320
deepseek-r1_prompt0_debate12_4,1,human,agent,0.46,20,297
deepseek-r1_prompt0_debate12_5,1,human,agent,0.42,20,339
deepseek-r1_prompt1_debate12_1,1,human,agent,0.53,14,191
deepseek-r1_prompt1_debate12_2,1,human,agent,0.44,20,290
deepseek-r1_prompt1_debate12_3,1,human,agent,0.44,20,277
deepseek-r1_prompt1_debate12_4,1,human,agent,0.39,20,290
deepseek-r1_prompt1_debate12_5,1,human,agent,0.43,20,254
deepseek-r1_prompt2_debate12_1,1,human,agent,0.47,14,166
deepseek-r1_prompt2_debate12_2,1,human,agent,0.49,20,263
deepseek-r1_prompt2_debate12_3,1,human,agent,0.50,20,292
deepseek-r1_prompt2_debate12_4,1,human,agent,0.46,20,326
deepseek-r1_prompt2_debate12_5,1,human,agent,0.46,20,304
deepseek-r1_prompt3_debate12_1,1,human,agent,0.67,14,200
deepseek-r1_prompt3_debate12_2,1,human,agent,0.37,20,306
deepseek-r1_prompt3_debate12_3,1,human,agent,0.47,20,308
deepseek-r1_prompt3_debate12_4,1,human,agent,0.41,20,329
deepseek-r1_prompt3_debate12_5,1,human,agent,0.45,20,334
deepseek-r1_prompt4_debate12_1,1,human,agent,0.55,14,147
deepseek-r1_prompt4_debate12_2,1,human,agent,0.50,20,279
deepseek-r1_prompt4_debate12_3,1,human,agent,0.43,20,300
deepseek-r1_prompt4_debate12_4,1,human,agent,0.47,20,310
deepseek-r1_prompt4_debate12_5,1,human,agent,0.48,20,292
deepseek-r1_prompt0_debate13_1,1,human,agent,0.18,14,311
deepseek-r1_prompt0_debate13_2,1,human,agent,0.38,20,313
deepseek-r1_prompt0_debate13_3,1,human,agent,0.36,20,304
deepseek-r1_prompt0_debate13_4,1,human,agent,0.36,20,324
deepseek-r1_prompt0_debate13_5,1,human,agent,0.41,20,327
deepseek-r1_prompt1_debate13_1,1,human,agent,0.21,14,224
deepseek-r1_prompt1_debate13_2,1,human,agent,0.44,20,282
deepseek-r1_prompt1_debate13_3,1,human,agent,0.48,20,319
deepseek-r1_prompt1_debate13_4,1,human,agent,0.47,20,316
deepseek-r1_prompt1_debate13_5,1,human,agent,0.47,20,319
deepseek-r1_prompt2_debate13_1,1,human,agent,0.27,14,157
deepseek-r1_prompt2_debate13_2,1,human,agent,0.48,20,300
deepseek-r1_prompt2_debate13_3,1,human,agent,0.46,20,319
deepseek-r1_prompt2_debate13_4,1,human,agent,0.49,20,339
deepseek-r1_prompt2_debate13_5,1,human,agent,0.49,20,310
deepseek-r1_prompt3_debate13_1,1,human,agent,0.16,14,196
deepseek-r1_prompt3_debate13_2,1,human,agent,0.38,20,311
deepseek-r1_prompt3_debate13_3,1,human,agent,0.36,20,302
deepseek-r1_prompt3_debate13_4,1,human,agent,0.44,20,346
deepseek-r1_prompt3_debate13_5,1,human,agent,0.39,20,319
deepseek-r1_prompt4_debate13_1,1,human,agent,0.22,14,145
deepseek-r1_prompt4_debate13_2,1,human,agent,0.47,20,277
deepseek-r1_prompt4_debate13_3,1,human,agent,0.43,20,347
deepseek-r1_prompt4_debate13_4,1,human,agent,0.48,20,338
deepseek-r1_prompt4_debate13_5,1,human,agent,0.42,20,328
deepseek-r1_prompt0_debate14_1,1,human,agent,0.19,13,310
deepseek-r1_prompt0_debate14_2,1,human,agent,0.39,20,319
deepseek-r1_prompt0_debate14_3,1,human,agent,0.37,20,313
deepseek-r1_prompt0_debate14_4,1,human,agent,0.45,20,321
deepseek-r1_prompt0_debate14_5,1,human,agent,0.43,20,261
deepseek-r1_prompt1_debate14_1,1,human,agent,0.47,13,278
deepseek-r1_prompt1_debate14_2,1,human,agent,0.45,20,288
deepseek-r1_prompt1_debate14_3,1,human,agent,0.47,20,324
deepseek-r1_prompt1_debate14_4,1,human,agent,0.48,20,309
deepseek-r1_prompt1_debate14_5,1,human,agent,0.40,20,319
deepseek-r1_prompt2_debate14_1,1,human,agent,0.27,13,147
deepseek-r1_prompt2_debate14_2,1,human,agent,0.50,20,296
deepseek-r1_prompt2_debate14_3,1,human,agent,0.44,20,342
deepseek-r1_prompt2_debate14_4,1,human,agent,0.49,20,320
deepseek-r1_prompt2_debate14_5,1,human,agent,0.41,20,277
deepseek-r1_prompt3_debate14_1,1,human,agent,0.33,13,292
deepseek-r1_prompt3_debate14_2,1,human,agent,0.41,20,310
deepseek-r1_prompt3_debate14_3,1,human,agent,0.35,20,286
deepseek-r1_prompt3_debate14_4,1,human,agent,0.47,20,286
deepseek-r1_prompt3_debate14_5,1,human,agent,0.43,20,272
deepseek-r1_prompt4_debate14_1,1,human,agent,0.27,13,229
deepseek-r1_prompt4_debate14_2,1,human,agent,0.47,20,278
deepseek-r1_prompt4_debate14_3,1,human,agent,0.46,20,294
deepseek-r1_prompt4_debate14_4,1,human,agent,0.47,20,283
deepseek-r1_prompt4_debate14_5,1,human,agent,0.52,20,317
deepseek-r1_prompt0_debate15_1,1,human,agent,0.23,10,275
deepseek-r1_prompt0_debate15_2,1,human,agent,0.42,20,273
deepseek-r1_prompt0_debate15_3,1,human,agent,0.43,20,307
deepseek-r1_prompt0_debate15_4,1,human,agent,0.39,20,307
deepseek-r1_prompt0_debate15_5,1,human,agent,0.38,20,299
deepseek-r1_prompt1_debate15_1,1,human,agent,0.23,10,269
deepseek-r1_prompt1_debate15_2,1,human,agent,0.41,20,317
deepseek-r1_prompt1_debate15_3,1,human,agent,0.44,20,323
deepseek-r1_prompt1_debate15_4,1,human,agent,0.45,20,325
deepseek-r1_prompt1_debate15_5,1,human,agent,0.50,20,294
deepseek-r1_prompt2_debate15_1,1,human,agent,0.27,10,128
deepseek-r1_prompt2_debate15_2,1,human,agent,0.50,20,310
deepseek-r1_prompt2_debate15_3,1,human,agent,0.53,20,296
deepseek-r1_prompt2_debate15_4,1,human,agent,0.37,20,278
deepseek-r1_prompt2_debate15_5,1,human,agent,0.50,20,295
deepseek-r1_prompt3_debate15_1,1,human,agent,0.25,10,322
deepseek-r1_prompt3_debate15_2,1,human,agent,0.46,20,282
deepseek-r1_prompt3_debate15_3,1,human,agent,0.46,20,310
deepseek-r1_prompt3_debate15_4,1,human,agent,0.47,20,338
deepseek-r1_prompt3_debate15_5,1,human,agent,0.50,20,305
deepseek-r1_prompt4_debate15_1,1,human,agent,0.29,10,141
deepseek-r1_prompt4_debate15_2,1,human,agent,0.45,20,287
deepseek-r1_prompt4_debate15_3,1,human,agent,0.47,20,297
deepseek-r1_prompt4_debate15_4,1,human,agent,0.47,20,279
deepseek-r1_prompt4_debate15_5,1,human,agent,0.52,20,296
deepseek-r1_prompt0_debate16_1,1,human,agent,0.40,12,318
deepseek-r1_prompt0_debate16_2,1,human,agent,0.45,20,297
deepseek-r1_prompt0_debate16_3,1,human,agent,0.42,20,336
deepseek-r1_prompt0_debate16_4,1,human,agent,0.41,20,343
deepseek-r1_prompt0_debate16_5,1,human,agent,0.41,20,329
deepseek-r1_prompt1_debate16_1,1,human,agent,0.41,12,212
deepseek-r1_prompt1_debate16_2,1,human,agent,0.35,20,274
deepseek-r1_prompt1_debate16_3,1,human,agent,0.35,20,301
deepseek-r1_prompt1_debate16_4,1,human,agent,0.42,20,306
deepseek-r1_prompt1_debate16_5,1,human,agent,0.40,20,318
deepseek-r1_prompt2_debate16_1,1,human,agent,0.28,12,169
deepseek-r1_prompt2_debate16_2,1,human,agent,0.38,20,287
deepseek-r1_prompt2_debate16_3,1,human,agent,0.49,20,302
deepseek-r1_prompt2_debate16_4,1,human,agent,0.46,20,346
deepseek-r1_prompt2_debate16_5,1,human,agent,0.43,20,308
deepseek-r1_prompt3_debate16_1,1,human,agent,0.42,12,367
deepseek-r1_prompt3_debate16_2,1,human,agent,0.39,20,270
deepseek-r1_prompt3_debate16_3,1,human,agent,0.38,20,323
deepseek-r1_prompt3_debate16_4,1,human,agent,0.42,20,323
deepseek-r1_prompt3_debate16_5,1,human,agent,0.43,20,327
deepseek-r1_prompt4_debate16_1,1,human,agent,0.30,12,231
deepseek-r1_prompt4_debate16_2,1,human,agent,0.43,20,288
deepseek-r1_prompt4_debate16_3,1,human,agent,0.44,20,313
deepseek-r1_prompt4_debate16_4,1,human,agent,0.44,20,314
deepseek-r1_prompt4_debate16_5,1,human,agent,0.48,20,260
deepseek-r1_prompt0_debate17_1,1,human,agent,0.19,10,299
deepseek-r1_prompt0_debate17_2,1,human,agent,0.43,20,301
deepseek-r1_prompt0_debate17_3,1,human,agent,0.38,20,332
deepseek-r1_prompt0_debate17_4,1,human,agent,0.45,20,321
deepseek-r1_prompt0_debate17_5,1,human,agent,0.40,20,317
deepseek-r1_prompt1_debate17_1,1,human,agent,0.18,10,211
deepseek-r1_prompt1_debate17_2,1,human,agent,0.38,20,267
deepseek-r1_prompt1_debate17_3,1,human,agent,0.42,20,292
deepseek-r1_prompt1_debate17_4,1,human,agent,0.40,20,299
deepseek-r1_prompt1_debate17_5,1,human,agent,0.38,20,310
deepseek-r1_prompt2_debate17_1,1,human,agent,0.21,10,158
deepseek-r1_prompt2_debate17_2,1,human,agent,0.51,20,282
deepseek-r1_prompt2_debate17_3,1,human,agent,0.54,20,262
deepseek-r1_prompt2_debate17_4,1,human,agent,0.50,20,300
deepseek-r1_prompt2_debate17_5,1,human,agent,0.50,20,265
deepseek-r1_prompt3_debate17_1,1,human,agent,0.20,10,320
deepseek-r1_prompt3_debate17_2,1,human,agent,0.40,20,262
deepseek-r1_prompt3_debate17_3,1,human,agent,0.41,20,327
deepseek-r1_prompt3_debate17_4,1,human,agent,0.38,20,296
deepseek-r1_prompt3_debate17_5,1,human,agent,0.39,20,320
deepseek-r1_prompt4_debate17_1,1,human,agent,0.23,10,205
deepseek-r1_prompt4_debate17_2,1,human,agent,0.54,20,280
deepseek-r1_prompt4_debate17_3,1,human,agent,0.54,20,268
deepseek-r1_prompt4_debate17_4,1,human,agent,0.57,20,305
deepseek-r1_prompt4_debate17_5,1,human,agent,0.52,20,263
deepseek-r1_prompt0_debate18_1,1,human,agent,0.42,12,281
deepseek-r1_prompt0_debate18_2,1,human,agent,0.38,20,290
deepseek-r1_prompt0_debate18_3,1,human,agent,0.42,20,318
deepseek-r1_prompt0_debate18_4,1,human,agent,0.39,20,328
deepseek-r1_prompt0_debate18_5,1,human,agent,0.40,20,302
deepseek-r1_prompt1_debate18_1,1,human,agent,0.31,12,281
deepseek-r1_prompt1_debate18_2,1,human,agent,0.45,20,298
deepseek-r1_prompt1_debate18_3,1,human,agent,0.51,20,299
deepseek-r1_prompt1_debate18_4,1,human,agent,0.47,20,272
deepseek-r1_prompt1_debate18_5,1,human,agent,0.40,20,293
deepseek-r1_prompt2_debate18_1,1,human,agent,0.38,12,207
deepseek-r1_prompt2_debate18_2,1,human,agent,0.42,20,299
deepseek-r1_prompt2_debate18_3,1,human,agent,0.46,20,307
deepseek-r1_prompt2_debate18_4,1,human,agent,0.45,20,293
deepseek-r1_prompt2_debate18_5,1,human,agent,0.49,20,294
deepseek-r1_prompt3_debate18_1,1,human,agent,0.42,12,324
deepseek-r1_prompt3_debate18_2,1,human,agent,0.37,20,308
deepseek-r1_prompt3_debate18_3,1,human,agent,0.37,20,315
deepseek-r1_prompt3_debate18_4,1,human,agent,0.39,20,320
deepseek-r1_prompt3_debate18_5,1,human,agent,0.46,20,341
deepseek-r1_prompt4_debate18_1,1,human,agent,0.34,12,134
deepseek-r1_prompt4_debate18_2,1,human,agent,0.41,20,264
deepseek-r1_prompt4_debate18_3,1,human,agent,0.41,20,315
deepseek-r1_prompt4_debate18_4,1,human,agent,0.45,20,340
deepseek-r1_prompt4_debate18_5,1,human,agent,0.42,20,294
deepseek-r1_prompt0_debate19_1,1,human,agent,0.53,16,323
deepseek-r1_prompt0_debate19_2,1,human,agent,0.25,20,272
deepseek-r1_prompt0_debate19_3,1,human,agent,0.34,20,312
deepseek-r1_prompt0_debate19_4,1,human,agent,0.40,20,323
deepseek-r1_prompt0_debate19_5,1,human,agent,0.39,20,301
deepseek-r1_prompt1_debate19_1,1,human,agent,0.50,16,337
deepseek-r1_prompt1_debate19_2,1,human,agent,0.33,20,314
deepseek-r1_prompt1_debate19_3,1,human,agent,0.33,20,289
deepseek-r1_prompt1_debate19_4,1,human,agent,0.37,20,312
deepseek-r1_prompt1_debate19_5,1,human,agent,0.33,20,325
deepseek-r1_prompt2_debate19_1,1,human,agent,0.41,16,357
deepseek-r1_prompt2_debate19_2,1,human,agent,0.42,20,285
deepseek-r1_prompt2_debate19_3,1,human,agent,0.43,20,311
deepseek-r1_prompt2_debate19_4,1,human,agent,0.46,20,297
deepseek-r1_prompt2_debate19_5,1,human,agent,0.51,20,323
deepseek-r1_prompt3_debate19_1,1,human,agent,0.54,16,326
deepseek-r1_prompt3_debate19_2,1,human,agent,0.39,20,302
deepseek-r1_prompt3_debate19_3,1,human,agent,0.32,20,317
deepseek-r1_prompt3_debate19_4,1,human,agent,0.35,20,317
deepseek-r1_prompt3_debate19_5,1,human,agent,0.41,20,283
deepseek-r1_prompt4_debate19_1,1,human,agent,0.43,16,185
deepseek-r1_prompt4_debate19_2,1,human,agent,0.38,20,269
deepseek-r1_prompt4_debate19_3,1,human,agent,0.42,20,300
deepseek-r1_prompt4_debate19_4,1,human,agent,0.42,20,289
deepseek-r1_prompt4_debate19_5,1,human,agent,0.40,20,313
deepseek-r1_prompt0_debate2_1,1,human,agent,0.39,15,323
deepseek-r1_prompt0_debate2_2,1,human,agent,0.32,20,300
deepseek-r1_prompt0_debate2_3,1,human,agent,0.41,20,304
deepseek-r1_prompt0_debate2_4,1,human,agent,0.45,20,275
deepseek-r1_prompt0_debate2_5,1,human,agent,0.40,20,299
deepseek-r1_prompt1_debate2_1,1,human,agent,0.47,15,221
deepseek-r1_prompt1_debate2_2,1,human,agent,0.39,20,288
deepseek-r1_prompt1_debate2_3,1,human,agent,0.52,20,334
deepseek-r1_prompt1_debate2_4,1,human,agent,0.50,20,323
deepseek-r1_prompt1_debate2_5,1,human,agent,0.46,20,328
deepseek-r1_prompt2_debate2_1,1,human,agent,0.49,15,178
deepseek-r1_prompt2_debate2_2,1,human,agent,0.53,20,277
deepseek-r1_prompt2_debate2_3,1,human,agent,0.50,20,313
deepseek-r1_prompt2_debate2_4,1,human,agent,0.47,20,322
deepseek-r1_prompt2_debate2_5,1,human,agent,0.52,20,333
deepseek-r1_prompt3_debate2_1,1,human,agent,0.30,15,253
deepseek-r1_prompt3_debate2_2,1,human,agent,0.40,20,305
deepseek-r1_prompt3_debate2_3,1,human,agent,0.46,20,326
deepseek-r1_prompt3_debate2_4,1,human,agent,0.42,20,314
deepseek-r1_prompt3_debate2_5,1,human,agent,0.38,20,322
deepseek-r1_prompt4_debate2_1,1,human,agent,0.40,15,240
deepseek-r1_prompt4_debate2_2,1,human,agent,0.52,20,334
deepseek-r1_prompt4_debate2_3,1,human,agent,0.42,20,347
deepseek-r1_prompt4_debate2_4,1,human,agent,0.50,20,345
deepseek-r1_prompt4_debate2_5,1,human,agent,0.44,20,321
deepseek-r1_prompt0_debate20_1,1,human,agent,0.40,13,340
deepseek-r1_prompt0_debate20_2,1,human,agent,0.37,20,289
deepseek-r1_prompt0_debate20_3,1,human,agent,0.31,20,295
deepseek-r1_prompt0_debate20_4,1,human,agent,0.34,20,306
deepseek-r1_prompt0_debate20_5,1,human,agent,0.43,20,287
deepseek-r1_prompt1_debate20_1,1,human,agent,0.30,13,329
deepseek-r1_prompt1_debate20_2,1,human,agent,0.37,20,328
deepseek-r1_prompt1_debate20_3,1,human,agent,0.38,20,308
deepseek-r1_prompt1_debate20_4,1,human,agent,0.34,20,335
deepseek-r1_prompt1_debate20_5,1,human,agent,0.41,20,324
deepseek-r1_prompt2_debate20_1,1,human,agent,0.44,13,114
deepseek-r1_prompt2_debate20_2,1,human,agent,0.45,20,279
deepseek-r1_prompt2_debate20_3,1,human,agent,0.50,20,325
deepseek-r1_prompt2_debate20_4,1,human,agent,0.46,20,355
deepseek-r1_prompt2_debate20_5,1,human,agent,0.48,20,332
deepseek-r1_prompt3_debate20_1,1,human,agent,0.39,13,327
deepseek-r1_prompt3_debate20_2,1,human,agent,0.39,20,287
deepseek-r1_prompt3_debate20_3,1,human,agent,0.39,20,341
deepseek-r1_prompt3_debate20_4,1,human,agent,0.40,20,327
deepseek-r1_prompt3_debate20_5,1,human,agent,0.40,20,313
deepseek-r1_prompt4_debate20_1,1,human,agent,0.35,13,278
deepseek-r1_prompt4_debate20_2,1,human,agent,0.46,20,288
deepseek-r1_prompt4_debate20_3,1,human,agent,0.35,20,293
deepseek-r1_prompt4_debate20_4,1,human,agent,0.39,20,294
deepseek-r1_prompt4_debate20_5,1,human,agent,0.62,20,273
deepseek-r1_prompt0_debate21_1,1,human,agent,0.47,14,290
deepseek-r1_prompt0_debate21_2,1,human,agent,0.43,20,288
deepseek-r1_prompt0_debate21_3,1,human,agent,0.43,20,345
deepseek-r1_prompt0_debate21_4,1,human,agent,0.45,20,314
deepseek-r1_prompt0_debate21_5,1,human,agent,0.48,20,337
deepseek-r1_prompt1_debate21_1,1,human,agent,0.50,14,349
deepseek-r1_prompt1_debate21_2,1,human,agent,0.38,20,307
deepseek-r1_prompt1_debate21_3,1,human,agent,0.43,20,311
deepseek-r1_prompt1_debate21_4,1,human,agent,0.43,20,343
deepseek-r1_prompt1_debate21_5,1,human,agent,0.39,20,326
deepseek-r1_prompt2_debate21_1,1,human,agent,0.38,14,224
deepseek-r1_prompt2_debate21_2,1,human,agent,0.51,20,300
deepseek-r1_prompt2_debate21_3,1,human,agent,0.49,20,317
deepseek-r1_prompt2_debate21_4,1,human,agent,0.41,20,283
deepseek-r1_prompt2_debate21_5,1,human,agent,0.52,20,329
deepseek-r1_prompt3_debate21_1,1,human,agent,0.48,14,298
deepseek-r1_prompt3_debate21_2,1,human,agent,0.50,20,293
deepseek-r1_prompt3_debate21_3,1,human,agent,0.39,20,331
deepseek-r1_prompt3_debate21_4,1,human,agent,0.42,20,323
deepseek-r1_prompt3_debate21_5,1,human,agent,0.42,20,319
deepseek-r1_prompt4_debate21_1,1,human,agent,0.40,14,139
deepseek-r1_prompt4_debate21_2,1,human,agent,0.43,20,310
deepseek-r1_prompt4_debate21_3,1,human,agent,0.45,20,316
deepseek-r1_prompt4_debate21_4,1,human,agent,0.44,20,327
deepseek-r1_prompt4_debate21_5,1,human,agent,0.47,20,352
deepseek-r1_prompt0_debate22_1,1,human,agent,0.40,16,301
deepseek-r1_prompt0_debate22_2,1,human,agent,0.49,20,279
deepseek-r1_prompt0_debate22_3,1,human,agent,0.45,20,315
deepseek-r1_prompt0_debate22_4,1,human,agent,0.43,20,299
deepseek-r1_prompt0_debate22_5,1,human,agent,0.39,20,280
deepseek-r1_prompt1_debate22_1,1,human,agent,0.42,16,312
deepseek-r1_prompt1_debate22_2,1,human,agent,0.29,20,327
deepseek-r1_prompt1_debate22_3,1,human,agent,0.40,20,311
deepseek-r1_prompt1_debate22_4,1,human,agent,0.51,20,326
deepseek-r1_prompt1_debate22_5,1,human,agent,0.46,20,306
deepseek-r1_prompt2_debate22_1,1,human,agent,0.30,16,184
deepseek-r1_prompt2_debate22_2,1,human,agent,0.46,20,346
deepseek-r1_prompt2_debate22_3,1,human,agent,0.51,20,320
deepseek-r1_prompt2_debate22_4,1,human,agent,0.47,20,314
deepseek-r1_prompt2_debate22_5,1,human,agent,0.47,20,315
deepseek-r1_prompt3_debate22_1,1,human,agent,0.40,16,259
deepseek-r1_prompt3_debate22_2,1,human,agent,0.41,20,302
deepseek-r1_prompt3_debate22_3,1,human,agent,0.36,20,312
deepseek-r1_prompt3_debate22_4,1,human,agent,0.45,20,325
deepseek-r1_prompt3_debate22_5,1,human,agent,0.37,20,298
deepseek-r1_prompt4_debate22_1,1,human,agent,0.32,16,188
deepseek-r1_prompt4_debate22_2,1,human,agent,0.31,20,333
deepseek-r1_prompt4_debate22_3,1,human,agent,0.43,20,282
deepseek-r1_prompt4_debate22_4,1,human,agent,0.42,20,290
deepseek-r1_prompt4_debate22_5,1,human,agent,0.44,20,256
deepseek-r1_prompt0_debate23_1,1,human,agent,0.26,19,339
deepseek-r1_prompt0_debate23_2,1,human,agent,0.39,20,334
deepseek-r1_prompt0_debate23_3,1,human,agent,0.44,20,298
deepseek-r1_prompt0_debate23_4,1,human,agent,0.47,20,309
deepseek-r1_prompt0_debate23_5,1,human,agent,0.49,20,330
deepseek-r1_prompt1_debate23_1,1,human,agent,0.25,19,318
deepseek-r1_prompt1_debate23_2,1,human,agent,0.42,20,306
deepseek-r1_prompt1_debate23_3,1,human,agent,0.52,20,336
deepseek-r1_prompt1_debate23_4,1,human,agent,0.45,20,340
deepseek-r1_prompt1_debate23_5,1,human,agent,0.44,20,310
deepseek-r1_prompt2_debate23_1,1,human,agent,0.32,19,247
deepseek-r1_prompt2_debate23_2,1,human,agent,0.43,20,314
deepseek-r1_prompt2_debate23_3,1,human,agent,0.46,20,314
deepseek-r1_prompt2_debate23_4,1,human,agent,0.38,20,302
deepseek-r1_prompt2_debate23_5,1,human,agent,0.49,20,336
deepseek-r1_prompt3_debate23_1,1,human,agent,0.26,19,274
deepseek-r1_prompt3_debate23_2,1,human,agent,0.40,20,320
deepseek-r1_prompt3_debate23_3,1,human,agent,0.47,20,311
deepseek-r1_prompt3_debate23_4,1,human,agent,0.49,20,305
deepseek-r1_prompt3_debate23_5,1,human,agent,0.48,20,336
deepseek-r1_prompt4_debate23_1,1,human,agent,0.29,19,248
deepseek-r1_prompt4_debate23_2,1,human,agent,0.46,20,304
deepseek-r1_prompt4_debate23_3,1,human,agent,0.44,20,293
deepseek-r1_prompt4_debate23_4,1,human,agent,0.48,20,325
deepseek-r1_prompt4_debate23_5,1,human,agent,0.47,20,332
deepseek-r1_prompt0_debate24_1,1,human,agent,0.40,16,296
deepseek-r1_prompt0_debate24_2,1,human,agent,0.33,20,316
deepseek-r1_prompt0_debate24_3,1,human,agent,0.39,20,328
deepseek-r1_prompt0_debate24_4,1,human,agent,0.40,20,307
deepseek-r1_prompt0_debate24_5,1,human,agent,0.41,20,314
deepseek-r1_prompt1_debate24_1,1,human,agent,0.44,16,322
deepseek-r1_prompt1_debate24_2,1,human,agent,0.37,20,310
deepseek-r1_prompt1_debate24_3,1,human,agent,0.43,20,319
deepseek-r1_prompt1_debate24_4,1,human,agent,0.42,20,300
deepseek-r1_prompt1_debate24_5,1,human,agent,0.35,20,298
deepseek-r1_prompt2_debate24_1,1,human,agent,0.32,16,216
deepseek-r1_prompt2_debate24_2,1,human,agent,0.47,20,298
deepseek-r1_prompt2_debate24_3,1,human,agent,0.47,20,323
deepseek-r1_prompt2_debate24_4,1,human,agent,0.49,20,293
deepseek-r1_prompt2_debate24_5,1,human,agent,0.50,20,288
deepseek-r1_prompt3_debate24_1,1,human,agent,0.40,16,254
deepseek-r1_prompt3_debate24_2,1,human,agent,0.28,20,298
deepseek-r1_prompt3_debate24_3,1,human,agent,0.39,20,294
deepseek-r1_prompt3_debate24_4,1,human,agent,0.43,20,333
deepseek-r1_prompt3_debate24_5,1,human,agent,0.39,20,299
deepseek-r1_prompt4_debate24_1,1,human,agent,0.35,16,127
deepseek-r1_prompt4_debate24_2,1,human,agent,0.40,20,307
deepseek-r1_prompt4_debate24_3,1,human,agent,0.46,20,271
deepseek-r1_prompt4_debate24_4,1,human,agent,0.45,20,308
deepseek-r1_prompt4_debate24_5,1,human,agent,0.47,20,311
deepseek-r1_prompt0_debate25_1,1,human,agent,0.59,13,332
deepseek-r1_prompt0_debate25_2,1,human,agent,0.34,20,316
deepseek-r1_prompt0_debate25_3,1,human,agent,0.42,20,340
deepseek-r1_prompt0_debate25_4,1,human,agent,0.39,20,274
deepseek-r1_prompt0_debate25_5,1,human,agent,0.36,20,288
deepseek-r1_prompt1_debate25_1,1,human,agent,0.48,13,323
deepseek-r1_prompt1_debate25_2,1,human,agent,0.26,20,310
deepseek-r1_prompt1_debate25_3,1,human,agent,0.38,20,312
deepseek-r1_prompt1_debate25_4,1,human,agent,0.34,20,311
deepseek-r1_prompt1_debate25_5,1,human,agent,0.35,20,326
deepseek-r1_prompt2_debate25_1,1,human,agent,0.42,13,133
deepseek-r1_prompt2_debate25_2,1,human,agent,0.42,20,291
deepseek-r1_prompt2_debate25_3,1,human,agent,0.40,20,339
deepseek-r1_prompt2_debate25_4,1,human,agent,0.37,20,326
deepseek-r1_prompt2_debate25_5,1,human,agent,0.44,20,339
deepseek-r1_prompt3_debate25_1,1,human,agent,0.36,13,309
deepseek-r1_prompt3_debate25_2,1,human,agent,0.31,20,323
deepseek-r1_prompt3_debate25_3,1,human,agent,0.42,20,288
deepseek-r1_prompt3_debate25_4,1,human,agent,0.38,20,289
deepseek-r1_prompt3_debate25_5,1,human,agent,0.41,20,288
deepseek-r1_prompt4_debate25_1,1,human,agent,0.44,13,292
deepseek-r1_prompt4_debate25_2,1,human,agent,0.50,20,303
deepseek-r1_prompt4_debate25_3,1,human,agent,0.45,20,349
deepseek-r1_prompt4_debate25_4,1,human,agent,0.46,20,307
deepseek-r1_prompt4_debate25_5,1,human,agent,0.41,20,326
deepseek-r1_prompt0_debate26_1,1,human,agent,0.57,21,375
deepseek-r1_prompt0_debate26_2,1,human,agent,0.47,20,290
deepseek-r1_prompt0_debate26_3,1,human,agent,0.48,20,309
deepseek-r1_prompt0_debate26_4,1,human,agent,0.45,20,330
deepseek-r1_prompt0_debate26_5,1,human,agent,0.47,20,322
deepseek-r1_prompt1_debate26_1,1,human,agent,0.60,21,339
deepseek-r1_prompt1_debate26_2,1,human,agent,0.41,20,302
deepseek-r1_prompt1_debate26_3,1,human,agent,0.43,20,326
deepseek-r1_prompt1_debate26_4,1,human,agent,0.46,20,331
deepseek-r1_prompt1_debate26_5,1,human,agent,0.46,20,322
deepseek-r1_prompt2_debate26_1,1,human,agent,0.46,21,207
deepseek-r1_prompt2_debate26_2,1,human,agent,0.56,20,280
deepseek-r1_prompt2_debate26_3,1,human,agent,0.51,20,260
deepseek-r1_prompt2_debate26_4,1,human,agent,0.57,20,288
deepseek-r1_prompt2_debate26_5,1,human,agent,0.50,20,344
deepseek-r1_prompt3_debate26_1,1,human,agent,0.43,21,346
deepseek-r1_prompt3_debate26_2,1,human,agent,0.46,20,288
deepseek-r1_prompt3_debate26_3,1,human,agent,0.44,20,300
deepseek-r1_prompt3_debate26_4,1,human,agent,0.51,20,312
deepseek-r1_prompt3_debate26_5,1,human,agent,0.49,20,320
deepseek-r1_prompt4_debate26_1,1,human,agent,0.54,21,370
deepseek-r1_prompt4_debate26_2,1,human,agent,0.52,20,335
deepseek-r1_prompt4_debate26_3,1,human,agent,0.51,20,331
deepseek-r1_prompt4_debate26_4,1,human,agent,0.53,20,310
deepseek-r1_prompt4_debate26_5,1,human,agent,0.50,20,344
deepseek-r1_prompt0_debate27_1,1,human,agent,0.26,16,334
deepseek-r1_prompt0_debate27_2,1,human,agent,0.40,20,350
deepseek-r1_prompt0_debate27_3,1,human,agent,0.32,20,300
deepseek-r1_prompt0_debate27_4,1,human,agent,0.35,20,308
deepseek-r1_prompt0_debate27_5,1,human,agent,0.39,20,291
deepseek-r1_prompt1_debate27_1,1,human,agent,0.28,16,295
deepseek-r1_prompt1_debate27_2,1,human,agent,0.41,20,331
deepseek-r1_prompt1_debate27_3,1,human,agent,0.46,20,296
deepseek-r1_prompt1_debate27_4,1,human,agent,0.46,20,306
deepseek-r1_prompt1_debate27_5,1,human,agent,0.40,20,272
deepseek-r1_prompt2_debate27_1,1,human,agent,0.29,16,199
deepseek-r1_prompt2_debate27_2,1,human,agent,0.46,20,290
deepseek-r1_prompt2_debate27_3,1,human,agent,0.49,20,334
deepseek-r1_prompt2_debate27_4,1,human,agent,0.52,20,332
deepseek-r1_prompt2_debate27_5,1,human,agent,0.46,20,302
deepseek-r1_prompt3_debate27_1,1,human,agent,0.24,16,337
deepseek-r1_prompt3_debate27_2,1,human,agent,0.36,20,291
deepseek-r1_prompt3_debate27_3,1,human,agent,0.40,20,309
deepseek-r1_prompt3_debate27_4,1,human,agent,0.41,20,273
deepseek-r1_prompt3_debate27_5,1,human,agent,0.44,20,319
deepseek-r1_prompt4_debate27_1,1,human,agent,0.41,16,149
deepseek-r1_prompt4_debate27_2,1,human,agent,0.48,20,317
deepseek-r1_prompt4_debate27_3,1,human,agent,0.51,20,301
deepseek-r1_prompt4_debate27_4,1,human,agent,0.54,20,313
deepseek-r1_prompt4_debate27_5,1,human,agent,0.43,20,344
deepseek-r1_prompt0_debate28_1,1,human,agent,0.33,13,324
deepseek-r1_prompt0_debate28_2,1,human,agent,0.40,20,314
deepseek-r1_prompt0_debate28_3,1,human,agent,0.42,20,291
deepseek-r1_prompt0_debate28_4,1,human,agent,0.45,20,304
deepseek-r1_prompt0_debate28_5,1,human,agent,0.41,20,316
deepseek-r1_prompt1_debate28_1,1,human,agent,0.49,13,300
deepseek-r1_prompt1_debate28_2,1,human,agent,0.36,20,284
deepseek-r1_prompt1_debate28_3,1,human,agent,0.40,20,296
deepseek-r1_prompt1_debate28_4,1,human,agent,0.44,20,332
deepseek-r1_prompt1_debate28_5,1,human,agent,0.46,20,320
deepseek-r1_prompt2_debate28_1,1,human,agent,0.29,13,139
deepseek-r1_prompt2_debate28_2,1,human,agent,0.50,20,309
deepseek-r1_prompt2_debate28_3,1,human,agent,0.53,20,304
deepseek-r1_prompt2_debate28_4,1,human,agent,0.51,20,318
deepseek-r1_prompt2_debate28_5,1,human,agent,0.51,20,333
deepseek-r1_prompt3_debate28_1,1,human,agent,0.29,13,319
deepseek-r1_prompt3_debate28_2,1,human,agent,0.38,20,309
deepseek-r1_prompt3_debate28_3,1,human,agent,0.36,20,320
deepseek-r1_prompt3_debate28_4,1,human,agent,0.44,20,326
deepseek-r1_prompt3_debate28_5,1,human,agent,0.39,20,291
deepseek-r1_prompt4_debate28_1,1,human,agent,0.43,13,178
deepseek-r1_prompt4_debate28_2,1,human,agent,0.47,20,284
deepseek-r1_prompt4_debate28_3,1,human,agent,0.52,20,336
deepseek-r1_prompt4_debate28_4,1,human,agent,0.50,20,338
deepseek-r1_prompt4_debate28_5,1,human,agent,0.52,20,302
deepseek-r1_prompt0_debate29_1,1,human,agent,0.18,15,239
deepseek-r1_prompt0_debate29_2,1,human,agent,0.35,20,280
deepseek-r1_prompt0_debate29_3,1,human,agent,0.48,20,307
deepseek-r1_prompt0_debate29_4,1,human,agent,0.41,20,322
deepseek-r1_prompt0_debate29_5,1,human,agent,0.42,20,301
deepseek-r1_prompt1_debate29_1,1,human,agent,0.18,15,214
deepseek-r1_prompt1_debate29_2,1,human,agent,0.50,20,319
deepseek-r1_prompt1_debate29_3,1,human,agent,0.52,20,326
deepseek-r1_prompt1_debate29_4,1,human,agent,0.50,20,292
deepseek-r1_prompt1_debate29_5,1,human,agent,0.44,20,289
deepseek-r1_prompt2_debate29_1,1,human,agent,0.28,15,127
deepseek-r1_prompt2_debate29_2,1,human,agent,0.54,20,266
deepseek-r1_prompt2_debate29_3,1,human,agent,0.55,20,310
deepseek-r1_prompt2_debate29_4,1,human,agent,0.47,20,279
deepseek-r1_prompt2_debate29_5,1,human,agent,0.50,20,282
deepseek-r1_prompt3_debate29_1,1,human,agent,0.20,15,271
deepseek-r1_prompt3_debate29_2,1,human,agent,0.43,20,323
deepseek-r1_prompt3_debate29_3,1,human,agent,0.46,20,328
deepseek-r1_prompt3_debate29_4,1,human,agent,0.51,20,315
deepseek-r1_prompt3_debate29_5,1,human,agent,0.48,20,343
deepseek-r1_prompt4_debate29_1,1,human,agent,0.23,15,167
deepseek-r1_prompt4_debate29_2,1,human,agent,0.56,20,328
deepseek-r1_prompt4_debate29_3,1,human,agent,0.54,20,340
deepseek-r1_prompt4_debate29_4,1,human,agent,0.57,20,291
deepseek-r1_prompt4_debate29_5,1,human,agent,0.59,20,325
deepseek-r1_prompt0_debate3_1,1,human,agent,0.35,17,315
deepseek-r1_prompt0_debate3_2,1,human,agent,0.43,20,322
deepseek-r1_prompt0_debate3_3,1,human,agent,0.38,20,306
deepseek-r1_prompt0_debate3_4,1,human,agent,0.41,20,317
deepseek-r1_prompt0_debate3_5,1,human,agent,0.33,20,265
deepseek-r1_prompt1_debate3_1,1,human,agent,0.38,17,318
deepseek-r1_prompt1_debate3_2,1,human,agent,0.39,20,268
deepseek-r1_prompt1_debate3_3,1,human,agent,0.42,20,327
deepseek-r1_prompt1_debate3_4,1,human,agent,0.38,20,276
deepseek-r1_prompt1_debate3_5,1,human,agent,0.35,20,295
deepseek-r1_prompt2_debate3_1,1,human,agent,0.39,17,190
deepseek-r1_prompt2_debate3_2,1,human,agent,0.42,20,293
deepseek-r1_prompt2_debate3_3,1,human,agent,0.46,20,292
deepseek-r1_prompt2_debate3_4,1,human,agent,0.44,20,298
deepseek-r1_prompt2_debate3_5,1,human,agent,0.47,20,303
deepseek-r1_prompt3_debate3_1,1,human,agent,0.36,17,309
deepseek-r1_prompt3_debate3_2,1,human,agent,0.36,20,309
deepseek-r1_prompt3_debate3_3,1,human,agent,0.43,20,322
deepseek-r1_prompt3_debate3_4,1,human,agent,0.42,20,303
deepseek-r1_prompt3_debate3_5,1,human,agent,0.39,20,294
deepseek-r1_prompt4_debate3_1,1,human,agent,0.40,17,245
deepseek-r1_prompt4_debate3_2,1,human,agent,0.38,20,303
deepseek-r1_prompt4_debate3_3,1,human,agent,0.39,20,326
deepseek-r1_prompt4_debate3_4,1,human,agent,0.47,20,317
deepseek-r1_prompt4_debate3_5,1,human,agent,0.37,20,318
deepseek-r1_prompt0_debate30_1,1,human,agent,0.23,13,353
deepseek-r1_prompt0_debate30_2,1,human,agent,0.35,20,318
deepseek-r1_prompt0_debate30_3,1,human,agent,0.36,20,349
deepseek-r1_prompt0_debate30_4,1,human,agent,0.35,20,331
deepseek-r1_prompt0_debate30_5,1,human,agent,0.28,20,344
deepseek-r1_prompt1_debate30_1,1,human,agent,0.24,13,367
deepseek-r1_prompt1_debate30_2,1,human,agent,0.47,20,303
deepseek-r1_prompt1_debate30_3,1,human,agent,0.36,20,335
deepseek-r1_prompt1_debate30_4,1,human,agent,0.41,20,342
deepseek-r1_prompt1_debate30_5,1,human,agent,0.39,20,335
deepseek-r1_prompt2_debate30_1,1,human,agent,0.24,13,187
deepseek-r1_prompt2_debate30_2,1,human,agent,0.44,20,309
deepseek-r1_prompt2_debate30_3,1,human,agent,0.42,20,316
deepseek-r1_prompt2_debate30_4,1,human,agent,0.50,20,333
deepseek-r1_prompt2_debate30_5,1,human,agent,0.48,20,324
deepseek-r1_prompt3_debate30_1,1,human,agent,0.36,13,374
deepseek-r1_prompt3_debate30_2,1,human,agent,0.34,20,304
deepseek-r1_prompt3_debate30_3,1,human,agent,0.34,20,319
deepseek-r1_prompt3_debate30_4,1,human,agent,0.39,20,301
deepseek-r1_prompt3_debate30_5,1,human,agent,0.38,20,331
deepseek-r1_prompt4_debate30_1,1,human,agent,0.25,13,169
deepseek-r1_prompt4_debate30_2,1,human,agent,0.50,20,279
deepseek-r1_prompt4_debate30_3,1,human,agent,0.37,20,326
deepseek-r1_prompt4_debate30_4,1,human,agent,0.37,20,306
deepseek-r1_prompt4_debate30_5,1,human,agent,0.46,20,334
deepseek-r1_prompt0_debate31_1,1,human,agent,0.31,13,284
deepseek-r1_prompt0_debate31_2,1,human,agent,0.44,20,283
deepseek-r1_prompt0_debate31_3,1,human,agent,0.43,20,312
deepseek-r1_prompt0_debate31_4,1,human,agent,0.37,20,333
deepseek-r1_prompt0_debate31_5,1,human,agent,0.40,20,309
deepseek-r1_prompt1_debate31_1,1,human,agent,0.36,13,260
deepseek-r1_prompt1_debate31_2,1,human,agent,0.39,20,287
deepseek-r1_prompt1_debate31_3,1,human,agent,0.44,20,313
deepseek-r1_prompt1_debate31_4,1,human,agent,0.42,20,297
deepseek-r1_prompt1_debate31_5,1,human,agent,0.44,20,313
deepseek-r1_prompt2_debate31_1,1,human,agent,0.24,13,190
deepseek-r1_prompt2_debate31_2,1,human,agent,0.55,20,280
deepseek-r1_prompt2_debate31_3,1,human,agent,0.49,20,307
deepseek-r1_prompt2_debate31_4,1,human,agent,0.52,20,298
deepseek-r1_prompt2_debate31_5,1,human,agent,0.52,20,288
deepseek-r1_prompt3_debate31_1,1,human,agent,0.33,13,250
deepseek-r1_prompt3_debate31_2,1,human,agent,0.42,20,330
deepseek-r1_prompt3_debate31_3,1,human,agent,0.41,20,330
deepseek-r1_prompt3_debate31_4,1,human,agent,0.37,20,316
deepseek-r1_prompt3_debate31_5,1,human,agent,0.37,20,289
deepseek-r1_prompt4_debate31_1,1,human,agent,0.25,13,174
deepseek-r1_prompt4_debate31_2,1,human,agent,0.50,20,292
deepseek-r1_prompt4_debate31_3,1,human,agent,0.46,20,307
deepseek-r1_prompt4_debate31_4,1,human,agent,0.56,20,312
deepseek-r1_prompt4_debate31_5,1,human,agent,0.47,20,262
deepseek-r1_prompt0_debate32_1,1,human,agent,0.49,15,354
deepseek-r1_prompt0_debate32_2,1,human,agent,0.35,20,279
deepseek-r1_prompt0_debate32_3,1,human,agent,0.35,20,315
deepseek-r1_prompt0_debate32_4,1,human,agent,0.42,20,323
deepseek-r1_prompt0_debate32_5,1,human,agent,0.38,20,307
deepseek-r1_prompt1_debate32_1,1,human,agent,0.48,15,277
deepseek-r1_prompt1_debate32_2,1,human,agent,0.36,20,312
deepseek-r1_prompt1_debate32_3,1,human,agent,0.37,20,316
deepseek-r1_prompt1_debate32_4,1,human,agent,0.34,20,308
deepseek-r1_prompt1_debate32_5,1,human,agent,0.30,20,304
deepseek-r1_prompt2_debate32_1,1,human,agent,0.36,15,204
deepseek-r1_prompt2_debate32_2,1,human,agent,0.41,20,288
deepseek-r1_prompt2_debate32_3,1,human,agent,0.33,20,311
deepseek-r1_prompt2_debate32_4,1,human,agent,0.48,20,300
deepseek-r1_prompt2_debate32_5,1,human,agent,0.46,20,288
deepseek-r1_prompt3_debate32_1,1,human,agent,0.58,15,294
deepseek-r1_prompt3_debate32_2,1,human,agent,0.31,20,301
deepseek-r1_prompt3_debate32_3,1,human,agent,0.37,20,317
deepseek-r1_prompt3_debate32_4,1,human,agent,0.35,20,301
deepseek-r1_prompt3_debate32_5,1,human,agent,0.36,20,301
deepseek-r1_prompt4_debate32_1,1,human,agent,0.35,15,238
deepseek-r1_prompt4_debate32_2,1,human,agent,0.46,20,290
deepseek-r1_prompt4_debate32_3,1,human,agent,0.37,20,302
deepseek-r1_prompt4_debate32_4,1,human,agent,0.38,20,305
deepseek-r1_prompt4_debate32_5,1,human,agent,0.46,20,312
deepseek-r1_prompt0_debate33_1,1,human,agent,0.34,11,237
deepseek-r1_prompt0_debate33_2,1,human,agent,0.41,20,310
deepseek-r1_prompt0_debate33_3,1,human,agent,0.39,20,326
deepseek-r1_prompt0_debate33_4,1,human,agent,0.36,20,312
deepseek-r1_prompt0_debate33_5,1,human,agent,0.46,20,318
deepseek-r1_prompt1_debate33_1,1,human,agent,0.34,11,258
deepseek-r1_prompt1_debate33_2,1,human,agent,0.44,20,312
deepseek-r1_prompt1_debate33_3,1,human,agent,0.43,20,277
deepseek-r1_prompt1_debate33_4,1,human,agent,0.42,20,264
deepseek-r1_prompt1_debate33_5,1,human,agent,0.38,20,260
deepseek-r1_prompt2_debate33_1,1,human,agent,0.38,11,144
deepseek-r1_prompt2_debate33_2,1,human,agent,0.42,20,315
deepseek-r1_prompt2_debate33_3,1,human,agent,0.45,20,338
deepseek-r1_prompt2_debate33_4,1,human,agent,0.42,20,322
deepseek-r1_prompt2_debate33_5,1,human,agent,0.50,20,320
deepseek-r1_prompt3_debate33_1,1,human,agent,0.45,11,286
deepseek-r1_prompt3_debate33_2,1,human,agent,0.41,20,284
deepseek-r1_prompt3_debate33_3,1,human,agent,0.36,20,323
deepseek-r1_prompt3_debate33_4,1,human,agent,0.35,20,293
deepseek-r1_prompt3_debate33_5,1,human,agent,0.36,20,263
deepseek-r1_prompt4_debate33_1,1,human,agent,0.34,11,131
deepseek-r1_prompt4_debate33_2,1,human,agent,0.49,20,315
deepseek-r1_prompt4_debate33_3,1,human,agent,0.45,20,347
deepseek-r1_prompt4_debate33_4,1,human,agent,0.43,20,319
deepseek-r1_prompt4_debate33_5,1,human,agent,0.44,20,348
deepseek-r1_prompt0_debate34_1,1,human,agent,0.26,14,332
deepseek-r1_prompt0_debate34_2,1,human,agent,0.44,20,301
deepseek-r1_prompt0_debate34_3,1,human,agent,0.46,20,325
deepseek-r1_prompt0_debate34_4,1,human,agent,0.46,20,299
deepseek-r1_prompt0_debate34_5,1,human,agent,0.45,20,295
deepseek-r1_prompt1_debate34_1,1,human,agent,0.22,14,298
deepseek-r1_prompt1_debate34_2,1,human,agent,0.46,20,316
deepseek-r1_prompt1_debate34_3,1,human,agent,0.46,20,330
deepseek-r1_prompt1_debate34_4,1,human,agent,0.54,20,333
deepseek-r1_prompt1_debate34_5,1,human,agent,0.48,20,309
deepseek-r1_prompt2_debate34_1,1,human,agent,0.29,14,278
deepseek-r1_prompt2_debate34_2,1,human,agent,0.57,20,324
deepseek-r1_prompt2_debate34_3,1,human,agent,0.57,20,297
deepseek-r1_prompt2_debate34_4,1,human,agent,0.49,20,301
deepseek-r1_prompt2_debate34_5,1,human,agent,0.51,20,323
deepseek-r1_prompt3_debate34_1,1,human,agent,0.23,14,277
deepseek-r1_prompt3_debate34_2,1,human,agent,0.38,20,284
deepseek-r1_prompt3_debate34_3,1,human,agent,0.45,20,345
deepseek-r1_prompt3_debate34_4,1,human,agent,0.44,20,333
deepseek-r1_prompt3_debate34_5,1,human,agent,0.40,20,331
deepseek-r1_prompt4_debate34_1,1,human,agent,0.27,14,292
deepseek-r1_prompt4_debate34_2,1,human,agent,0.53,20,301
deepseek-r1_prompt4_debate34_3,1,human,agent,0.51,20,294
deepseek-r1_prompt4_debate34_4,1,human,agent,0.42,20,292
deepseek-r1_prompt4_debate34_5,1,human,agent,0.45,20,304
deepseek-r1_prompt0_debate35_1,1,human,agent,0.30,14,352
deepseek-r1_prompt0_debate35_2,1,human,agent,0.42,20,290
deepseek-r1_prompt0_debate35_3,1,human,agent,0.48,20,293
deepseek-r1_prompt0_debate35_4,1,human,agent,0.44,20,308
deepseek-r1_prompt0_debate35_5,1,human,agent,0.46,20,317
deepseek-r1_prompt1_debate35_1,1,human,agent,0.41,14,320
deepseek-r1_prompt1_debate35_2,1,human,agent,0.40,20,311
deepseek-r1_prompt1_debate35_3,1,human,agent,0.47,20,325
deepseek-r1_prompt1_debate35_4,1,human,agent,0.45,20,316
deepseek-r1_prompt1_debate35_5,1,human,agent,0.42,20,320
deepseek-r1_prompt2_debate35_1,1,human,agent,0.36,14,134
deepseek-r1_prompt2_debate35_2,1,human,agent,0.52,20,313
deepseek-r1_prompt2_debate35_3,1,human,agent,0.47,20,335
deepseek-r1_prompt2_debate35_4,1,human,agent,0.51,20,326
deepseek-r1_prompt2_debate35_5,1,human,agent,0.50,20,297
deepseek-r1_prompt3_debate35_1,1,human,agent,0.42,14,304
deepseek-r1_prompt3_debate35_2,1,human,agent,0.40,20,282
deepseek-r1_prompt3_debate35_3,1,human,agent,0.39,20,326
deepseek-r1_prompt3_debate35_4,1,human,agent,0.48,20,320
deepseek-r1_prompt3_debate35_5,1,human,agent,0.40,20,330
deepseek-r1_prompt4_debate35_1,1,human,agent,0.35,14,191
deepseek-r1_prompt4_debate35_2,1,human,agent,0.52,20,270
deepseek-r1_prompt4_debate35_3,1,human,agent,0.51,20,267
deepseek-r1_prompt4_debate35_4,1,human,agent,0.52,20,306
deepseek-r1_prompt4_debate35_5,1,human,agent,0.52,20,301
deepseek-r1_prompt0_debate36_1,1,human,agent,0.24,14,333
deepseek-r1_prompt0_debate36_2,1,human,agent,0.38,20,283
deepseek-r1_prompt0_debate36_3,1,human,agent,0.44,20,293
deepseek-r1_prompt0_debate36_4,1,human,agent,0.44,20,317
deepseek-r1_prompt0_debate36_5,1,human,agent,0.46,20,325
deepseek-r1_prompt1_debate36_1,1,human,agent,0.22,14,299
deepseek-r1_prompt1_debate36_2,1,human,agent,0.39,20,291
deepseek-r1_prompt1_debate36_3,1,human,agent,0.42,20,316
deepseek-r1_prompt1_debate36_4,1,human,agent,0.42,20,306
deepseek-r1_prompt1_debate36_5,1,human,agent,0.42,20,320
deepseek-r1_prompt2_debate36_1,1,human,agent,0.28,14,216
deepseek-r1_prompt2_debate36_2,1,human,agent,0.51,20,302
deepseek-r1_prompt2_debate36_3,1,human,agent,0.47,20,320
deepseek-r1_prompt2_debate36_4,1,human,agent,0.53,20,337
deepseek-r1_prompt2_debate36_5,1,human,agent,0.52,20,300
deepseek-r1_prompt3_debate36_1,1,human,agent,0.20,14,244
deepseek-r1_prompt3_debate36_2,1,human,agent,0.35,20,293
deepseek-r1_prompt3_debate36_3,1,human,agent,0.41,20,311
deepseek-r1_prompt3_debate36_4,1,human,agent,0.34,20,324
deepseek-r1_prompt3_debate36_5,1,human,agent,0.38,20,352
deepseek-r1_prompt4_debate36_1,1,human,agent,0.24,14,241
deepseek-r1_prompt4_debate36_2,1,human,agent,0.51,20,302
deepseek-r1_prompt4_debate36_3,1,human,agent,0.45,20,322
deepseek-r1_prompt4_debate36_4,1,human,agent,0.47,20,320
deepseek-r1_prompt4_debate36_5,1,human,agent,0.50,20,325
deepseek-r1_prompt0_debate37_1,1,human,agent,0.38,15,328
deepseek-r1_prompt0_debate37_2,1,human,agent,0.43,20,351
deepseek-r1_prompt0_debate37_3,1,human,agent,0.41,20,331
deepseek-r1_prompt0_debate37_4,1,human,agent,0.46,20,343
deepseek-r1_prompt0_debate37_5,1,human,agent,0.45,20,337
deepseek-r1_prompt1_debate37_1,1,human,agent,0.38,15,343
deepseek-r1_prompt1_debate37_2,1,human,agent,0.45,20,282
deepseek-r1_prompt1_debate37_3,1,human,agent,0.44,20,320
deepseek-r1_prompt1_debate37_4,1,human,agent,0.48,20,316
deepseek-r1_prompt1_debate37_5,1,human,agent,0.49,20,313
deepseek-r1_prompt2_debate37_1,1,human,agent,0.27,15,154
deepseek-r1_prompt2_debate37_2,1,human,agent,0.54,20,289
deepseek-r1_prompt2_debate37_3,1,human,agent,0.52,20,285
deepseek-r1_prompt2_debate37_4,1,human,agent,0.50,20,302
deepseek-r1_prompt2_debate37_5,1,human,agent,0.52,20,317
deepseek-r1_prompt3_debate37_1,1,human,agent,0.24,15,297
deepseek-r1_prompt3_debate37_2,1,human,agent,0.46,20,322
deepseek-r1_prompt3_debate37_3,1,human,agent,0.44,20,317
deepseek-r1_prompt3_debate37_4,1,human,agent,0.45,20,343
deepseek-r1_prompt3_debate37_5,1,human,agent,0.47,20,333
deepseek-r1_prompt4_debate37_1,1,human,agent,0.27,15,299
deepseek-r1_prompt4_debate37_2,1,human,agent,0.51,20,341
deepseek-r1_prompt4_debate37_3,1,human,agent,0.53,20,303
deepseek-r1_prompt4_debate37_4,1,human,agent,0.56,20,339
deepseek-r1_prompt4_debate37_5,1,human,agent,0.52,20,347
deepseek-r1_prompt0_debate38_1,1
deepseek-r1_prompt0_debate38_2,1,human,agent,0.40,20,324
deepseek-r1_prompt0_debate38_3,1,human,agent,0.40,20,329
deepseek-r1_prompt0_debate38_4,1,human,agent,0.44,20,289
deepseek-r1_prompt0_debate38_5,1,human,agent,0.40,20,306
deepseek-r1_prompt1_debate38_1,1
deepseek-r1_prompt1_debate38_2,1,human,agent,0.41,20,307
deepseek-r1_prompt1_debate38_3,1,human,agent,0.47,20,318
deepseek-r1_prompt1_debate38_4,1,human,agent,0.46,20,317
deepseek-r1_prompt1_debate38_5,1,human,agent,0.44,20,297
deepseek-r1_prompt2_debate38_1,1
deepseek-r1_prompt2_debate38_2,1,human,agent,0.46,20,331
deepseek-r1_prompt2_debate38_3,1,human,agent,0.46,20,336
deepseek-r1_prompt2_debate38_4,1,human,agent,0.40,20,333
deepseek-r1_prompt2_debate38_5,1,human,agent,0.45,20,343
deepseek-r1_prompt3_debate38_1,1
deepseek-r1_prompt3_debate38_2,1,human,agent,0.41,20,298
deepseek-r1_prompt3_debate38_3,1,human,agent,0.47,20,325
deepseek-r1_prompt3_debate38_4,1,human,agent,0.44,20,326
deepseek-r1_prompt3_debate38_5,1,human,agent,0.40,20,295
deepseek-r1_prompt4_debate38_1,1
deepseek-r1_prompt4_debate38_2,1,human,agent,0.46,20,324
deepseek-r1_prompt4_debate38_3,1,human,agent,0.49,20,338
deepseek-r1_prompt4_debate38_4,1,human,agent,0.48,20,341
deepseek-r1_prompt4_debate38_5,1,human,agent,0.45,20,320
deepseek-r1_prompt0_debate39_1,1,human,agent,0.35,14,338
deepseek-r1_prompt0_debate39_2,1,human,agent,0.45,20,287
deepseek-r1_prompt0_debate39_3,1,human,agent,0.44,20,297
deepseek-r1_prompt0_debate39_4,1,human,agent,0.45,20,300
deepseek-r1_prompt0_debate39_5,1,human,agent,0.39,20,317
deepseek-r1_prompt1_debate39_1,1,human,agent,0.33,14,355
deepseek-r1_prompt1_debate39_2,1,human,agent,0.46,20,297
deepseek-r1_prompt1_debate39_3,1,human,agent,0.42,20,333
deepseek-r1_prompt1_debate39_4,1,human,agent,0.46,20,321
deepseek-r1_prompt1_debate39_5,1,human,agent,0.39,20,337
deepseek-r1_prompt2_debate39_1,1,human,agent,0.36,14,162
deepseek-r1_prompt2_debate39_2,1,human,agent,0.44,20,287
deepseek-r1_prompt2_debate39_3,1,human,agent,0.48,20,309
deepseek-r1_prompt2_debate39_4,1,human,agent,0.49,20,319
deepseek-r1_prompt2_debate39_5,1,human,agent,0.49,20,336
deepseek-r1_prompt3_debate39_1,1,human,agent,0.34,14,317
deepseek-r1_prompt3_debate39_2,1,human,agent,0.40,20,301
deepseek-r1_prompt3_debate39_3,1,human,agent,0.40,20,330
deepseek-r1_prompt3_debate39_4,1,human,agent,0.40,20,321
deepseek-r1_prompt3_debate39_5,1,human,agent,0.35,20,305
deepseek-r1_prompt4_debate39_1,1,human,agent,0.36,14,162
deepseek-r1_prompt4_debate39_2,1,human,agent,0.45,20,292
deepseek-r1_prompt4_debate39_3,1,human,agent,0.42,20,278
deepseek-r1_prompt4_debate39_4,1,human,agent,0.48,20,351
deepseek-r1_prompt4_debate39_5,1,human,agent,0.47,20,342
deepseek-r1_prompt0_debate4_1,1,human,agent,0.41,18,360
deepseek-r1_prompt0_debate4_2,1,human,agent,0.36,20,269
deepseek-r1_prompt0_debate4_3,1,human,agent,0.37,20,309
deepseek-r1_prompt0_debate4_4,1,human,agent,0.39,20,312
deepseek-r1_prompt0_debate4_5,1,human,agent,0.37,20,309
deepseek-r1_prompt1_debate4_1,1,human,agent,0.43,18,276
deepseek-r1_prompt1_debate4_2,1,human,agent,0.44,20,296
deepseek-r1_prompt1_debate4_3,1,human,agent,0.38,20,315
deepseek-r1_prompt1_debate4_4,1,human,agent,0.36,20,353
deepseek-r1_prompt1_debate4_5,1,human,agent,0.47,20,341
deepseek-r1_prompt2_debate4_1,1,human,agent,0.51,18,133
deepseek-r1_prompt2_debate4_2,1,human,agent,0.39,20,362
deepseek-r1_prompt2_debate4_3,1,human,agent,0.48,20,338
deepseek-r1_prompt2_debate4_4,1,human,agent,0.42,20,307
deepseek-r1_prompt2_debate4_5,1,human,agent,0.54,20,326
deepseek-r1_prompt3_debate4_1,1,human,agent,0.41,18,349
deepseek-r1_prompt3_debate4_2,1,human,agent,0.34,20,333
deepseek-r1_prompt3_debate4_3,1,human,agent,0.34,20,348
deepseek-r1_prompt3_debate4_4,1,human,agent,0.42,20,327
deepseek-r1_prompt3_debate4_5,1,human,agent,0.29,20,341
deepseek-r1_prompt4_debate4_1,1,human,agent,0.53,18,218
deepseek-r1_prompt4_debate4_2,1,human,agent,0.51,20,297
deepseek-r1_prompt4_debate4_3,1,human,agent,0.43,20,299
deepseek-r1_prompt4_debate4_4,1,human,agent,0.47,20,291
deepseek-r1_prompt4_debate4_5,1,human,agent,0.47,20,294
deepseek-r1_prompt0_debate40_1,1,human,agent,0.34,14,277
deepseek-r1_prompt0_debate40_2,1,human,agent,0.42,20,280
deepseek-r1_prompt0_debate40_3,1,human,agent,0.42,20,308
deepseek-r1_prompt0_debate40_4,1,human,agent,0.46,20,293
deepseek-r1_prompt0_debate40_5,1,human,agent,0.37,20,306
deepseek-r1_prompt1_debate40_1,1,human,agent,0.33,14,324
deepseek-r1_prompt1_debate40_2,1,human,agent,0.45,20,268
deepseek-r1_prompt1_debate40_3,1,human,agent,0.47,20,318
deepseek-r1_prompt1_debate40_4,1,human,agent,0.44,20,298
deepseek-r1_prompt1_debate40_5,1,human,agent,0.45,20,301
deepseek-r1_prompt2_debate40_1,1,human,agent,0.43,14,267
deepseek-r1_prompt2_debate40_2,1,human,agent,0.49,20,282
deepseek-r1_prompt2_debate40_3,1,human,agent,0.50,20,320
deepseek-r1_prompt2_debate40_4,1,human,agent,0.50,20,318
deepseek-r1_prompt2_debate40_5,1,human,agent,0.46,20,298
deepseek-r1_prompt3_debate40_1,1,human,agent,0.37,14,295
deepseek-r1_prompt3_debate40_2,1,human,agent,0.44,20,285
deepseek-r1_prompt3_debate40_3,1,human,agent,0.43,20,292
deepseek-r1_prompt3_debate40_4,1,human,agent,0.43,20,284
deepseek-r1_prompt3_debate40_5,1,human,agent,0.39,20,285
deepseek-r1_prompt4_debate40_1,1,human,agent,0.38,14,132
deepseek-r1_prompt4_debate40_2,1,human,agent,0.45,20,268
deepseek-r1_prompt4_debate40_3,1,human,agent,0.49,20,330
deepseek-r1_prompt4_debate40_4,1,human,agent,0.47,20,317
deepseek-r1_prompt4_debate40_5,1,human,agent,0.51,20,339
deepseek-r1_prompt0_debate41_1,1,human,agent,0.31,15,310
deepseek-r1_prompt0_debate41_2,1,human,agent,0.39,20,285
deepseek-r1_prompt0_debate41_3,1,human,agent,0.44,20,311
deepseek-r1_prompt0_debate41_4,1,human,agent,0.46,20,293
deepseek-r1_prompt0_debate41_5,1,human,agent,0.44,20,346
deepseek-r1_prompt1_debate41_1,1,human,agent,0.34,15,252
deepseek-r1_prompt1_debate41_2,1,human,agent,0.48,20,335
deepseek-r1_prompt1_debate41_3,1,human,agent,0.38,20,351
deepseek-r1_prompt1_debate41_4,1,human,agent,0.41,20,341
deepseek-r1_prompt1_debate41_5,1,human,agent,0.45,20,316
deepseek-r1_prompt2_debate41_1,1,human,agent,0.40,15,164
deepseek-r1_prompt2_debate41_2,1,human,agent,0.46,20,285
deepseek-r1_prompt2_debate41_3,1,human,agent,0.53,20,292
deepseek-r1_prompt2_debate41_4,1,human,agent,0.50,20,347
deepseek-r1_prompt2_debate41_5,1,human,agent,0.52,20,325
deepseek-r1_prompt3_debate41_1,1,human,agent,0.36,15,312
deepseek-r1_prompt3_debate41_2,1,human,agent,0.47,20,273
deepseek-r1_prompt3_debate41_3,1,human,agent,0.43,20,323
deepseek-r1_prompt3_debate41_4,1,human,agent,0.45,20,293
deepseek-r1_prompt3_debate41_5,1,human,agent,0.49,20,325
deepseek-r1_prompt4_debate41_1,1,human,agent,0.41,15,220
deepseek-r1_prompt4_debate41_2,1,human,agent,0.48,20,243
deepseek-r1_prompt4_debate41_3,1,human,agent,0.55,20,284
deepseek-r1_prompt4_debate41_4,1,human,agent,0.55,20,284
deepseek-r1_prompt4_debate41_5,1,human,agent,0.51,20,322
deepseek-r1_prompt0_debate42_1,1,human,agent,0.25,11,343
deepseek-r1_prompt0_debate42_2,1,human,agent,0.42,20,309
deepseek-r1_prompt0_debate42_3,1,human,agent,0.47,20,319
deepseek-r1_prompt0_debate42_4,1,human,agent,0.42,20,310
deepseek-r1_prompt0_debate42_5,1,human,agent,0.44,20,329
deepseek-r1_prompt1_debate42_1,1,human,agent,0.24,11,284
deepseek-r1_prompt1_debate42_2,1,human,agent,0.40,20,305
deepseek-r1_prompt1_debate42_3,1,human,agent,0.40,20,341
deepseek-r1_prompt1_debate42_4,1,human,agent,0.48,20,358
deepseek-r1_prompt1_debate42_5,1,human,agent,0.49,20,359
deepseek-r1_prompt2_debate42_1,1,human,agent,0.23,11,99
deepseek-r1_prompt2_debate42_2,1,human,agent,0.46,20,292
deepseek-r1_prompt2_debate42_3,1,human,agent,0.51,20,290
deepseek-r1_prompt2_debate42_4,1,human,agent,0.44,20,358
deepseek-r1_prompt2_debate42_5,1,human,agent,0.47,20,336
deepseek-r1_prompt3_debate42_1,1,human,agent,0.37,11,295
deepseek-r1_prompt3_debate42_2,1,human,agent,0.42,20,296
deepseek-r1_prompt3_debate42_3,1,human,agent,0.47,20,323
deepseek-r1_prompt3_debate42_4,1,human,agent,0.48,20,325
deepseek-r1_prompt3_debate42_5,1,human,agent,0.45,20,331
deepseek-r1_prompt4_debate42_1,1,human,agent,0.28,11,191
deepseek-r1_prompt4_debate42_2,1,human,agent,0.52,20,278
deepseek-r1_prompt4_debate42_3,1,human,agent,0.48,20,296
deepseek-r1_prompt4_debate42_4,1,human,agent,0.48,20,323
deepseek-r1_prompt4_debate42_5,1,human,agent,0.56,20,298
deepseek-r1_prompt0_debate43_1,1,human,agent,0.22,12,298
deepseek-r1_prompt0_debate43_2,1,human,agent,0.36,20,332
deepseek-r1_prompt0_debate43_3,1,human,agent,0.41,20,283
deepseek-r1_prompt0_debate43_4,1,human,agent,0.48,20,285
deepseek-r1_prompt0_debate43_5,1,human,agent,0.42,20,279
deepseek-r1_prompt1_debate43_1,1,human,agent,0.37,12,285
deepseek-r1_prompt1_debate43_2,1,human,agent,0.32,20,304
deepseek-r1_prompt1_debate43_3,1,human,agent,0.44,20,310
deepseek-r1_prompt1_debate43_4,1,human,agent,0.37,20,303
deepseek-r1_prompt1_debate43_5,1,human,agent,0.39,20,309
deepseek-r1_prompt2_debate43_1,1,human,agent,0.40,12,169
deepseek-r1_prompt2_debate43_2,1,human,agent,0.43,20,287
deepseek-r1_prompt2_debate43_3,1,human,agent,0.47,20,318
deepseek-r1_prompt2_debate43_4,1,human,agent,0.48,20,297
deepseek-r1_prompt2_debate43_5,1,human,agent,0.46,20,346
deepseek-r1_prompt3_debate43_1,1,human,agent,0.34,12,269
deepseek-r1_prompt3_debate43_2,1,human,agent,0.34,20,305
deepseek-r1_prompt3_debate43_3,1,human,agent,0.47,20,303
deepseek-r1_prompt3_debate43_4,1,human,agent,0.44,20,307
deepseek-r1_prompt3_debate43_5,1,human,agent,0.42,20,284
deepseek-r1_prompt4_debate43_1,1,human,agent,0.38,12,208
deepseek-r1_prompt4_debate43_2,1,human,agent,0.35,20,296
deepseek-r1_prompt4_debate43_3,1,human,agent,0.40,20,294
deepseek-r1_prompt4_debate43_4,1,human,agent,0.43,20,287
deepseek-r1_prompt4_debate43_5,1,human,agent,0.37,20,325
deepseek-r1_prompt0_debate44_1,1,human,agent,0.28,17,317
deepseek-r1_prompt0_debate44_2,1,human,agent,0.33,20,282
deepseek-r1_prompt0_debate44_3,1,human,agent,0.41,20,296
deepseek-r1_prompt0_debate44_4,1,human,agent,0.44,20,284
deepseek-r1_prompt0_debate44_5,1,human,agent,0.51,20,310
deepseek-r1_prompt1_debate44_1,1,human,agent,0.29,17,240
deepseek-r1_prompt1_debate44_2,1,human,agent,0.38,20,293
deepseek-r1_prompt1_debate44_3,1,human,agent,0.37,20,299
deepseek-r1_prompt1_debate44_4,1,human,agent,0.40,20,307
deepseek-r1_prompt1_debate44_5,1,human,agent,0.49,20,291
deepseek-r1_prompt2_debate44_1,1,human,agent,0.26,17,165
deepseek-r1_prompt2_debate44_2,1,human,agent,0.38,20,289
deepseek-r1_prompt2_debate44_3,1,human,agent,0.42,20,321
deepseek-r1_prompt2_debate44_4,1,human,agent,0.49,20,309
deepseek-r1_prompt2_debate44_5,1,human,agent,0.49,20,298
deepseek-r1_prompt3_debate44_1,1,human,agent,0.29,17,291
deepseek-r1_prompt3_debate44_2,1,human,agent,0.31,20,277
deepseek-r1_prompt3_debate44_3,1,human,agent,0.31,20,304
deepseek-r1_prompt3_debate44_4,1,human,agent,0.36,20,317
deepseek-r1_prompt3_debate44_5,1,human,agent,0.36,20,304
deepseek-r1_prompt4_debate44_1,1,human,agent,0.30,17,188
deepseek-r1_prompt4_debate44_2,1,human,agent,0.48,20,354
deepseek-r1_prompt4_debate44_3,1,human,agent,0.43,20,286
deepseek-r1_prompt4_debate44_4,1,human,agent,0.47,20,310
deepseek-r1_prompt4_debate44_5,1,human,agent,0.50,20,321
deepseek-r1_prompt0_debate45_1,1,human,agent,0.48,17,291
deepseek-r1_prompt0_debate45_2,1,human,agent,0.39,20,315
deepseek-r1_prompt0_debate45_3,1,human,agent,0.37,20,305
deepseek-r1_prompt0_debate45_4,1,human,agent,0.39,20,343
deepseek-r1_prompt0_debate45_5,1,human,agent,0.39,20,323
deepseek-r1_prompt1_debate45_1,1,human,agent,0.50,17,322
deepseek-r1_prompt1_debate45_2,1,human,agent,0.45,20,322
deepseek-r1_prompt1_debate45_3,1,human,agent,0.47,20,331
deepseek-r1_prompt1_debate45_4,1,human,agent,0.42,20,342
deepseek-r1_prompt1_debate45_5,1,human,agent,0.48,20,319
deepseek-r1_prompt2_debate45_1,1,human,agent,0.45,17,179
deepseek-r1_prompt2_debate45_2,1,human,agent,0.44,20,284
deepseek-r1_prompt2_debate45_3,1,human,agent,0.45,20,329
deepseek-r1_prompt2_debate45_4,1,human,agent,0.40,20,340
deepseek-r1_prompt2_debate45_5,1,human,agent,0.41,20,350
deepseek-r1_prompt3_debate45_1,1,human,agent,0.43,17,329
deepseek-r1_prompt3_debate45_2,1,human,agent,0.43,20,329
deepseek-r1_prompt3_debate45_3,1,human,agent,0.37,20,340
deepseek-r1_prompt3_debate45_4,1,human,agent,0.37,20,333
deepseek-r1_prompt3_debate45_5,1,human,agent,0.48,20,298
deepseek-r1_prompt4_debate45_1,1,human,agent,0.38,17,136
deepseek-r1_prompt4_debate45_2,1,human,agent,0.46,20,294
deepseek-r1_prompt4_debate45_3,1,human,agent,0.45,20,276
deepseek-r1_prompt4_debate45_4,1,human,agent,0.48,20,319
deepseek-r1_prompt4_debate45_5,1,human,agent,0.43,20,341
deepseek-r1_prompt0_debate46_1,1,human,agent,0.24,17,339
deepseek-r1_prompt0_debate46_2,1,human,agent,0.42,20,290
deepseek-r1_prompt0_debate46_3,1,human,agent,0.44,20,306
deepseek-r1_prompt0_debate46_4,1,human,agent,0.46,20,318
deepseek-r1_prompt0_debate46_5,1,human,agent,0.50,20,289
deepseek-r1_prompt1_debate46_1,1,human,agent,0.24,17,350
deepseek-r1_prompt1_debate46_2,1,human,agent,0.42,20,308
deepseek-r1_prompt1_debate46_3,1,human,agent,0.50,20,297
deepseek-r1_prompt1_debate46_4,1,human,agent,0.49,20,318
deepseek-r1_prompt1_debate46_5,1,human,agent,0.48,20,330
deepseek-r1_prompt2_debate46_1,1,human,agent,0.26,17,130
deepseek-r1_prompt2_debate46_2,1,human,agent,0.54,20,262
deepseek-r1_prompt2_debate46_3,1,human,agent,0.47,20,271
deepseek-r1_prompt2_debate46_4,1,human,agent,0.51,20,285
deepseek-r1_prompt2_debate46_5,1,human,agent,0.50,20,303
deepseek-r1_prompt3_debate46_1,1,human,agent,0.27,17,278
deepseek-r1_prompt3_debate46_2,1,human,agent,0.43,20,308
deepseek-r1_prompt3_debate46_3,1,human,agent,0.46,20,319
deepseek-r1_prompt3_debate46_4,1,human,agent,0.51,20,331
deepseek-r1_prompt3_debate46_5,1,human,agent,0.42,20,306
deepseek-r1_prompt4_debate46_1,1,human,agent,0.26,17,126
deepseek-r1_prompt4_debate46_2,1,human,agent,0.46,20,299
deepseek-r1_prompt4_debate46_3,1,human,agent,0.51,20,322
deepseek-r1_prompt4_debate46_4,1,human,agent,0.50,20,309
deepseek-r1_prompt4_debate46_5,1,human,agent,0.51,20,356
deepseek-r1_prompt0_debate47_1,1,human,agent,0.52,12,313
deepseek-r1_prompt0_debate47_2,1,human,agent,0.43,20,287
deepseek-r1_prompt0_debate47_3,1,human,agent,0.38,20,323
deepseek-r1_prompt0_debate47_4,1,human,agent,0.46,20,309
deepseek-r1_prompt0_debate47_5,1,human,agent,0.43,20,332
deepseek-r1_prompt1_debate47_1,1,human,agent,0.36,12,240
deepseek-r1_prompt1_debate47_2,1,human,agent,0.43,20,288
deepseek-r1_prompt1_debate47_3,1,human,agent,0.48,20,332
deepseek-r1_prompt1_debate47_4,1,human,agent,0.48,20,305
deepseek-r1_prompt1_debate47_5,1,human,agent,0.50,20,342
deepseek-r1_prompt2_debate47_1,1,human,agent,0.29,12,157
deepseek-r1_prompt2_debate47_2,1,human,agent,0.45,20,279
deepseek-r1_prompt2_debate47_3,1,human,agent,0.49,20,316
deepseek-r1_prompt2_debate47_4,1,human,agent,0.53,20,365
deepseek-r1_prompt2_debate47_5,1,human,agent,0.47,20,371
deepseek-r1_prompt3_debate47_1,1,human,agent,0.38,12,239
deepseek-r1_prompt3_debate47_2,1,human,agent,0.51,20,314
deepseek-r1_prompt3_debate47_3,1,human,agent,0.44,20,329
deepseek-r1_prompt3_debate47_4,1,human,agent,0.52,20,354
deepseek-r1_prompt3_debate47_5,1,human,agent,0.47,20,350
deepseek-r1_prompt4_debate47_1,1,human,agent,0.26,12,146
deepseek-r1_prompt4_debate47_2,1,human,agent,0.51,20,275
deepseek-r1_prompt4_debate47_3,1,human,agent,0.48,20,310
deepseek-r1_prompt4_debate47_4,1,human,agent,0.52,20,304
deepseek-r1_prompt4_debate47_5,1,human,agent,0.49,20,303
deepseek-r1_prompt0_debate48_1,1,human,agent,0.42,14,313
deepseek-r1_prompt0_debate48_2,1,human,agent,0.38,20,335
deepseek-r1_prompt0_debate48_3,1,human,agent,0.41,20,284
deepseek-r1_prompt0_debate48_4,1,human,agent,0.41,20,278
deepseek-r1_prompt0_debate48_5,1,human,agent,0.37,20,283
deepseek-r1_prompt1_debate48_1,1,human,agent,0.52,14,271
deepseek-r1_prompt1_debate48_2,1,human,agent,0.39,20,298
deepseek-r1_prompt1_debate48_3,1,human,agent,0.37,20,311
deepseek-r1_prompt1_debate48_4,1,human,agent,0.40,20,308
deepseek-r1_prompt1_debate48_5,1,human,agent,0.39,20,320
deepseek-r1_prompt2_debate48_1,1,human,agent,0.41,14,165
deepseek-r1_prompt2_debate48_2,1,human,agent,0.42,20,323
deepseek-r1_prompt2_debate48_3,1,human,agent,0.49,20,324
deepseek-r1_prompt2_debate48_4,1,human,agent,0.43,20,301
deepseek-r1_prompt2_debate48_5,1,human,agent,0.44,20,333
deepseek-r1_prompt3_debate48_1,1,human,agent,0.54,14,349
deepseek-r1_prompt3_debate48_2,1,human,agent,0.44,20,285
deepseek-r1_prompt3_debate48_3,1,human,agent,0.39,20,331
deepseek-r1_prompt3_debate48_4,1,human,agent,0.47,20,325
deepseek-r1_prompt3_debate48_5,1,human,agent,0.47,20,325
deepseek-r1_prompt4_debate48_1,1,human,agent,0.45,14,186
deepseek-r1_prompt4_debate48_2,1,human,agent,0.51,20,298
deepseek-r1_prompt4_debate48_3,1,human,agent,0.49,20,320
deepseek-r1_prompt4_debate48_4,1,human,agent,0.48,20,321
deepseek-r1_prompt4_debate48_5,1,human,agent,0.41,20,326
deepseek-r1_prompt0_debate49_1,1,human,agent,0.30,15,321
deepseek-r1_prompt0_debate49_2,1,human,agent,0.45,20,288
deepseek-r1_prompt0_debate49_3,1,human,agent,0.44,20,335
deepseek-r1_prompt0_debate49_4,1,human,agent,0.43,20,306
deepseek-r1_prompt0_debate49_5,1,human,agent,0.43,20,356
deepseek-r1_prompt1_debate49_1,1,human,agent,0.28,15,358
deepseek-r1_prompt1_debate49_2,1,human,agent,0.48,20,302
deepseek-r1_prompt1_debate49_3,1,human,agent,0.47,20,313
deepseek-r1_prompt1_debate49_4,1,human,agent,0.43,20,292
deepseek-r1_prompt1_debate49_5,1,human,agent,0.45,20,309
deepseek-r1_prompt2_debate49_1,1,human,agent,0.35,15,128
deepseek-r1_prompt2_debate49_2,1,human,agent,0.45,20,307
deepseek-r1_prompt2_debate49_3,1,human,agent,0.46,20,297
deepseek-r1_prompt2_debate49_4,1,human,agent,0.43,20,320
deepseek-r1_prompt2_debate49_5,1,human,agent,0.53,20,279
deepseek-r1_prompt3_debate49_1,1,human,agent,0.26,15,335
deepseek-r1_prompt3_debate49_2,1,human,agent,0.45,20,281
deepseek-r1_prompt3_debate49_3,1,human,agent,0.45,20,339
deepseek-r1_prompt3_debate49_4,1,human,agent,0.38,20,326
deepseek-r1_prompt3_debate49_5,1,human,agent,0.41,20,339
deepseek-r1_prompt4_debate49_1,1,human,agent,0.38,15,130
deepseek-r1_prompt4_debate49_2,1,human,agent,0.46,20,294
deepseek-r1_prompt4_debate49_3,1,human,agent,0.46,20,329
deepseek-r1_prompt4_debate49_4,1,human,agent,0.47,20,339
deepseek-r1_prompt4_debate49_5,1,human,agent,0.39,20,325
deepseek-r1_prompt0_debate5_1,1,human,agent,0.61,14,302
deepseek-r1_prompt0_debate5_2,1,human,agent,0.41,20,297
deepseek-r1_prompt0_debate5_3,1,human,agent,0.41,20,339
deepseek-r1_prompt0_debate5_4,1,human,agent,0.42,20,317
deepseek-r1_prompt0_debate5_5,1,human,agent,0.39,20,308
deepseek-r1_prompt1_debate5_1,1,human,agent,0.30,14,286
deepseek-r1_prompt1_debate5_2,1,human,agent,0.29,20,293
deepseek-r1_prompt1_debate5_3,1,human,agent,0.38,20,307
deepseek-r1_prompt1_debate5_4,1,human,agent,0.43,20,322
deepseek-r1_prompt1_debate5_5,1,human,agent,0.31,20,264
deepseek-r1_prompt2_debate5_1,1,human,agent,0.38,14,126
deepseek-r1_prompt2_debate5_2,1,human,agent,0.45,20,312
deepseek-r1_prompt2_debate5_3,1,human,agent,0.37,20,300
deepseek-r1_prompt2_debate5_4,1,human,agent,0.44,20,322
deepseek-r1_prompt2_debate5_5,1,human,agent,0.42,20,263
deepseek-r1_prompt3_debate5_1,1,human,agent,0.36,14,311
deepseek-r1_prompt3_debate5_2,1,human,agent,0.42,20,307
deepseek-r1_prompt3_debate5_3,1,human,agent,0.35,20,307
deepseek-r1_prompt3_debate5_4,1,human,agent,0.35,20,312
deepseek-r1_prompt3_debate5_5,1,human,agent,0.33,20,298
deepseek-r1_prompt4_debate5_1,1,human,agent,0.39,14,211
deepseek-r1_prompt4_debate5_2,1,human,agent,0.43,20,299
deepseek-r1_prompt4_debate5_3,1,human,agent,0.41,20,290
deepseek-r1_prompt4_debate5_4,1,human,agent,0.35,20,302
deepseek-r1_prompt4_debate5_5,1,human,agent,0.39,20,304
deepseek-r1_prompt0_debate50_1,1,human,agent,0.33,15,266
deepseek-r1_prompt0_debate50_2,1,human,agent,0.34,20,300
deepseek-r1_prompt0_debate50_3,1,human,agent,0.32,20,277
deepseek-r1_prompt0_debate50_4,1,human,agent,0.37,20,308
deepseek-r1_prompt0_debate50_5,1,human,agent,0.39,20,319
deepseek-r1_prompt1_debate50_1,1,human,agent,0.34,15,341
deepseek-r1_prompt1_debate50_2,1,human,agent,0.31,20,288
deepseek-r1_prompt1_debate50_3,1,human,agent,0.38,20,287
deepseek-r1_prompt1_debate50_4,1,human,agent,0.33,20,332
deepseek-r1_prompt1_debate50_5,1,human,agent,0.37,20,317
deepseek-r1_prompt2_debate50_1,1,human,agent,0.37,15,177
deepseek-r1_prompt2_debate50_2,1,human,agent,0.44,20,276
deepseek-r1_prompt2_debate50_3,1,human,agent,0.51,20,307
deepseek-r1_prompt2_debate50_4,1,human,agent,0.46,20,318
deepseek-r1_prompt2_debate50_5,1,human,agent,0.54,20,310
deepseek-r1_prompt3_debate50_1,1,human,agent,0.45,15,335
deepseek-r1_prompt3_debate50_2,1,human,agent,0.34,20,288
deepseek-r1_prompt3_debate50_3,1,human,agent,0.31,20,305
deepseek-r1_prompt3_debate50_4,1,human,agent,0.39,20,312
deepseek-r1_prompt3_debate50_5,1,human,agent,0.34,20,308
deepseek-r1_prompt4_debate50_1,1,human,agent,0.37,15,257
deepseek-r1_prompt4_debate50_2,1,human,agent,0.54,20,259
deepseek-r1_prompt4_debate50_3,1,human,agent,0.43,20,314
deepseek-r1_prompt4_debate50_4,1,human,agent,0.49,20,288
deepseek-r1_prompt4_debate50_5,1,human,agent,0.47,20,299
deepseek-r1_prompt0_debate51_1,1,human,agent,0.37,14,346
deepseek-r1_prompt0_debate51_2,1,human,agent,0.39,20,295
deepseek-r1_prompt0_debate51_3,1,human,agent,0.36,20,274
deepseek-r1_prompt0_debate51_4,1,human,agent,0.44,20,306
deepseek-r1_prompt0_debate51_5,1,human,agent,0.34,20,282
deepseek-r1_prompt1_debate51_1,1,human,agent,0.63,14,320
deepseek-r1_prompt1_debate51_2,1,human,agent,0.35,20,310
deepseek-r1_prompt1_debate51_3,1,human,agent,0.42,20,296
deepseek-r1_prompt1_debate51_4,1,human,agent,0.43,20,293
deepseek-r1_prompt1_debate51_5,1,human,agent,0.41,20,282
deepseek-r1_prompt2_debate51_1,1,human,agent,0.40,14,265
deepseek-r1_prompt2_debate51_2,1,human,agent,0.43,20,281
deepseek-r1_prompt2_debate51_3,1,human,agent,0.49,20,279
deepseek-r1_prompt2_debate51_4,1,human,agent,0.44,20,324
deepseek-r1_prompt2_debate51_5,1,human,agent,0.51,20,346
deepseek-r1_prompt3_debate51_1,1,human,agent,0.49,14,322
deepseek-r1_prompt3_debate51_2,1,human,agent,0.44,20,286
deepseek-r1_prompt3_debate51_3,1,human,agent,0.37,20,285
deepseek-r1_prompt3_debate51_4,1,human,agent,0.47,20,324
deepseek-r1_prompt3_debate51_5,1,human,agent,0.40,20,291
deepseek-r1_prompt4_debate51_1,1,human,agent,0.36,14,198
deepseek-r1_prompt4_debate51_2,1,human,agent,0.38,20,273
deepseek-r1_prompt4_debate51_3,1,human,agent,0.32,20,271
deepseek-r1_prompt4_debate51_4,1,human,agent,0.49,20,297
deepseek-r1_prompt4_debate51_5,1,human,agent,0.44,20,284
deepseek-r1_prompt0_debate52_1,1,human,agent,0.21,14,338
deepseek-r1_prompt0_debate52_2,1,human,agent,0.43,20,331
deepseek-r1_prompt0_debate52_3,1,human,agent,0.38,20,342
deepseek-r1_prompt0_debate52_4,1,human,agent,0.41,20,306
deepseek-r1_prompt0_debate52_5,1,human,agent,0.44,20,335
deepseek-r1_prompt1_debate52_1,1,human,agent,0.20,14,337
deepseek-r1_prompt1_debate52_2,1,human,agent,0.40,20,317
deepseek-r1_prompt1_debate52_3,1,human,agent,0.39,20,320
deepseek-r1_prompt1_debate52_4,1,human,agent,0.40,20,348
deepseek-r1_prompt1_debate52_5,1,human,agent,0.38,20,338
deepseek-r1_prompt2_debate52_1,1,human,agent,0.37,14,112
deepseek-r1_prompt2_debate52_2,1,human,agent,0.55,20,281
deepseek-r1_prompt2_debate52_3,1,human,agent,0.48,20,302
deepseek-r1_prompt2_debate52_4,1,human,agent,0.47,20,270
deepseek-r1_prompt2_debate52_5,1,human,agent,0.45,20,277
deepseek-r1_prompt3_debate52_1,1,human,agent,0.21,14,282
deepseek-r1_prompt3_debate52_2,1,human,agent,0.35,20,319
deepseek-r1_prompt3_debate52_3,1,human,agent,0.43,20,340
deepseek-r1_prompt3_debate52_4,1,human,agent,0.44,20,295
deepseek-r1_prompt3_debate52_5,1,human,agent,0.44,20,322
deepseek-r1_prompt4_debate52_1,1,human,agent,0.25,14,234
deepseek-r1_prompt4_debate52_2,1,human,agent,0.53,20,274
deepseek-r1_prompt4_debate52_3,1,human,agent,0.49,20,269
deepseek-r1_prompt4_debate52_4,1,human,agent,0.52,20,309
deepseek-r1_prompt4_debate52_5,1,human,agent,0.45,20,288
deepseek-r1_prompt0_debate53_1,1,human,agent,0.34,20,307
deepseek-r1_prompt0_debate53_2,1,human,agent,0.45,20,296
deepseek-r1_prompt0_debate53_3,1,human,agent,0.51,20,340
deepseek-r1_prompt0_debate53_4,1,human,agent,0.52,20,329
deepseek-r1_prompt0_debate53_5,1,human,agent,0.46,20,332
deepseek-r1_prompt1_debate53_1,1,human,agent,0.35,20,313
deepseek-r1_prompt1_debate53_2,1,human,agent,0.50,20,292
deepseek-r1_prompt1_debate53_3,1,human,agent,0.53,20,318
deepseek-r1_prompt1_debate53_4,1,human,agent,0.53,20,292
deepseek-r1_prompt1_debate53_5,1,human,agent,0.46,20,305
deepseek-r1_prompt2_debate53_1,1,human,agent,0.41,20,206
deepseek-r1_prompt2_debate53_2,1,human,agent,0.58,20,282
deepseek-r1_prompt2_debate53_3,1,human,agent,0.53,20,276
deepseek-r1_prompt2_debate53_4,1,human,agent,0.55,20,304
deepseek-r1_prompt2_debate53_5,1,human,agent,0.59,20,260
deepseek-r1_prompt3_debate53_1,1,human,agent,0.28,20,323
deepseek-r1_prompt3_debate53_2,1,human,agent,0.45,20,303
deepseek-r1_prompt3_debate53_3,1,human,agent,0.49,20,317
deepseek-r1_prompt3_debate53_4,1,human,agent,0.53,20,296
deepseek-r1_prompt3_debate53_5,1,human,agent,0.52,20,313
deepseek-r1_prompt4_debate53_1,1,human,agent,0.36,20,128
deepseek-r1_prompt4_debate53_2,1,human,agent,0.56,20,303
deepseek-r1_prompt4_debate53_3,1,human,agent,0.55,20,296
deepseek-r1_prompt4_debate53_4,1,human,agent,0.52,20,320
deepseek-r1_prompt4_debate53_5,1,human,agent,0.55,20,286
deepseek-r1_prompt0_debate54_1,1,human,agent,0.37,14,294
deepseek-r1_prompt0_debate54_2,1,human,agent,0.36,20,288
deepseek-r1_prompt0_debate54_3,1,human,agent,0.42,20,317
deepseek-r1_prompt0_debate54_4,1,human,agent,0.40,20,332
deepseek-r1_prompt0_debate54_5,1,human,agent,0.44,20,308
deepseek-r1_prompt1_debate54_1,1,human,agent,0.41,14,232
deepseek-r1_prompt1_debate54_2,1,human,agent,0.41,20,284
deepseek-r1_prompt1_debate54_3,1,human,agent,0.44,20,303
deepseek-r1_prompt1_debate54_4,1,human,agent,0.42,20,320
deepseek-r1_prompt1_debate54_5,1,human,agent,0.44,20,303
deepseek-r1_prompt2_debate54_1,1,human,agent,0.49,14,165
deepseek-r1_prompt2_debate54_2,1,human,agent,0.51,20,287
deepseek-r1_prompt2_debate54_3,1,human,agent,0.40,20,291
deepseek-r1_prompt2_debate54_4,1,human,agent,0.44,20,308
deepseek-r1_prompt2_debate54_5,1,human,agent,0.40,20,326
deepseek-r1_prompt3_debate54_1,1,human,agent,0.60,14,278
deepseek-r1_prompt3_debate54_2,1,human,agent,0.39,20,325
deepseek-r1_prompt3_debate54_3,1,human,agent,0.45,20,322
deepseek-r1_prompt3_debate54_4,1,human,agent,0.42,20,288
deepseek-r1_prompt3_debate54_5,1,human,agent,0.41,20,313
deepseek-r1_prompt4_debate54_1,1,human,agent,0.50,14,128
deepseek-r1_prompt4_debate54_2,1,human,agent,0.50,20,296
deepseek-r1_prompt4_debate54_3,1,human,agent,0.53,20,311
deepseek-r1_prompt4_debate54_4,1,human,agent,0.49,20,274
deepseek-r1_prompt4_debate54_5,1,human,agent,0.51,20,271
deepseek-r1_prompt0_debate55_1,1,human,agent,0.43,12,307
deepseek-r1_prompt0_debate55_2,1,human,agent,0.44,20,289
deepseek-r1_prompt0_debate55_3,1,human,agent,0.39,20,299
deepseek-r1_prompt0_debate55_4,1,human,agent,0.47,20,323
deepseek-r1_prompt0_debate55_5,1,human,agent,0.40,20,298
deepseek-r1_prompt1_debate55_1,1,human,agent,0.41,12,335
deepseek-r1_prompt1_debate55_2,1,human,agent,0.44,20,309
deepseek-r1_prompt1_debate55_3,1,human,agent,0.42,20,321
deepseek-r1_prompt1_debate55_4,1,human,agent,0.43,20,331
deepseek-r1_prompt1_debate55_5,1,human,agent,0.42,20,330
deepseek-r1_prompt2_debate55_1,1,human,agent,0.30,12,180
deepseek-r1_prompt2_debate55_2,1,human,agent,0.43,20,299
deepseek-r1_prompt2_debate55_3,1,human,agent,0.54,20,292
deepseek-r1_prompt2_debate55_4,1,human,agent,0.56,20,311
deepseek-r1_prompt2_debate55_5,1,human,agent,0.50,20,311
deepseek-r1_prompt3_debate55_1,1,human,agent,0.29,12,254
deepseek-r1_prompt3_debate55_2,1,human,agent,0.37,20,264
deepseek-r1_prompt3_debate55_3,1,human,agent,0.39,20,326
deepseek-r1_prompt3_debate55_4,1,human,agent,0.41,20,340
deepseek-r1_prompt3_debate55_5,1,human,agent,0.38,20,309
deepseek-r1_prompt4_debate55_1,1,human,agent,0.42,12,163
deepseek-r1_prompt4_debate55_2,1,human,agent,0.47,20,279
deepseek-r1_prompt4_debate55_3,1,human,agent,0.46,20,295
deepseek-r1_prompt4_debate55_4,1,human,agent,0.47,20,281
deepseek-r1_prompt4_debate55_5,1,human,agent,0.48,20,270
deepseek-r1_prompt0_debate56_1,1,human,agent,0.29,11,251
deepseek-r1_prompt0_debate56_2,1,human,agent,0.40,20,310
deepseek-r1_prompt0_debate56_3,1,human,agent,0.45,20,314
deepseek-r1_prompt0_debate56_4,1,human,agent,0.45,20,342
deepseek-r1_prompt0_debate56_5,1,human,agent,0.39,20,332
deepseek-r1_prompt1_debate56_1,1,human,agent,0.18,11,302
deepseek-r1_prompt1_debate56_2,1,human,agent,0.41,20,282
deepseek-r1_prompt1_debate56_3,1,human,agent,0.46,20,311
deepseek-r1_prompt1_debate56_4,1,human,agent,0.52,20,323
deepseek-r1_prompt1_debate56_5,1,human,agent,0.51,20,304
deepseek-r1_prompt2_debate56_1,1,human,agent,0.16,11,112
deepseek-r1_prompt2_debate56_2,1,human,agent,0.48,20,305
deepseek-r1_prompt2_debate56_3,1,human,agent,0.53,20,306
deepseek-r1_prompt2_debate56_4,1,human,agent,0.52,20,311
deepseek-r1_prompt2_debate56_5,1,human,agent,0.53,20,294
deepseek-r1_prompt3_debate56_1,1,human,agent,0.30,11,304
deepseek-r1_prompt3_debate56_2,1,human,agent,0.44,20,289
deepseek-r1_prompt3_debate56_3,1,human,agent,0.41,20,305
deepseek-r1_prompt3_debate56_4,1,human,agent,0.42,20,317
deepseek-r1_prompt3_debate56_5,1,human,agent,0.35,20,313
deepseek-r1_prompt4_debate56_1,1,human,agent,0.19,11,169
deepseek-r1_prompt4_debate56_2,1,human,agent,0.49,20,288
deepseek-r1_prompt4_debate56_3,1,human,agent,0.42,20,301
deepseek-r1_prompt4_debate56_4,1,human,agent,0.46,20,348
deepseek-r1_prompt4_debate56_5,1,human,agent,0.52,20,344
deepseek-r1_prompt0_debate57_1,1,human,agent,0.19,19,301
deepseek-r1_prompt0_debate57_2,1,human,agent,0.42,20,274
deepseek-r1_prompt0_debate57_3,1,human,agent,0.53,20,277
deepseek-r1_prompt0_debate57_4,1,human,agent,0.48,20,285
deepseek-r1_prompt0_debate57_5,1,human,agent,0.44,20,288
deepseek-r1_prompt1_debate57_1,1,human,agent,0.23,19,310
deepseek-r1_prompt1_debate57_2,1,human,agent,0.41,20,262
deepseek-r1_prompt1_debate57_3,1,human,agent,0.49,20,277
deepseek-r1_prompt1_debate57_4,1,human,agent,0.45,20,286
deepseek-r1_prompt1_debate57_5,1,human,agent,0.48,20,313
deepseek-r1_prompt2_debate57_1,1,human,agent,0.30,19,149
deepseek-r1_prompt2_debate57_2,1,human,agent,0.50,20,267
deepseek-r1_prompt2_debate57_3,1,human,agent,0.48,20,335
deepseek-r1_prompt2_debate57_4,1,human,agent,0.47,20,351
deepseek-r1_prompt2_debate57_5,1,human,agent,0.44,20,347
deepseek-r1_prompt3_debate57_1,1,human,agent,0.34,19,239
deepseek-r1_prompt3_debate57_2,1,human,agent,0.51,20,292
deepseek-r1_prompt3_debate57_3,1,human,agent,0.50,20,307
deepseek-r1_prompt3_debate57_4,1,human,agent,0.48,20,337
deepseek-r1_prompt3_debate57_5,1,human,agent,0.45,20,337
deepseek-r1_prompt4_debate57_1,1,human,agent,0.32,19,205
deepseek-r1_prompt4_debate57_2,1,human,agent,0.58,20,301
deepseek-r1_prompt4_debate57_3,1,human,agent,0.53,20,263
deepseek-r1_prompt4_debate57_4,1,human,agent,0.53,20,290
deepseek-r1_prompt4_debate57_5,1,human,agent,0.47,20,311
deepseek-r1_prompt0_debate58_1,1,human,agent,0.36,14,307
deepseek-r1_prompt0_debate58_2,1,human,agent,0.36,20,280
deepseek-r1_prompt0_debate58_3,1,human,agent,0.35,20,306
deepseek-r1_prompt0_debate58_4,1,human,agent,0.33,20,312
deepseek-r1_prompt0_debate58_5,1,human,agent,0.28,20,293
deepseek-r1_prompt1_debate58_1,1,human,agent,0.40,14,300
deepseek-r1_prompt1_debate58_2,1,human,agent,0.42,20,320
deepseek-r1_prompt1_debate58_3,1,human,agent,0.38,20,327
deepseek-r1_prompt1_debate58_4,1,human,agent,0.40,20,325
deepseek-r1_prompt1_debate58_5,1,human,agent,0.36,20,311
deepseek-r1_prompt2_debate58_1,1,human,agent,0.38,14,161
deepseek-r1_prompt2_debate58_2,1,human,agent,0.40,20,282
deepseek-r1_prompt2_debate58_3,1,human,agent,0.37,20,274
deepseek-r1_prompt2_debate58_4,1,human,agent,0.36,20,311
deepseek-r1_prompt2_debate58_5,1,human,agent,0.44,20,305
deepseek-r1_prompt3_debate58_1,1,human,agent,0.27,14,334
deepseek-r1_prompt3_debate58_2,1,human,agent,0.46,20,352
deepseek-r1_prompt3_debate58_3,1,human,agent,0.39,20,311
deepseek-r1_prompt3_debate58_4,1,human,agent,0.36,20,318
deepseek-r1_prompt3_debate58_5,1,human,agent,0.31,20,302
deepseek-r1_prompt4_debate58_1,1,human,agent,0.27,14,306
deepseek-r1_prompt4_debate58_2,1,human,agent,0.45,20,316
deepseek-r1_prompt4_debate58_3,1,human,agent,0.39,20,314
deepseek-r1_prompt4_debate58_4,1,human,agent,0.46,20,304
deepseek-r1_prompt4_debate58_5,1,human,agent,0.39,20,306
deepseek-r1_prompt0_debate59_1,1,human,agent,0.63,14,275
deepseek-r1_prompt0_debate59_2,1,human,agent,0.42,20,328
deepseek-r1_prompt0_debate59_3,1,human,agent,0.38,20,302
deepseek-r1_prompt0_debate59_4,1,human,agent,0.47,20,333
deepseek-r1_prompt0_debate59_5,1,human,agent,0.46,20,348
deepseek-r1_prompt1_debate59_1,1,human,agent,0.38,14,299
deepseek-r1_prompt1_debate59_2,1,human,agent,0.38,20,263
deepseek-r1_prompt1_debate59_3,1,human,agent,0.38,20,288
deepseek-r1_prompt1_debate59_4,1,human,agent,0.42,20,289
deepseek-r1_prompt1_debate59_5,1,human,agent,0.46,20,302
deepseek-r1_prompt2_debate59_1,1,human,agent,0.41,14,145
deepseek-r1_prompt2_debate59_2,1,human,agent,0.45,20,303
deepseek-r1_prompt2_debate59_3,1,human,agent,0.46,20,308
deepseek-r1_prompt2_debate59_4,1,human,agent,0.48,20,340
deepseek-r1_prompt2_debate59_5,1,human,agent,0.33,20,285
deepseek-r1_prompt3_debate59_1,1,human,agent,0.55,14,244
deepseek-r1_prompt3_debate59_2,1,human,agent,0.47,20,312
deepseek-r1_prompt3_debate59_3,1,human,agent,0.43,20,318
deepseek-r1_prompt3_debate59_4,1,human,agent,0.44,20,293
deepseek-r1_prompt3_debate59_5,1,human,agent,0.46,20,304
deepseek-r1_prompt4_debate59_1,1,human,agent,0.40,14,254
deepseek-r1_prompt4_debate59_2,1,human,agent,0.47,20,308
deepseek-r1_prompt4_debate59_3,1,human,agent,0.47,20,322
deepseek-r1_prompt4_debate59_4,1,human,agent,0.44,20,333
deepseek-r1_prompt4_debate59_5,1,human,agent,0.50,20,299
deepseek-r1_prompt0_debate6_1,1,human,agent,0.37,12,297
deepseek-r1_prompt0_debate6_2,1,human,agent,0.45,20,298
deepseek-r1_prompt0_debate6_3,1,human,agent,0.42,20,306
deepseek-r1_prompt0_debate6_4,1,human,agent,0.48,20,335
deepseek-r1_prompt0_debate6_5,1,human,agent,0.48,20,333
deepseek-r1_prompt1_debate6_1,1,human,agent,0.38,12,202
deepseek-r1_prompt1_debate6_2,1,human,agent,0.37,20,287
deepseek-r1_prompt1_debate6_3,1,human,agent,0.35,20,319
deepseek-r1_prompt1_debate6_4,1,human,agent,0.30,20,300
deepseek-r1_prompt1_debate6_5,1,human,agent,0.36,20,323
deepseek-r1_prompt2_debate6_1,1,human,agent,0.26,12,139
deepseek-r1_prompt2_debate6_2,1,human,agent,0.45,20,306
deepseek-r1_prompt2_debate6_3,1,human,agent,0.43,20,302
deepseek-r1_prompt2_debate6_4,1,human,agent,0.42,20,316
deepseek-r1_prompt2_debate6_5,1,human,agent,0.50,20,308
deepseek-r1_prompt3_debate6_1,1,human,agent,0.39,12,184
deepseek-r1_prompt3_debate6_2,1,human,agent,0.46,20,308
deepseek-r1_prompt3_debate6_3,1,human,agent,0.42,20,330
deepseek-r1_prompt3_debate6_4,1,human,agent,0.43,20,331
deepseek-r1_prompt3_debate6_5,1,human,agent,0.45,20,319
deepseek-r1_prompt4_debate6_1,1,human,agent,0.37,12,146
deepseek-r1_prompt4_debate6_2,1,human,agent,0.47,20,298
deepseek-r1_prompt4_debate6_3,1,human,agent,0.40,20,309
deepseek-r1_prompt4_debate6_4,1,human,agent,0.40,20,324
deepseek-r1_prompt4_debate6_5,1,human,agent,0.44,20,332
deepseek-r1_prompt0_debate60_1,1,human,agent,0.17,11,359
deepseek-r1_prompt0_debate60_2,1,human,agent,0.45,20,279
deepseek-r1_prompt0_debate60_3,1,human,agent,0.48,20,321
deepseek-r1_prompt0_debate60_4,1,human,agent,0.51,20,309
deepseek-r1_prompt0_debate60_5,1,human,agent,0.45,20,355
deepseek-r1_prompt1_debate60_1,1,human,agent,0.41,11,313
deepseek-r1_prompt1_debate60_2,1,human,agent,0.47,20,303
deepseek-r1_prompt1_debate60_3,1,human,agent,0.48,20,294
deepseek-r1_prompt1_debate60_4,1,human,agent,0.48,20,322
deepseek-r1_prompt1_debate60_5,1,human,agent,0.51,20,348
deepseek-r1_prompt2_debate60_1,1,human,agent,0.17,11,165
deepseek-r1_prompt2_debate60_2,1,human,agent,0.55,20,268
deepseek-r1_prompt2_debate60_3,1,human,agent,0.55,20,268
deepseek-r1_prompt2_debate60_4,1,human,agent,0.55,20,303
deepseek-r1_prompt2_debate60_5,1,human,agent,0.58,20,286
deepseek-r1_prompt3_debate60_1,1,human,agent,0.42,11,323
deepseek-r1_prompt3_debate60_2,1,human,agent,0.42,20,276
deepseek-r1_prompt3_debate60_3,1,human,agent,0.41,20,318
deepseek-r1_prompt3_debate60_4,1,human,agent,0.47,20,328
deepseek-r1_prompt3_debate60_5,1,human,agent,0.43,20,345
deepseek-r1_prompt4_debate60_1,1,human,agent,0.22,11,205
deepseek-r1_prompt4_debate60_2,1,human,agent,0.57,20,274
deepseek-r1_prompt4_debate60_3,1,human,agent,0.47,20,264
deepseek-r1_prompt4_debate60_4,1,human,agent,0.54,20,301
deepseek-r1_prompt4_debate60_5,1,human,agent,0.54,20,299
deepseek-r1_prompt0_debate61_1,1,human,agent,0.42,14,289
deepseek-r1_prompt0_debate61_2,1,human,agent,0.42,20,326
deepseek-r1_prompt0_debate61_3,1,human,agent,0.48,20,345
deepseek-r1_prompt0_debate61_4,1,human,agent,0.46,20,339
deepseek-r1_prompt0_debate61_5,1,human,agent,0.40,20,340
deepseek-r1_prompt1_debate61_1,1,human,agent,0.20,14,323
deepseek-r1_prompt1_debate61_2,1,human,agent,0.40,20,324
deepseek-r1_prompt1_debate61_3,1,human,agent,0.32,20,339
deepseek-r1_prompt1_debate61_4,1,human,agent,0.43,20,350
deepseek-r1_prompt1_debate61_5,1,human,agent,0.46,20,343
deepseek-r1_prompt2_debate61_1,1,human,agent,0.21,14,133
deepseek-r1_prompt2_debate61_2,1,human,agent,0.44,20,289
deepseek-r1_prompt2_debate61_3,1,human,agent,0.49,20,355
deepseek-r1_prompt2_debate61_4,1,human,agent,0.47,20,348
deepseek-r1_prompt2_debate61_5,1,human,agent,0.43,20,345
deepseek-r1_prompt3_debate61_1,1,human,agent,0.32,14,325
deepseek-r1_prompt3_debate61_2,1,human,agent,0.42,20,304
deepseek-r1_prompt3_debate61_3,1,human,agent,0.37,20,328
deepseek-r1_prompt3_debate61_4,1,human,agent,0.37,20,321
deepseek-r1_prompt3_debate61_5,1,human,agent,0.43,20,334
deepseek-r1_prompt4_debate61_1,1,human,agent,0.23,14,249
deepseek-r1_prompt4_debate61_2,1,human,agent,0.52,20,289
deepseek-r1_prompt4_debate61_3,1,human,agent,0.54,20,283
deepseek-r1_prompt4_debate61_4,1,human,agent,0.54,20,320
deepseek-r1_prompt4_debate61_5,1,human,agent,0.56,20,353
deepseek-r1_prompt0_debate62_1,1,human,agent,0.39,15,259
deepseek-r1_prompt0_debate62_2,1,human,agent,0.41,20,330
deepseek-r1_prompt0_debate62_3,1,human,agent,0.48,20,320
deepseek-r1_prompt0_debate62_4,1,human,agent,0.44,20,300
deepseek-r1_prompt0_debate62_5,1,human,agent,0.43,20,301
deepseek-r1_prompt1_debate62_1,1,human,agent,0.32,15,236
deepseek-r1_prompt1_debate62_2,1,human,agent,0.40,20,277
deepseek-r1_prompt1_debate62_3,1,human,agent,0.42,20,326
deepseek-r1_prompt1_debate62_4,1,human,agent,0.46,20,319
deepseek-r1_prompt1_debate62_5,1,human,agent,0.47,20,361
deepseek-r1_prompt2_debate62_1,1,human,agent,0.40,15,117
deepseek-r1_prompt2_debate62_2,1,human,agent,0.53,20,333
deepseek-r1_prompt2_debate62_3,1,human,agent,0.53,20,365
deepseek-r1_prompt2_debate62_4,1,human,agent,0.50,20,341
deepseek-r1_prompt2_debate62_5,1,human,agent,0.50,20,359
deepseek-r1_prompt3_debate62_1,1,human,agent,0.36,15,205
deepseek-r1_prompt3_debate62_2,1,human,agent,0.44,20,304
deepseek-r1_prompt3_debate62_3,1,human,agent,0.48,20,349
deepseek-r1_prompt3_debate62_4,1,human,agent,0.46,20,294
deepseek-r1_prompt3_debate62_5,1,human,agent,0.44,20,323
deepseek-r1_prompt4_debate62_1,1,human,agent,0.31,15,115
deepseek-r1_prompt4_debate62_2,1,human,agent,0.46,20,316
deepseek-r1_prompt4_debate62_3,1,human,agent,0.48,20,362
deepseek-r1_prompt4_debate62_4,1,human,agent,0.49,20,354
deepseek-r1_prompt4_debate62_5,1,human,agent,0.47,20,347
deepseek-r1_prompt0_debate63_1,1,human,agent,0.37,22,298
deepseek-r1_prompt0_debate63_2,1,human,agent,0.48,20,298
deepseek-r1_prompt0_debate63_3,1,human,agent,0.49,20,274
deepseek-r1_prompt0_debate63_4,1,human,agent,0.44,20,297
deepseek-r1_prompt0_debate63_5,1,human,agent,0.49,20,316
deepseek-r1_prompt1_debate63_1,1,human,agent,0.37,22,329
deepseek-r1_prompt1_debate63_2,1,human,agent,0.55,20,304
deepseek-r1_prompt1_debate63_3,1,human,agent,0.52,20,335
deepseek-r1_prompt1_debate63_4,1,human,agent,0.52,20,294
deepseek-r1_prompt1_debate63_5,1,human,agent,0.52,20,280
deepseek-r1_prompt2_debate63_1,1,human,agent,0.43,22,195
deepseek-r1_prompt2_debate63_2,1,human,agent,0.52,20,303
deepseek-r1_prompt2_debate63_3,1,human,agent,0.55,20,331
deepseek-r1_prompt2_debate63_4,1,human,agent,0.50,20,327
deepseek-r1_prompt2_debate63_5,1,human,agent,0.52,20,324
deepseek-r1_prompt3_debate63_1,1,human,agent,0.51,22,293
deepseek-r1_prompt3_debate63_2,1,human,agent,0.51,20,289
deepseek-r1_prompt3_debate63_3,1,human,agent,0.44,20,333
deepseek-r1_prompt3_debate63_4,1,human,agent,0.47,20,333
deepseek-r1_prompt3_debate63_5,1,human,agent,0.52,20,326
deepseek-r1_prompt4_debate63_1,1,human,agent,0.53,22,152
deepseek-r1_prompt4_debate63_2,1,human,agent,0.51,20,273
deepseek-r1_prompt4_debate63_3,1,human,agent,0.57,20,302
deepseek-r1_prompt4_debate63_4,1,human,agent,0.58,20,307
deepseek-r1_prompt4_debate63_5,1,human,agent,0.49,20,330
deepseek-r1_prompt0_debate64_1,1,human,agent,0.12,11,339
deepseek-r1_prompt0_debate64_2,1,human,agent,0.40,20,316
deepseek-r1_prompt0_debate64_3,1,human,agent,0.41,20,330
deepseek-r1_prompt0_debate64_4,1,human,agent,0.40,20,314
deepseek-r1_prompt0_debate64_5,1,human,agent,0.38,20,321
deepseek-r1_prompt1_debate64_1,1,human,agent,0.13,11,370
deepseek-r1_prompt1_debate64_2,1,human,agent,0.41,20,294
deepseek-r1_prompt1_debate64_3,1,human,agent,0.40,20,326
deepseek-r1_prompt1_debate64_4,1,human,agent,0.40,20,320
deepseek-r1_prompt1_debate64_5,1,human,agent,0.47,20,347
deepseek-r1_prompt2_debate64_1,1,human,agent,0.15,11,230
deepseek-r1_prompt2_debate64_2,1,human,agent,0.52,20,270
deepseek-r1_prompt2_debate64_3,1,human,agent,0.49,20,271
deepseek-r1_prompt2_debate64_4,1,human,agent,0.49,20,301
deepseek-r1_prompt2_debate64_5,1,human,agent,0.56,20,293
deepseek-r1_prompt3_debate64_1,1,human,agent,0.10,11,371
deepseek-r1_prompt3_debate64_2,1,human,agent,0.41,20,274
deepseek-r1_prompt3_debate64_3,1,human,agent,0.35,20,300
deepseek-r1_prompt3_debate64_4,1,human,agent,0.40,20,323
deepseek-r1_prompt3_debate64_5,1,human,agent,0.35,20,333
deepseek-r1_prompt4_debate64_1,1,human,agent,0.14,11,202
deepseek-r1_prompt4_debate64_2,1,human,agent,0.45,20,254
deepseek-r1_prompt4_debate64_3,1,human,agent,0.43,20,274
deepseek-r1_prompt4_debate64_4,1,human,agent,0.46,20,296
deepseek-r1_prompt4_debate64_5,1,human,agent,0.49,20,300
deepseek-r1_prompt0_debate65_1,1,human,agent,0.33,14,321
deepseek-r1_prompt0_debate65_2,1,human,agent,0.41,20,307
deepseek-r1_prompt0_debate65_3,1,human,agent,0.48,20,334
deepseek-r1_prompt0_debate65_4,1,human,agent,0.47,20,346
deepseek-r1_prompt0_debate65_5,1,human,agent,0.41,20,342
deepseek-r1_prompt1_debate65_1,1,human,agent,0.47,14,301
deepseek-r1_prompt1_debate65_2,1,human,agent,0.40,20,303
deepseek-r1_prompt1_debate65_3,1,human,agent,0.50,20,306
deepseek-r1_prompt1_debate65_4,1,human,agent,0.48,20,309
deepseek-r1_prompt1_debate65_5,1,human,agent,0.51,20,334
deepseek-r1_prompt2_debate65_1,1,human,agent,0.53,14,154
deepseek-r1_prompt2_debate65_2,1,human,agent,0.44,20,309
deepseek-r1_prompt2_debate65_3,1,human,agent,0.51,20,337
deepseek-r1_prompt2_debate65_4,1,human,agent,0.54,20,320
deepseek-r1_prompt2_debate65_5,1,human,agent,0.55,20,335
deepseek-r1_prompt3_debate65_1,1,human,agent,0.46,14,286
deepseek-r1_prompt3_debate65_2,1,human,agent,0.40,20,290
deepseek-r1_prompt3_debate65_3,1,human,agent,0.40,20,326
deepseek-r1_prompt3_debate65_4,1,human,agent,0.42,20,329
deepseek-r1_prompt3_debate65_5,1,human,agent,0.41,20,284
deepseek-r1_prompt4_debate65_1,1,human,agent,0.40,14,183
deepseek-r1_prompt4_debate65_2,1,human,agent,0.48,20,306
deepseek-r1_prompt4_debate65_3,1,human,agent,0.48,20,314
deepseek-r1_prompt4_debate65_4,1,human,agent,0.48,20,292
deepseek-r1_prompt4_debate65_5,1,human,agent,0.53,20,313
deepseek-r1_prompt0_debate66_1,1,human,agent,0.22,19,371
deepseek-r1_prompt0_debate66_2,1,human,agent,0.39,20,277
deepseek-r1_prompt0_debate66_3,1,human,agent,0.39,20,314
deepseek-r1_prompt0_debate66_4,1,human,agent,0.42,20,338
deepseek-r1_prompt0_debate66_5,1,human,agent,0.40,20,380
deepseek-r1_prompt1_debate66_1,1,human,agent,0.37,19,344
deepseek-r1_prompt1_debate66_2,1,human,agent,0.41,20,299
deepseek-r1_prompt1_debate66_3,1,human,agent,0.41,20,330
deepseek-r1_prompt1_debate66_4,1,human,agent,0.43,20,376
deepseek-r1_prompt1_debate66_5,1,human,agent,0.41,20,380
deepseek-r1_prompt2_debate66_1,1,human,agent,0.42,19,127
deepseek-r1_prompt2_debate66_2,1,human,agent,0.46,20,299
deepseek-r1_prompt2_debate66_3,1,human,agent,0.48,20,324
deepseek-r1_prompt2_debate66_4,1,human,agent,0.51,20,335
deepseek-r1_prompt2_debate66_5,1,human,agent,0.49,20,363
deepseek-r1_prompt3_debate66_1,1,human,agent,0.23,19,354
deepseek-r1_prompt3_debate66_2,1,human,agent,0.36,20,319
deepseek-r1_prompt3_debate66_3,1,human,agent,0.43,20,352
deepseek-r1_prompt3_debate66_4,1,human,agent,0.37,20,373
deepseek-r1_prompt3_debate66_5,1,human,agent,0.38,20,346
deepseek-r1_prompt4_debate66_1,1,human,agent,0.28,19,181
deepseek-r1_prompt4_debate66_2,1,human,agent,0.46,20,325
deepseek-r1_prompt4_debate66_3,1,human,agent,0.43,20,297
deepseek-r1_prompt4_debate66_4,1,human,agent,0.45,20,314
deepseek-r1_prompt4_debate66_5,1,human,agent,0.48,20,336
deepseek-r1_prompt0_debate67_1,1,human,agent,0.23,17,320
deepseek-r1_prompt0_debate67_2,1,human,agent,0.48,20,280
deepseek-r1_prompt0_debate67_3,1,human,agent,0.47,20,313
deepseek-r1_prompt0_debate67_4,1,human,agent,0.48,20,322
deepseek-r1_prompt0_debate67_5,1,human,agent,0.52,20,315
deepseek-r1_prompt1_debate67_1,1,human,agent,0.40,17,275
deepseek-r1_prompt1_debate67_2,1,human,agent,0.49,20,289
deepseek-r1_prompt1_debate67_3,1,human,agent,0.49,20,293
deepseek-r1_prompt1_debate67_4,1,human,agent,0.51,20,322
deepseek-r1_prompt1_debate67_5,1,human,agent,0.54,20,311
deepseek-r1_prompt2_debate67_1,1,human,agent,0.29,17,170
deepseek-r1_prompt2_debate67_2,1,human,agent,0.52,20,304
deepseek-r1_prompt2_debate67_3,1,human,agent,0.56,20,346
deepseek-r1_prompt2_debate67_4,1,human,agent,0.54,20,328
deepseek-r1_prompt2_debate67_5,1,human,agent,0.48,20,353
deepseek-r1_prompt3_debate67_1,1,human,agent,0.39,17,255
deepseek-r1_prompt3_debate67_2,1,human,agent,0.45,20,270
deepseek-r1_prompt3_debate67_3,1,human,agent,0.44,20,269
deepseek-r1_prompt3_debate67_4,1,human,agent,0.42,20,290
deepseek-r1_prompt3_debate67_5,1,human,agent,0.47,20,325
deepseek-r1_prompt4_debate67_1,1,human,agent,0.31,17,220
deepseek-r1_prompt4_debate67_2,1,human,agent,0.46,20,314
deepseek-r1_prompt4_debate67_3,1,human,agent,0.51,20,299
deepseek-r1_prompt4_debate67_4,1,human,agent,0.47,20,300
deepseek-r1_prompt4_debate67_5,1,human,agent,0.51,20,335
deepseek-r1_prompt0_debate68_1,1,human,agent,0.47,18,325
deepseek-r1_prompt0_debate68_2,1,human,agent,0.38,20,315
deepseek-r1_prompt0_debate68_3,1,human,agent,0.40,20,314
deepseek-r1_prompt0_debate68_4,1,human,agent,0.43,20,312
deepseek-r1_prompt0_debate68_5,1,human,agent,0.43,20,328
deepseek-r1_prompt1_debate68_1,1,human,agent,0.59,18,311
deepseek-r1_prompt1_debate68_2,1,human,agent,0.39,20,304
deepseek-r1_prompt1_debate68_3,1,human,agent,0.45,20,289
deepseek-r1_prompt1_debate68_4,1,human,agent,0.41,20,338
deepseek-r1_prompt1_debate68_5,1,human,agent,0.47,20,327
deepseek-r1_prompt2_debate68_1,1,human,agent,0.52,18,185
deepseek-r1_prompt2_debate68_2,1,human,agent,0.44,20,323
deepseek-r1_prompt2_debate68_3,1,human,agent,0.45,20,314
deepseek-r1_prompt2_debate68_4,1,human,agent,0.48,20,358
deepseek-r1_prompt2_debate68_5,1,human,agent,0.59,20,310
deepseek-r1_prompt3_debate68_1,1,human,agent,0.37,18,359
deepseek-r1_prompt3_debate68_2,1,human,agent,0.34,20,316
deepseek-r1_prompt3_debate68_3,1,human,agent,0.33,20,335
deepseek-r1_prompt3_debate68_4,1,human,agent,0.39,20,304
deepseek-r1_prompt3_debate68_5,1,human,agent,0.41,20,337
deepseek-r1_prompt4_debate68_1,1,human,agent,0.41,18,177
deepseek-r1_prompt4_debate68_2,1,human,agent,0.42,20,297
deepseek-r1_prompt4_debate68_3,1,human,agent,0.43,20,297
deepseek-r1_prompt4_debate68_4,1,human,agent,0.50,20,339
deepseek-r1_prompt4_debate68_5,1,human,agent,0.43,20,347
deepseek-r1_prompt0_debate69_1,1,human,agent,0.27,14,269
deepseek-r1_prompt0_debate69_2,1,human,agent,0.36,20,283
deepseek-r1_prompt0_debate69_3,1,human,agent,0.47,20,329
deepseek-r1_prompt0_debate69_4,1,human,agent,0.45,20,329
deepseek-r1_prompt0_debate69_5,1,human,agent,0.39,20,296
deepseek-r1_prompt1_debate69_1,1,human,agent,0.31,14,366
deepseek-r1_prompt1_debate69_2,1,human,agent,0.41,20,290
deepseek-r1_prompt1_debate69_3,1,human,agent,0.41,20,310
deepseek-r1_prompt1_debate69_4,1,human,agent,0.46,20,312
deepseek-r1_prompt1_debate69_5,1,human,agent,0.35,20,323
deepseek-r1_prompt2_debate69_1,1,human,agent,0.32,14,119
deepseek-r1_prompt2_debate69_2,1,human,agent,0.50,20,301
deepseek-r1_prompt2_debate69_3,1,human,agent,0.51,20,331
deepseek-r1_prompt2_debate69_4,1,human,agent,0.48,20,339
deepseek-r1_prompt2_debate69_5,1,human,agent,0.51,20,316
deepseek-r1_prompt3_debate69_1,1,human,agent,0.28,14,259
deepseek-r1_prompt3_debate69_2,1,human,agent,0.42,20,299
deepseek-r1_prompt3_debate69_3,1,human,agent,0.45,20,310
deepseek-r1_prompt3_debate69_4,1,human,agent,0.49,20,316
deepseek-r1_prompt3_debate69_5,1,human,agent,0.47,20,325
deepseek-r1_prompt4_debate69_1,1,human,agent,0.60,14,116
deepseek-r1_prompt4_debate69_2,1,human,agent,0.49,20,284
deepseek-r1_prompt4_debate69_3,1,human,agent,0.51,20,303
deepseek-r1_prompt4_debate69_4,1,human,agent,0.55,20,281
deepseek-r1_prompt4_debate69_5,1,human,agent,0.51,20,317
deepseek-r1_prompt0_debate7_1,1,human,agent,0.35,12,299
deepseek-r1_prompt0_debate7_2,1,human,agent,0.39,20,313
deepseek-r1_prompt0_debate7_3,1,human,agent,0.41,20,321
deepseek-r1_prompt0_debate7_4,1,human,agent,0.43,20,293
deepseek-r1_prompt0_debate7_5,1,human,agent,0.49,20,296
deepseek-r1_prompt1_debate7_1,1,human,agent,0.61,12,254
deepseek-r1_prompt1_debate7_2,1,human,agent,0.36,20,332
deepseek-r1_prompt1_debate7_3,1,human,agent,0.43,20,303
deepseek-r1_prompt1_debate7_4,1,human,agent,0.44,20,295
deepseek-r1_prompt1_debate7_5,1,human,agent,0.45,20,304
deepseek-r1_prompt2_debate7_1,1,human,agent,0.38,12,161
deepseek-r1_prompt2_debate7_2,1,human,agent,0.49,20,322
deepseek-r1_prompt2_debate7_3,1,human,agent,0.54,20,335
deepseek-r1_prompt2_debate7_4,1,human,agent,0.48,20,345
deepseek-r1_prompt2_debate7_5,1,human,agent,0.52,20,302
deepseek-r1_prompt3_debate7_1,1,human,agent,0.38,12,340
deepseek-r1_prompt3_debate7_2,1,human,agent,0.37,20,320
deepseek-r1_prompt3_debate7_3,1,human,agent,0.35,20,264
deepseek-r1_prompt3_debate7_4,1,human,agent,0.38,20,268
deepseek-r1_prompt3_debate7_5,1,human,agent,0.42,20,278
deepseek-r1_prompt4_debate7_1,1,human,agent,0.42,12,192
deepseek-r1_prompt4_debate7_2,1,human,agent,0.49,20,299
deepseek-r1_prompt4_debate7_3,1,human,agent,0.43,20,331
deepseek-r1_prompt4_debate7_4,1,human,agent,0.47,20,328
deepseek-r1_prompt4_debate7_5,1,human,agent,0.44,20,273
deepseek-r1_prompt0_debate70_1,1,human,agent,0.34,14,323
deepseek-r1_prompt0_debate70_2,1,human,agent,0.37,20,324
deepseek-r1_prompt0_debate70_3,1,human,agent,0.36,20,312
deepseek-r1_prompt0_debate70_4,1,human,agent,0.36,20,326
deepseek-r1_prompt0_debate70_5,1,human,agent,0.39,20,320
deepseek-r1_prompt1_debate70_1,1,human,agent,0.36,14,240
deepseek-r1_prompt1_debate70_2,1,human,agent,0.45,20,304
deepseek-r1_prompt1_debate70_3,1,human,agent,0.40,20,340
deepseek-r1_prompt1_debate70_4,1,human,agent,0.38,20,338
deepseek-r1_prompt1_debate70_5,1,human,agent,0.43,20,325
deepseek-r1_prompt2_debate70_1,1,human,agent,0.26,14,143
deepseek-r1_prompt2_debate70_2,1,human,agent,0.52,20,303
deepseek-r1_prompt2_debate70_3,1,human,agent,0.47,20,293
deepseek-r1_prompt2_debate70_4,1,human,agent,0.50,20,330
deepseek-r1_prompt2_debate70_5,1,human,agent,0.55,20,317
deepseek-r1_prompt3_debate70_1,1,human,agent,0.26,14,322
deepseek-r1_prompt3_debate70_2,1,human,agent,0.42,20,309
deepseek-r1_prompt3_debate70_3,1,human,agent,0.48,20,318
deepseek-r1_prompt3_debate70_4,1,human,agent,0.31,20,328
deepseek-r1_prompt3_debate70_5,1,human,agent,0.41,20,331
deepseek-r1_prompt4_debate70_1,1,human,agent,0.31,14,132
deepseek-r1_prompt4_debate70_2,1,human,agent,0.47,20,286
deepseek-r1_prompt4_debate70_3,1,human,agent,0.44,20,301
deepseek-r1_prompt4_debate70_4,1,human,agent,0.44,20,347
deepseek-r1_prompt4_debate70_5,1,human,agent,0.49,20,354
deepseek-r1_prompt0_debate71_1,1,human,agent,0.38,15,265
deepseek-r1_prompt0_debate71_2,1,human,agent,0.46,20,315
deepseek-r1_prompt0_debate71_3,1,human,agent,0.40,20,313
deepseek-r1_prompt0_debate71_4,1,human,agent,0.40,20,323
deepseek-r1_prompt0_debate71_5,1,human,agent,0.43,20,319
deepseek-r1_prompt1_debate71_1,1,human,agent,0.36,15,169
deepseek-r1_prompt1_debate71_2,1,human,agent,0.41,20,304
deepseek-r1_prompt1_debate71_3,1,human,agent,0.44,20,347
deepseek-r1_prompt1_debate71_4,1,human,agent,0.45,20,347
deepseek-r1_prompt1_debate71_5,1,human,agent,0.45,20,346
deepseek-r1_prompt2_debate71_1,1,human,agent,0.39,15,193
deepseek-r1_prompt2_debate71_2,1,human,agent,0.48,20,328
deepseek-r1_prompt2_debate71_3,1,human,agent,0.52,20,336
deepseek-r1_prompt2_debate71_4,1,human,agent,0.49,20,347
deepseek-r1_prompt2_debate71_5,1,human,agent,0.48,20,319
deepseek-r1_prompt3_debate71_1,1,human,agent,0.44,15,199
deepseek-r1_prompt3_debate71_2,1,human,agent,0.43,20,276
deepseek-r1_prompt3_debate71_3,1,human,agent,0.45,20,295
deepseek-r1_prompt3_debate71_4,1,human,agent,0.43,20,278
deepseek-r1_prompt3_debate71_5,1,human,agent,0.41,20,295
deepseek-r1_prompt4_debate71_1,1,human,agent,0.36,15,178
deepseek-r1_prompt4_debate71_2,1,human,agent,0.52,20,286
deepseek-r1_prompt4_debate71_3,1,human,agent,0.44,20,366
deepseek-r1_prompt4_debate71_4,1,human,agent,0.55,20,358
deepseek-r1_prompt4_debate71_5,1,human,agent,0.51,20,339
deepseek-r1_prompt0_debate72_1,1,human,agent,0.20,15,336
deepseek-r1_prompt0_debate72_2,1,human,agent,0.36,20,296
deepseek-r1_prompt0_debate72_3,1,human,agent,0.37,20,312
deepseek-r1_prompt0_debate72_4,1,human,agent,0.38,20,312
deepseek-r1_prompt0_debate72_5,1,human,agent,0.37,20,320
deepseek-r1_prompt1_debate72_1,1,human,agent,0.31,15,345
deepseek-r1_prompt1_debate72_2,1,human,agent,0.37,20,322
deepseek-r1_prompt1_debate72_3,1,human,agent,0.31,20,306
deepseek-r1_prompt1_debate72_4,1,human,agent,0.38,20,322
deepseek-r1_prompt1_debate72_5,1,human,agent,0.31,20,308
deepseek-r1_prompt2_debate72_1,1,human,agent,0.20,15,280
deepseek-r1_prompt2_debate72_2,1,human,agent,0.46,20,284
deepseek-r1_prompt2_debate72_3,1,human,agent,0.51,20,337
deepseek-r1_prompt2_debate72_4,1,human,agent,0.47,20,299
deepseek-r1_prompt2_debate72_5,1,human,agent,0.45,20,317
deepseek-r1_prompt3_debate72_1,1,human,agent,0.19,15,342
deepseek-r1_prompt3_debate72_2,1,human,agent,0.32,20,299
deepseek-r1_prompt3_debate72_3,1,human,agent,0.30,20,312
deepseek-r1_prompt3_debate72_4,1,human,agent,0.34,20,318
deepseek-r1_prompt3_debate72_5,1,human,agent,0.34,20,324
deepseek-r1_prompt4_debate72_1,1,human,agent,0.21,15,191
deepseek-r1_prompt4_debate72_2,1,human,agent,0.42,20,279
deepseek-r1_prompt4_debate72_3,1,human,agent,0.45,20,308
deepseek-r1_prompt4_debate72_4,1,human,agent,0.48,20,344
deepseek-r1_prompt4_debate72_5,1,human,agent,0.47,20,302
deepseek-r1_prompt0_debate73_1,1,human,agent,0.31,11,284
deepseek-r1_prompt0_debate73_2,1,human,agent,0.44,20,304
deepseek-r1_prompt0_debate73_3,1,human,agent,0.41,20,314
deepseek-r1_prompt0_debate73_4,1,human,agent,0.40,20,325
deepseek-r1_prompt0_debate73_5,1,human,agent,0.42,20,312
deepseek-r1_prompt1_debate73_1,1,human,agent,0.17,11,315
deepseek-r1_prompt1_debate73_2,1,human,agent,0.41,20,297
deepseek-r1_prompt1_debate73_3,1,human,agent,0.45,20,347
deepseek-r1_prompt1_debate73_4,1,human,agent,0.48,20,341
deepseek-r1_prompt1_debate73_5,1,human,agent,0.44,20,345
deepseek-r1_prompt2_debate73_1,1,human,agent,0.17,11,237
deepseek-r1_prompt2_debate73_2,1,human,agent,0.48,20,288
deepseek-r1_prompt2_debate73_3,1,human,agent,0.47,20,282
deepseek-r1_prompt2_debate73_4,1,human,agent,0.53,20,282
deepseek-r1_prompt2_debate73_5,1,human,agent,0.51,20,326
deepseek-r1_prompt3_debate73_1,1,human,agent,0.17,11,256
deepseek-r1_prompt3_debate73_2,1,human,agent,0.37,20,297
deepseek-r1_prompt3_debate73_3,1,human,agent,0.42,20,303
deepseek-r1_prompt3_debate73_4,1,human,agent,0.49,20,328
deepseek-r1_prompt3_debate73_5,1,human,agent,0.48,20,326
deepseek-r1_prompt4_debate73_1,1,human,agent,0.20,11,226
deepseek-r1_prompt4_debate73_2,1,human,agent,0.48,20,311
deepseek-r1_prompt4_debate73_3,1,human,agent,0.49,20,342
deepseek-r1_prompt4_debate73_4,1,human,agent,0.55,20,352
deepseek-r1_prompt4_debate73_5,1,human,agent,0.51,20,362
deepseek-r1_prompt0_debate74_1,1,human,agent,0.16,12,271
deepseek-r1_prompt0_debate74_2,1,human,agent,0.36,20,319
deepseek-r1_prompt0_debate74_3,1,human,agent,0.41,20,332
deepseek-r1_prompt0_debate74_4,1,human,agent,0.46,20,307
deepseek-r1_prompt0_debate74_5,1,human,agent,0.47,20,320
deepseek-r1_prompt1_debate74_1,1,human,agent,0.16,12,308
deepseek-r1_prompt1_debate74_2,1,human,agent,0.44,20,319
deepseek-r1_prompt1_debate74_3,1,human,agent,0.47,20,325
deepseek-r1_prompt1_debate74_4,1,human,agent,0.51,20,326
deepseek-r1_prompt1_debate74_5,1,human,agent,0.44,20,302
deepseek-r1_prompt2_debate74_1,1,human,agent,0.18,12,177
deepseek-r1_prompt2_debate74_2,1,human,agent,0.54,20,309
deepseek-r1_prompt2_debate74_3,1,human,agent,0.45,20,298
deepseek-r1_prompt2_debate74_4,1,human,agent,0.53,20,324
deepseek-r1_prompt2_debate74_5,1,human,agent,0.47,20,315
deepseek-r1_prompt3_debate74_1,1,human,agent,0.15,12,309
deepseek-r1_prompt3_debate74_2,1,human,agent,0.32,20,311
deepseek-r1_prompt3_debate74_3,1,human,agent,0.41,20,310
deepseek-r1_prompt3_debate74_4,1,human,agent,0.37,20,303
deepseek-r1_prompt3_debate74_5,1,human,agent,0.29,20,284
deepseek-r1_prompt4_debate74_1,1,human,agent,0.19,12,249
deepseek-r1_prompt4_debate74_2,1,human,agent,0.44,20,298
deepseek-r1_prompt4_debate74_3,1,human,agent,0.54,20,324
deepseek-r1_prompt4_debate74_4,1,human,agent,0.53,20,335
deepseek-r1_prompt4_debate74_5,1,human,agent,0.58,20,339
deepseek-r1_prompt0_debate75_1,1,human,agent,0.27,12,357
deepseek-r1_prompt0_debate75_2,1,human,agent,0.43,20,314
deepseek-r1_prompt0_debate75_3,1,human,agent,0.44,20,332
deepseek-r1_prompt0_debate75_4,1,human,agent,0.41,20,336
deepseek-r1_prompt0_debate75_5,1,human,agent,0.46,20,334
deepseek-r1_prompt1_debate75_1,1,human,agent,0.28,12,344
deepseek-r1_prompt1_debate75_2,1,human,agent,0.48,20,309
deepseek-r1_prompt1_debate75_3,1,human,agent,0.45,20,340
deepseek-r1_prompt1_debate75_4,1,human,agent,0.41,20,331
deepseek-r1_prompt1_debate75_5,1,human,agent,0.49,20,341
deepseek-r1_prompt2_debate75_1,1,human,agent,0.44,12,125
deepseek-r1_prompt2_debate75_2,1,human,agent,0.47,20,273
deepseek-r1_prompt2_debate75_3,1,human,agent,0.50,20,288
deepseek-r1_prompt2_debate75_4,1,human,agent,0.53,20,341
deepseek-r1_prompt2_debate75_5,1,human,agent,0.52,20,324
deepseek-r1_prompt3_debate75_1,1,human,agent,0.33,12,337
deepseek-r1_prompt3_debate75_2,1,human,agent,0.41,20,291
deepseek-r1_prompt3_debate75_3,1,human,agent,0.46,20,334
deepseek-r1_prompt3_debate75_4,1,human,agent,0.46,20,328
deepseek-r1_prompt3_debate75_5,1,human,agent,0.44,20,341
deepseek-r1_prompt4_debate75_1,1,human,agent,0.36,12,249
deepseek-r1_prompt4_debate75_2,1,human,agent,0.56,20,287
deepseek-r1_prompt4_debate75_3,1,human,agent,0.52,20,284
deepseek-r1_prompt4_debate75_4,1,human,agent,0.55,20,291
deepseek-r1_prompt4_debate75_5,1,human,agent,0.50,20,288
deepseek-r1_prompt0_debate76_1,1
deepseek-r1_prompt0_debate76_2,1,human,agent,0.43,20,291
deepseek-r1_prompt0_debate76_3,1,human,agent,0.38,20,272
deepseek-r1_prompt0_debate76_4,1,human,agent,0.46,20,311
deepseek-r1_prompt0_debate76_5,1,human,agent,0.43,20,331
deepseek-r1_prompt1_debate76_1,1
deepseek-r1_prompt1_debate76_2,1,human,agent,0.42,20,302
deepseek-r1_prompt1_debate76_3,1,human,agent,0.48,20,314
deepseek-r1_prompt1_debate76_4,1,human,agent,0.43,20,321
deepseek-r1_prompt1_debate76_5,1,human,agent,0.46,20,311
deepseek-r1_prompt2_debate76_1,1
deepseek-r1_prompt2_debate76_2,1,human,agent,0.55,20,285
deepseek-r1_prompt2_debate76_3,1,human,agent,0.53,20,320
deepseek-r1_prompt2_debate76_4,1,human,agent,0.54,20,328
deepseek-r1_prompt2_debate76_5,1,human,agent,0.54,20,332
deepseek-r1_prompt3_debate76_1,1
deepseek-r1_prompt3_debate76_2,1,human,agent,0.39,20,314
deepseek-r1_prompt3_debate76_3,1,human,agent,0.42,20,305
deepseek-r1_prompt3_debate76_4,1,human,agent,0.44,20,332
deepseek-r1_prompt3_debate76_5,1,human,agent,0.42,20,323
deepseek-r1_prompt4_debate76_1,1
deepseek-r1_prompt4_debate76_2,1,human,agent,0.53,20,274
deepseek-r1_prompt4_debate76_3,1,human,agent,0.52,20,292
deepseek-r1_prompt4_debate76_4,1,human,agent,0.50,20,283
deepseek-r1_prompt4_debate76_5,1,human,agent,0.55,20,316
deepseek-r1_prompt0_debate77_1,1,human,agent,0.26,14,294
deepseek-r1_prompt0_debate77_2,1,human,agent,0.40,20,306
deepseek-r1_prompt0_debate77_3,1,human,agent,0.44,20,351
deepseek-r1_prompt0_debate77_4,1,human,agent,0.49,20,346
deepseek-r1_prompt0_debate77_5,1,human,agent,0.46,20,324
deepseek-r1_prompt1_debate77_1,1,human,agent,0.39,14,239
deepseek-r1_prompt1_debate77_2,1,human,agent,0.48,20,306
deepseek-r1_prompt1_debate77_3,1,human,agent,0.48,20,346
deepseek-r1_prompt1_debate77_4,1,human,agent,0.51,20,308
deepseek-r1_prompt1_debate77_5,1,human,agent,0.49,20,340
deepseek-r1_prompt2_debate77_1,1,human,agent,0.30,14,138
deepseek-r1_prompt2_debate77_2,1,human,agent,0.50,20,271
deepseek-r1_prompt2_debate77_3,1,human,agent,0.52,20,287
deepseek-r1_prompt2_debate77_4,1,human,agent,0.53,20,385
deepseek-r1_prompt2_debate77_5,1,human,agent,0.52,20,350
deepseek-r1_prompt3_debate77_1,1,human,agent,0.29,14,333
deepseek-r1_prompt3_debate77_2,1,human,agent,0.38,20,327
deepseek-r1_prompt3_debate77_3,1,human,agent,0.50,20,314
deepseek-r1_prompt3_debate77_4,1,human,agent,0.49,20,347
deepseek-r1_prompt3_debate77_5,1,human,agent,0.48,20,335
deepseek-r1_prompt4_debate77_1,1,human,agent,0.33,14,165
deepseek-r1_prompt4_debate77_2,1,human,agent,0.54,20,270
deepseek-r1_prompt4_debate77_3,1,human,agent,0.56,20,310
deepseek-r1_prompt4_debate77_4,1,human,agent,0.58,20,280
deepseek-r1_prompt4_debate77_5,1,human,agent,0.56,20,322
deepseek-r1_prompt0_debate78_1,1,human,agent,0.47,15,347
deepseek-r1_prompt0_debate78_2,1,human,agent,0.34,20,288
deepseek-r1_prompt0_debate78_3,1,human,agent,0.36,20,311
deepseek-r1_prompt0_debate78_4,1,human,agent,0.40,20,310
deepseek-r1_prompt0_debate78_5,1,human,agent,0.40,20,310
deepseek-r1_prompt1_debate78_1,1,human,agent,0.49,15,341
deepseek-r1_prompt1_debate78_2,1,human,agent,0.34,20,303
deepseek-r1_prompt1_debate78_3,1,human,agent,0.31,20,330
deepseek-r1_prompt1_debate78_4,1,human,agent,0.45,20,327
deepseek-r1_prompt1_debate78_5,1,human,agent,0.41,20,332
deepseek-r1_prompt2_debate78_1,1,human,agent,0.41,15,122
deepseek-r1_prompt2_debate78_2,1,human,agent,0.47,20,277
deepseek-r1_prompt2_debate78_3,1,human,agent,0.50,20,307
deepseek-r1_prompt2_debate78_4,1,human,agent,0.51,20,324
deepseek-r1_prompt2_debate78_5,1,human,agent,0.45,20,346
deepseek-r1_prompt3_debate78_1,1,human,agent,0.35,15,316
deepseek-r1_prompt3_debate78_2,1,human,agent,0.38,20,296
deepseek-r1_prompt3_debate78_3,1,human,agent,0.37,20,308
deepseek-r1_prompt3_debate78_4,1,human,agent,0.36,20,309
deepseek-r1_prompt3_debate78_5,1,human,agent,0.33,20,326
deepseek-r1_prompt4_debate78_1,1,human,agent,0.53,15,130
deepseek-r1_prompt4_debate78_2,1,human,agent,0.50,20,308
deepseek-r1_prompt4_debate78_3,1,human,agent,0.49,20,288
deepseek-r1_prompt4_debate78_4,1,human,agent,0.41,20,329
deepseek-r1_prompt4_debate78_5,1,human,agent,0.46,20,299
deepseek-r1_prompt0_debate79_1,1,human,agent,0.26,16,347
deepseek-r1_prompt0_debate79_2,1,human,agent,0.42,20,336
deepseek-r1_prompt0_debate79_3,1,human,agent,0.45,20,297
deepseek-r1_prompt0_debate79_4,1,human,agent,0.46,20,324
deepseek-r1_prompt0_debate79_5,1,human,agent,0.45,20,349
deepseek-r1_prompt1_debate79_1,1,human,agent,0.26,16,295
deepseek-r1_prompt1_debate79_2,1,human,agent,0.43,20,336
deepseek-r1_prompt1_debate79_3,1,human,agent,0.48,20,350
deepseek-r1_prompt1_debate79_4,1,human,agent,0.45,20,341
deepseek-r1_prompt1_debate79_5,1,human,agent,0.48,20,341
deepseek-r1_prompt2_debate79_1,1,human,agent,0.31,16,131
deepseek-r1_prompt2_debate79_2,1,human,agent,0.52,20,323
deepseek-r1_prompt2_debate79_3,1,human,agent,0.53,20,317
deepseek-r1_prompt2_debate79_4,1,human,agent,0.54,20,350
deepseek-r1_prompt2_debate79_5,1,human,agent,0.54,20,298
deepseek-r1_prompt3_debate79_1,1,human,agent,0.29,16,336
deepseek-r1_prompt3_debate79_2,1,human,agent,0.51,20,284
deepseek-r1_prompt3_debate79_3,1,human,agent,0.50,20,325
deepseek-r1_prompt3_debate79_4,1,human,agent,0.47,20,311
deepseek-r1_prompt3_debate79_5,1,human,agent,0.46,20,318
deepseek-r1_prompt4_debate79_1,1,human,agent,0.27,16,237
deepseek-r1_prompt4_debate79_2,1,human,agent,0.47,20,275
deepseek-r1_prompt4_debate79_3,1,human,agent,0.52,20,337
deepseek-r1_prompt4_debate79_4,1,human,agent,0.48,20,372
deepseek-r1_prompt4_debate79_5,1,human,agent,0.49,20,331
deepseek-r1_prompt0_debate8_1,1,human,agent,0.34,16,279
deepseek-r1_prompt0_debate8_2,1,human,agent,0.44,20,287
deepseek-r1_prompt0_debate8_3,1,human,agent,0.44,20,275
deepseek-r1_prompt0_debate8_4,1,human,agent,0.45,20,273
deepseek-r1_prompt0_debate8_5,1,human,agent,0.40,20,285
deepseek-r1_prompt1_debate8_1,1,human,agent,0.34,16,196
deepseek-r1_prompt1_debate8_2,1,human,agent,0.41,20,286
deepseek-r1_prompt1_debate8_3,1,human,agent,0.44,20,316
deepseek-r1_prompt1_debate8_4,1,human,agent,0.46,20,257
deepseek-r1_prompt1_debate8_5,1,human,agent,0.45,20,291
deepseek-r1_prompt2_debate8_1,1,human,agent,0.28,16,149
deepseek-r1_prompt2_debate8_2,1,human,agent,0.48,20,303
deepseek-r1_prompt2_debate8_3,1,human,agent,0.48,20,278
deepseek-r1_prompt2_debate8_4,1,human,agent,0.46,20,283
deepseek-r1_prompt2_debate8_5,1,human,agent,0.46,20,272
deepseek-r1_prompt3_debate8_1,1,human,agent,0.23,16,326
deepseek-r1_prompt3_debate8_2,1,human,agent,0.40,20,284
deepseek-r1_prompt3_debate8_3,1,human,agent,0.39,20,317
deepseek-r1_prompt3_debate8_4,1,human,agent,0.36,20,315
deepseek-r1_prompt3_debate8_5,1,human,agent,0.36,20,308
deepseek-r1_prompt4_debate8_1,1,human,agent,0.36,16,145
deepseek-r1_prompt4_debate8_2,1,human,agent,0.45,20,298
deepseek-r1_prompt4_debate8_3,1,human,agent,0.48,20,300
deepseek-r1_prompt4_debate8_4,1,human,agent,0.43,20,301
deepseek-r1_prompt4_debate8_5,1,human,agent,0.47,20,300
deepseek-r1_prompt0_debate80_1,1,human,agent,0.53,15,287
deepseek-r1_prompt0_debate80_2,1,human,agent,0.51,20,299
deepseek-r1_prompt0_debate80_3,1,human,agent,0.47,20,314
deepseek-r1_prompt0_debate80_4,1,human,agent,0.46,20,296
deepseek-r1_prompt0_debate80_5,1,human,agent,0.48,20,297
deepseek-r1_prompt1_debate80_1,1,human,agent,0.39,15,298
deepseek-r1_prompt1_debate80_2,1,human,agent,0.42,20,308
deepseek-r1_prompt1_debate80_3,1,human,agent,0.47,20,330
deepseek-r1_prompt1_debate80_4,1,human,agent,0.41,20,350
deepseek-r1_prompt1_debate80_5,1,human,agent,0.43,20,346
deepseek-r1_prompt2_debate80_1,1,human,agent,0.41,15,111
deepseek-r1_prompt2_debate80_2,1,human,agent,0.52,20,308
deepseek-r1_prompt2_debate80_3,1,human,agent,0.51,20,306
deepseek-r1_prompt2_debate80_4,1,human,agent,0.53,20,327
deepseek-r1_prompt2_debate80_5,1,human,agent,0.54,20,330
deepseek-r1_prompt3_debate80_1,1,human,agent,0.50,15,191
deepseek-r1_prompt3_debate80_2,1,human,agent,0.37,20,267
deepseek-r1_prompt3_debate80_3,1,human,agent,0.48,20,309
deepseek-r1_prompt3_debate80_4,1,human,agent,0.48,20,304
deepseek-r1_prompt3_debate80_5,1,human,agent,0.45,20,309
deepseek-r1_prompt4_debate80_1,1,human,agent,0.40,15,293
deepseek-r1_prompt4_debate80_2,1,human,agent,0.52,20,300
deepseek-r1_prompt4_debate80_3,1,human,agent,0.48,20,305
deepseek-r1_prompt4_debate80_4,1,human,agent,0.47,20,333
deepseek-r1_prompt4_debate80_5,1,human,agent,0.46,20,345
deepseek-r1_prompt0_debate81_1,1,human,agent,0.37,17,364
deepseek-r1_prompt0_debate81_2,1,human,agent,0.37,20,309
deepseek-r1_prompt0_debate81_3,1,human,agent,0.32,20,315
deepseek-r1_prompt0_debate81_4,1,human,agent,0.43,20,342
deepseek-r1_prompt0_debate81_5,1,human,agent,0.45,20,319
deepseek-r1_prompt1_debate81_1,1,human,agent,0.36,17,280
deepseek-r1_prompt1_debate81_2,1,human,agent,0.43,20,302
deepseek-r1_prompt1_debate81_3,1,human,agent,0.44,20,319
deepseek-r1_prompt1_debate81_4,1,human,agent,0.41,20,335
deepseek-r1_prompt1_debate81_5,1,human,agent,0.41,20,336
deepseek-r1_prompt2_debate81_1,1,human,agent,0.39,17,154
deepseek-r1_prompt2_debate81_2,1,human,agent,0.43,20,270
deepseek-r1_prompt2_debate81_3,1,human,agent,0.49,20,338
deepseek-r1_prompt2_debate81_4,1,human,agent,0.47,20,342
deepseek-r1_prompt2_debate81_5,1,human,agent,0.45,20,315
deepseek-r1_prompt3_debate81_1,1,human,agent,0.38,17,368
deepseek-r1_prompt3_debate81_2,1,human,agent,0.39,20,312
deepseek-r1_prompt3_debate81_3,1,human,agent,0.42,20,314
deepseek-r1_prompt3_debate81_4,1,human,agent,0.43,20,319
deepseek-r1_prompt3_debate81_5,1,human,agent,0.39,20,315
deepseek-r1_prompt4_debate81_1,1,human,agent,0.41,17,283
deepseek-r1_prompt4_debate81_2,1,human,agent,0.42,20,301
deepseek-r1_prompt4_debate81_3,1,human,agent,0.49,20,298
deepseek-r1_prompt4_debate81_4,1,human,agent,0.44,20,334
deepseek-r1_prompt4_debate81_5,1,human,agent,0.42,20,308
deepseek-r1_prompt0_debate82_1,1,human,agent,0.55,12,318
deepseek-r1_prompt0_debate82_2,1,human,agent,0.43,20,291
deepseek-r1_prompt0_debate82_3,1,human,agent,0.44,20,303
deepseek-r1_prompt0_debate82_4,1,human,agent,0.43,20,299
deepseek-r1_prompt0_debate82_5,1,human,agent,0.46,20,315
deepseek-r1_prompt1_debate82_1,1,human,agent,0.52,12,355
deepseek-r1_prompt1_debate82_2,1,human,agent,0.42,20,288
deepseek-r1_prompt1_debate82_3,1,human,agent,0.43,20,313
deepseek-r1_prompt1_debate82_4,1,human,agent,0.41,20,346
deepseek-r1_prompt1_debate82_5,1,human,agent,0.42,20,326
deepseek-r1_prompt2_debate82_1,1,human,agent,0.52,12,235
deepseek-r1_prompt2_debate82_2,1,human,agent,0.44,20,298
deepseek-r1_prompt2_debate82_3,1,human,agent,0.46,20,334
deepseek-r1_prompt2_debate82_4,1,human,agent,0.45,20,316
deepseek-r1_prompt2_debate82_5,1,human,agent,0.51,20,309
deepseek-r1_prompt3_debate82_1,1,human,agent,0.57,12,290
deepseek-r1_prompt3_debate82_2,1,human,agent,0.42,20,285
deepseek-r1_prompt3_debate82_3,1,human,agent,0.39,20,322
deepseek-r1_prompt3_debate82_4,1,human,agent,0.49,20,351
deepseek-r1_prompt3_debate82_5,1,human,agent,0.37,20,334
deepseek-r1_prompt4_debate82_1,1,human,agent,0.59,12,195
deepseek-r1_prompt4_debate82_2,1,human,agent,0.45,20,290
deepseek-r1_prompt4_debate82_3,1,human,agent,0.52,20,282
deepseek-r1_prompt4_debate82_4,1,human,agent,0.50,20,302
deepseek-r1_prompt4_debate82_5,1,human,agent,0.50,20,310
deepseek-r1_prompt0_debate83_1,1,human,agent,0.51,17,332
deepseek-r1_prompt0_debate83_2,1,human,agent,0.36,20,302
deepseek-r1_prompt0_debate83_3,1,human,agent,0.47,20,344
deepseek-r1_prompt0_debate83_4,1,human,agent,0.43,20,326
deepseek-r1_prompt0_debate83_5,1,human,agent,0.38,20,255
deepseek-r1_prompt1_debate83_1,1,human,agent,0.36,17,320
deepseek-r1_prompt1_debate83_2,1,human,agent,0.46,20,292
deepseek-r1_prompt1_debate83_3,1,human,agent,0.36,20,315
deepseek-r1_prompt1_debate83_4,1,human,agent,0.38,20,342
deepseek-r1_prompt1_debate83_5,1,human,agent,0.37,20,335
deepseek-r1_prompt2_debate83_1,1,human,agent,0.40,17,212
deepseek-r1_prompt2_debate83_2,1,human,agent,0.48,20,299
deepseek-r1_prompt2_debate83_3,1,human,agent,0.54,20,298
deepseek-r1_prompt2_debate83_4,1,human,agent,0.53,20,323
deepseek-r1_prompt2_debate83_5,1,human,agent,0.44,20,337
deepseek-r1_prompt3_debate83_1,1,human,agent,0.39,17,295
deepseek-r1_prompt3_debate83_2,1,human,agent,0.41,20,311
deepseek-r1_prompt3_debate83_3,1,human,agent,0.43,20,298
deepseek-r1_prompt3_debate83_4,1,human,agent,0.38,20,298
deepseek-r1_prompt3_debate83_5,1,human,agent,0.40,20,275
deepseek-r1_prompt4_debate83_1,1,human,agent,0.38,17,259
deepseek-r1_prompt4_debate83_2,1,human,agent,0.40,20,303
deepseek-r1_prompt4_debate83_3,1,human,agent,0.43,20,336
deepseek-r1_prompt4_debate83_4,1,human,agent,0.41,20,364
deepseek-r1_prompt4_debate83_5,1,human,agent,0.36,20,344
deepseek-r1_prompt0_debate84_1,1,human,agent,0.25,16,273
deepseek-r1_prompt0_debate84_2,1,human,agent,0.41,20,316
deepseek-r1_prompt0_debate84_3,1,human,agent,0.41,20,288
deepseek-r1_prompt0_debate84_4,1,human,agent,0.36,20,300
deepseek-r1_prompt0_debate84_5,1,human,agent,0.42,20,306
deepseek-r1_prompt1_debate84_1,1,human,agent,0.24,16,319
deepseek-r1_prompt1_debate84_2,1,human,agent,0.45,20,286
deepseek-r1_prompt1_debate84_3,1,human,agent,0.45,20,313
deepseek-r1_prompt1_debate84_4,1,human,agent,0.42,20,283
deepseek-r1_prompt1_debate84_5,1,human,agent,0.47,20,292
deepseek-r1_prompt2_debate84_1,1,human,agent,0.29,16,171
deepseek-r1_prompt2_debate84_2,1,human,agent,0.49,20,294
deepseek-r1_prompt2_debate84_3,1,human,agent,0.45,20,317
deepseek-r1_prompt2_debate84_4,1,human,agent,0.47,20,345
deepseek-r1_prompt2_debate84_5,1,human,agent,0.48,20,335
deepseek-r1_prompt3_debate84_1,1,human,agent,0.23,16,241
deepseek-r1_prompt3_debate84_2,1,human,agent,0.40,20,279
deepseek-r1_prompt3_debate84_3,1,human,agent,0.46,20,315
deepseek-r1_prompt3_debate84_4,1,human,agent,0.48,20,338
deepseek-r1_prompt3_debate84_5,1,human,agent,0.48,20,334
deepseek-r1_prompt4_debate84_1,1,human,agent,0.26,16,263
deepseek-r1_prompt4_debate84_2,1,human,agent,0.47,20,310
deepseek-r1_prompt4_debate84_3,1,human,agent,0.45,20,316
deepseek-r1_prompt4_debate84_4,1,human,agent,0.51,20,303
deepseek-r1_prompt4_debate84_5,1,human,agent,0.50,20,315
deepseek-r1_prompt0_debate85_1,1,human,agent,0.25,13,350
deepseek-r1_prompt0_debate85_2,1,human,agent,0.40,20,297
deepseek-r1_prompt0_debate85_3,1,human,agent,0.37,20,287
deepseek-r1_prompt0_debate85_4,1,human,agent,0.37,20,267
deepseek-r1_prompt0_debate85_5,1,human,agent,0.33,20,285
deepseek-r1_prompt1_debate85_1,1,human,agent,0.33,13,297
deepseek-r1_prompt1_debate85_2,1,human,agent,0.39,20,291
deepseek-r1_prompt1_debate85_3,1,human,agent,0.36,20,304
deepseek-r1_prompt1_debate85_4,1,human,agent,0.44,20,303
deepseek-r1_prompt1_debate85_5,1,human,agent,0.42,20,302
deepseek-r1_prompt2_debate85_1,1,human,agent,0.30,13,146
deepseek-r1_prompt2_debate85_2,1,human,agent,0.37,20,298
deepseek-r1_prompt2_debate85_3,1,human,agent,0.48,20,305
deepseek-r1_prompt2_debate85_4,1,human,agent,0.44,20,331
deepseek-r1_prompt2_debate85_5,1,human,agent,0.42,20,278
deepseek-r1_prompt3_debate85_1,1,human,agent,0.19,13,305
deepseek-r1_prompt3_debate85_2,1,human,agent,0.33,20,266
deepseek-r1_prompt3_debate85_3,1,human,agent,0.44,20,318
deepseek-r1_prompt3_debate85_4,1,human,agent,0.43,20,321
deepseek-r1_prompt3_debate85_5,1,human,agent,0.39,20,317
deepseek-r1_prompt4_debate85_1,1,human,agent,0.38,13,127
deepseek-r1_prompt4_debate85_2,1,human,agent,0.49,20,269
deepseek-r1_prompt4_debate85_3,1,human,agent,0.46,20,307
deepseek-r1_prompt4_debate85_4,1,human,agent,0.46,20,347
deepseek-r1_prompt4_debate85_5,1,human,agent,0.38,20,286
deepseek-r1_prompt0_debate86_1,1,human,agent,0.46,12,340
deepseek-r1_prompt0_debate86_2,1,human,agent,0.39,20,305
deepseek-r1_prompt0_debate86_3,1,human,agent,0.40,20,332
deepseek-r1_prompt0_debate86_4,1,human,agent,0.37,20,344
deepseek-r1_prompt0_debate86_5,1,human,agent,0.39,20,347
deepseek-r1_prompt1_debate86_1,1,human,agent,0.34,12,327
deepseek-r1_prompt1_debate86_2,1,human,agent,0.42,20,301
deepseek-r1_prompt1_debate86_3,1,human,agent,0.49,20,295
deepseek-r1_prompt1_debate86_4,1,human,agent,0.45,20,320
deepseek-r1_prompt1_debate86_5,1,human,agent,0.42,20,304
deepseek-r1_prompt2_debate86_1,1,human,agent,0.35,12,126
deepseek-r1_prompt2_debate86_2,1,human,agent,0.50,20,291
deepseek-r1_prompt2_debate86_3,1,human,agent,0.53,20,318
deepseek-r1_prompt2_debate86_4,1,human,agent,0.50,20,329
deepseek-r1_prompt2_debate86_5,1,human,agent,0.49,20,359
deepseek-r1_prompt3_debate86_1,1,human,agent,0.34,12,296
deepseek-r1_prompt3_debate86_2,1,human,agent,0.41,20,292
deepseek-r1_prompt3_debate86_3,1,human,agent,0.41,20,334
deepseek-r1_prompt3_debate86_4,1,human,agent,0.42,20,333
deepseek-r1_prompt3_debate86_5,1,human,agent,0.39,20,326
deepseek-r1_prompt4_debate86_1,1,human,agent,0.45,12,128
deepseek-r1_prompt4_debate86_2,1,human,agent,0.43,20,301
deepseek-r1_prompt4_debate86_3,1,human,agent,0.44,20,335
deepseek-r1_prompt4_debate86_4,1,human,agent,0.39,20,336
deepseek-r1_prompt4_debate86_5,1,human,agent,0.48,20,307
deepseek-r1_prompt0_debate87_1,1,human,agent,0.53,23,383
deepseek-r1_prompt0_debate87_2,1,human,agent,0.38,20,343
deepseek-r1_prompt0_debate87_3,1,human,agent,0.44,20,323
deepseek-r1_prompt0_debate87_4,1,human,agent,0.45,20,343
deepseek-r1_prompt0_debate87_5,1,human,agent,0.44,20,296
deepseek-r1_prompt1_debate87_1,1,human,agent,0.46,23,298
deepseek-r1_prompt1_debate87_2,1,human,agent,0.43,20,313
deepseek-r1_prompt1_debate87_3,1,human,agent,0.45,20,273
deepseek-r1_prompt1_debate87_4,1,human,agent,0.45,20,299
deepseek-r1_prompt1_debate87_5,1,human,agent,0.38,20,322
deepseek-r1_prompt2_debate87_1,1,human,agent,0.55,23,263
deepseek-r1_prompt2_debate87_2,1,human,agent,0.46,20,295
deepseek-r1_prompt2_debate87_3,1,human,agent,0.52,20,305
deepseek-r1_prompt2_debate87_4,1,human,agent,0.47,20,319
deepseek-r1_prompt2_debate87_5,1,human,agent,0.46,20,326
deepseek-r1_prompt3_debate87_1,1,human,agent,0.62,23,281
deepseek-r1_prompt3_debate87_2,1,human,agent,0.42,20,320
deepseek-r1_prompt3_debate87_3,1,human,agent,0.38,20,318
deepseek-r1_prompt3_debate87_4,1,human,agent,0.41,20,322
deepseek-r1_prompt3_debate87_5,1,human,agent,0.40,20,322
deepseek-r1_prompt4_debate87_1,1,human,agent,0.68,23,153
deepseek-r1_prompt4_debate87_2,1,human,agent,0.46,20,300
deepseek-r1_prompt4_debate87_3,1,human,agent,0.49,20,293
deepseek-r1_prompt4_debate87_4,1,human,agent,0.52,20,352
deepseek-r1_prompt4_debate87_5,1,human,agent,0.50,20,343
deepseek-r1_prompt0_debate88_1,1,human,agent,0.21,11,301
deepseek-r1_prompt0_debate88_2,1,human,agent,0.37,20,349
deepseek-r1_prompt0_debate88_3,1,human,agent,0.32,20,331
deepseek-r1_prompt0_debate88_4,1,human,agent,0.38,20,339
deepseek-r1_prompt0_debate88_5,1,human,agent,0.37,20,325
deepseek-r1_prompt1_debate88_1,1,human,agent,0.18,11,308
deepseek-r1_prompt1_debate88_2,1,human,agent,0.41,20,288
deepseek-r1_prompt1_debate88_3,1,human,agent,0.42,20,344
deepseek-r1_prompt1_debate88_4,1,human,agent,0.42,20,334
deepseek-r1_prompt1_debate88_5,1,human,agent,0.43,20,296
deepseek-r1_prompt2_debate88_1,1,human,agent,0.24,11,234
deepseek-r1_prompt2_debate88_2,1,human,agent,0.40,20,296
deepseek-r1_prompt2_debate88_3,1,human,agent,0.48,20,343
deepseek-r1_prompt2_debate88_4,1,human,agent,0.53,20,333
deepseek-r1_prompt2_debate88_5,1,human,agent,0.47,20,295
deepseek-r1_prompt3_debate88_1,1,human,agent,0.29,11,261
deepseek-r1_prompt3_debate88_2,1,human,agent,0.37,20,289
deepseek-r1_prompt3_debate88_3,1,human,agent,0.44,20,283
deepseek-r1_prompt3_debate88_4,1,human,agent,0.41,20,328
deepseek-r1_prompt3_debate88_5,1,human,agent,0.41,20,315
deepseek-r1_prompt4_debate88_1,1,human,agent,0.34,11,211
deepseek-r1_prompt4_debate88_2,1,human,agent,0.42,20,286
deepseek-r1_prompt4_debate88_3,1,human,agent,0.42,20,296
deepseek-r1_prompt4_debate88_4,1,human,agent,0.47,20,292
deepseek-r1_prompt4_debate88_5,1,human,agent,0.48,20,325
deepseek-r1_prompt0_debate89_1,1,human,agent,0.34,13,286
deepseek-r1_prompt0_debate89_2,1,human,agent,0.44,20,333
deepseek-r1_prompt0_debate89_3,1,human,agent,0.43,20,317
deepseek-r1_prompt0_debate89_4,1,human,agent,0.38,20,282
deepseek-r1_prompt0_debate89_5,1,human,agent,0.42,20,304
deepseek-r1_prompt1_debate89_1,1,human,agent,0.22,13,307
deepseek-r1_prompt1_debate89_2,1,human,agent,0.48,20,295
deepseek-r1_prompt1_debate89_3,1,human,agent,0.46,20,336
deepseek-r1_prompt1_debate89_4,1,human,agent,0.48,20,348
deepseek-r1_prompt1_debate89_5,1,human,agent,0.47,20,334
deepseek-r1_prompt2_debate89_1,1,human,agent,0.34,13,158
deepseek-r1_prompt2_debate89_2,1,human,agent,0.53,20,294
deepseek-r1_prompt2_debate89_3,1,human,agent,0.48,20,300
deepseek-r1_prompt2_debate89_4,1,human,agent,0.50,20,315
deepseek-r1_prompt2_debate89_5,1,human,agent,0.50,20,309
deepseek-r1_prompt3_debate89_1,1,human,agent,0.21,13,256
deepseek-r1_prompt3_debate89_2,1,human,agent,0.43,20,296
deepseek-r1_prompt3_debate89_3,1,human,agent,0.49,20,351
deepseek-r1_prompt3_debate89_4,1,human,agent,0.46,20,360
deepseek-r1_prompt3_debate89_5,1,human,agent,0.47,20,288
deepseek-r1_prompt4_debate89_1,1,human,agent,0.31,13,264
deepseek-r1_prompt4_debate89_2,1,human,agent,0.50,20,305
deepseek-r1_prompt4_debate89_3,1,human,agent,0.45,20,310
deepseek-r1_prompt4_debate89_4,1,human,agent,0.48,20,327
deepseek-r1_prompt4_debate89_5,1,human,agent,0.48,20,352
deepseek-r1_prompt0_debate9_1,1,human,agent,0.33,18,281
deepseek-r1_prompt0_debate9_2,1,human,agent,0.35,20,273
deepseek-r1_prompt0_debate9_3,1,human,agent,0.39,20,296
deepseek-r1_prompt0_debate9_4,1,human,agent,0.34,20,306
deepseek-r1_prompt0_debate9_5,1,human,agent,0.42,20,303
deepseek-r1_prompt1_debate9_1,1,human,agent,0.48,18,223
deepseek-r1_prompt1_debate9_2,1,human,agent,0.40,20,282
deepseek-r1_prompt1_debate9_3,1,human,agent,0.46,20,277
deepseek-r1_prompt1_debate9_4,1,human,agent,0.47,20,321
deepseek-r1_prompt1_debate9_5,1,human,agent,0.39,20,269
deepseek-r1_prompt2_debate9_1,1,human,agent,0.29,18,106
deepseek-r1_prompt2_debate9_2,1,human,agent,0.47,20,275
deepseek-r1_prompt2_debate9_3,1,human,agent,0.45,20,288
deepseek-r1_prompt2_debate9_4,1,human,agent,0.49,20,278
deepseek-r1_prompt2_debate9_5,1,human,agent,0.45,20,297
deepseek-r1_prompt3_debate9_1,1,human,agent,0.32,18,294
deepseek-r1_prompt3_debate9_2,1,human,agent,0.40,20,269
deepseek-r1_prompt3_debate9_3,1,human,agent,0.36,20,282
deepseek-r1_prompt3_debate9_4,1,human,agent,0.32,20,282
deepseek-r1_prompt3_debate9_5,1,human,agent,0.30,20,274
deepseek-r1_prompt4_debate9_1,1,human,agent,0.20,18,159
deepseek-r1_prompt4_debate9_2,1,human,agent,0.43,20,289
deepseek-r1_prompt4_debate9_3,1,human,agent,0.52,20,280
deepseek-r1_prompt4_debate9_4,1,human,agent,0.52,20,278
deepseek-r1_prompt4_debate9_5,1,human,agent,0.47,20,320
deepseek-r1_prompt0_debate90_1,1,human,agent,0.68,23,331
deepseek-r1_prompt0_debate90_2,1,human,agent,0.34,20,311
deepseek-r1_prompt0_debate90_3,1,human,agent,0.40,20,330
deepseek-r1_prompt0_debate90_4,1,human,agent,0.40,20,324
deepseek-r1_prompt0_debate90_5,1,human,agent,0.34,20,333
deepseek-r1_prompt1_debate90_1,1,human,agent,0.57,23,363
deepseek-r1_prompt1_debate90_2,1,human,agent,0.43,20,305
deepseek-r1_prompt1_debate90_3,1,human,agent,0.41,20,306
deepseek-r1_prompt1_debate90_4,1,human,agent,0.47,20,324
deepseek-r1_prompt1_debate90_5,1,human,agent,0.46,20,310
deepseek-r1_prompt2_debate90_1,1,human,agent,0.68,23,139
deepseek-r1_prompt2_debate90_2,1,human,agent,0.41,20,296
deepseek-r1_prompt2_debate90_3,1,human,agent,0.44,20,341
deepseek-r1_prompt2_debate90_4,1,human,agent,0.51,20,325
deepseek-r1_prompt2_debate90_5,1,human,agent,0.43,20,325
deepseek-r1_prompt3_debate90_1,1,human,agent,0.47,23,357
deepseek-r1_prompt3_debate90_2,1,human,agent,0.32,20,307
deepseek-r1_prompt3_debate90_3,1,human,agent,0.42,20,310
deepseek-r1_prompt3_debate90_4,1,human,agent,0.34,20,322
deepseek-r1_prompt3_debate90_5,1,human,agent,0.39,20,315
deepseek-r1_prompt4_debate90_1,1,human,agent,0.57,23,259
deepseek-r1_prompt4_debate90_2,1,human,agent,0.44,20,318
deepseek-r1_prompt4_debate90_3,1,human,agent,0.44,20,325
deepseek-r1_prompt4_debate90_4,1,human,agent,0.50,20,321
deepseek-r1_prompt4_debate90_5,1,human,agent,0.51,20,335
deepseek-r1_prompt0_debate91_1,1,human,agent,0.27,12,346
deepseek-r1_prompt0_debate91_2,1,human,agent,0.39,20,310
deepseek-r1_prompt0_debate91_3,1,human,agent,0.41,20,309
deepseek-r1_prompt0_debate91_4,1,human,agent,0.38,20,315
deepseek-r1_prompt0_debate91_5,1,human,agent,0.41,20,313
deepseek-r1_prompt1_debate91_1,1,human,agent,0.31,12,334
deepseek-r1_prompt1_debate91_2,1,human,agent,0.40,20,282
deepseek-r1_prompt1_debate91_3,1,human,agent,0.41,20,302
deepseek-r1_prompt1_debate91_4,1,human,agent,0.40,20,304
deepseek-r1_prompt1_debate91_5,1,human,agent,0.43,20,311
deepseek-r1_prompt2_debate91_1,1,human,agent,0.34,12,165
deepseek-r1_prompt2_debate91_2,1,human,agent,0.50,20,303
deepseek-r1_prompt2_debate91_3,1,human,agent,0.43,20,351
deepseek-r1_prompt2_debate91_4,1,human,agent,0.50,20,321
deepseek-r1_prompt2_debate91_5,1,human,agent,0.46,20,293
deepseek-r1_prompt3_debate91_1,1,human,agent,0.41,12,331
deepseek-r1_prompt3_debate91_2,1,human,agent,0.38,20,288
deepseek-r1_prompt3_debate91_3,1,human,agent,0.38,20,313
deepseek-r1_prompt3_debate91_4,1,human,agent,0.43,20,329
deepseek-r1_prompt3_debate91_5,1,human,agent,0.40,20,325
deepseek-r1_prompt4_debate91_1,1,human,agent,0.38,12,186
deepseek-r1_prompt4_debate91_2,1,human,agent,0.46,20,264
deepseek-r1_prompt4_debate91_3,1,human,agent,0.45,20,269
deepseek-r1_prompt4_debate91_4,1,human,agent,0.47,20,305
deepseek-r1_prompt4_debate91_5,1,human,agent,0.48,20,329
deepseek-r1_prompt0_debate92_1,1,human,agent,0.34,16,369
deepseek-r1_prompt0_debate92_2,1,human,agent,0.41,20,285
deepseek-r1_prompt0_debate92_3,1,human,agent,0.42,20,345
deepseek-r1_prompt0_debate92_4,1,human,agent,0.44,20,308
deepseek-r1_prompt0_debate92_5,1,human,agent,0.47,20,328
deepseek-r1_prompt1_debate92_1,1,human,agent,0.32,16,240
deepseek-r1_prompt1_debate92_2,1,human,agent,0.43,20,301
deepseek-r1_prompt1_debate92_3,1,human,agent,0.39,20,329
deepseek-r1_prompt1_debate92_4,1,human,agent,0.50,20,297
deepseek-r1_prompt1_debate92_5,1,human,agent,0.44,20,293
deepseek-r1_prompt2_debate92_1,1,human,agent,0.38,16,120
deepseek-r1_prompt2_debate92_2,1,human,agent,0.47,20,294
deepseek-r1_prompt2_debate92_3,1,human,agent,0.46,20,346
deepseek-r1_prompt2_debate92_4,1,human,agent,0.51,20,321
deepseek-r1_prompt2_debate92_5,1,human,agent,0.51,20,310
deepseek-r1_prompt3_debate92_1,1,human,agent,0.34,16,296
deepseek-r1_prompt3_debate92_2,1,human,agent,0.41,20,266
deepseek-r1_prompt3_debate92_3,1,human,agent,0.41,20,280
deepseek-r1_prompt3_debate92_4,1,human,agent,0.47,20,311
deepseek-r1_prompt3_debate92_5,1,human,agent,0.45,20,284
deepseek-r1_prompt4_debate92_1,1,human,agent,0.38,16,141
deepseek-r1_prompt4_debate92_2,1,human,agent,0.41,20,279
deepseek-r1_prompt4_debate92_3,1,human,agent,0.34,20,312
deepseek-r1_prompt4_debate92_4,1,human,agent,0.50,20,314
deepseek-r1_prompt4_debate92_5,1,human,agent,0.46,20,333
deepseek-r1_prompt0_debate93_1,1,human,agent,0.15,13,314
deepseek-r1_prompt0_debate93_2,1,human,agent,0.36,20,320
deepseek-r1_prompt0_debate93_3,1,human,agent,0.39,20,344
deepseek-r1_prompt0_debate93_4,1,human,agent,0.42,20,332
deepseek-r1_prompt0_debate93_5,1,human,agent,0.41,20,314
deepseek-r1_prompt1_debate93_1,1,human,agent,0.26,13,240
deepseek-r1_prompt1_debate93_2,1,human,agent,0.41,20,300
deepseek-r1_prompt1_debate93_3,1,human,agent,0.40,20,318
deepseek-r1_prompt1_debate93_4,1,human,agent,0.44,20,327
deepseek-r1_prompt1_debate93_5,1,human,agent,0.44,20,320
deepseek-r1_prompt2_debate93_1,1,human,agent,0.16,13,200
deepseek-r1_prompt2_debate93_2,1,human,agent,0.54,20,252
deepseek-r1_prompt2_debate93_3,1,human,agent,0.46,20,278
deepseek-r1_prompt2_debate93_4,1,human,agent,0.52,20,230
deepseek-r1_prompt2_debate93_5,1,human,agent,0.46,20,259
deepseek-r1_prompt3_debate93_1,1,human,agent,0.25,13,287
deepseek-r1_prompt3_debate93_2,1,human,agent,0.40,20,298
deepseek-r1_prompt3_debate93_3,1,human,agent,0.47,20,287
deepseek-r1_prompt3_debate93_4,1,human,agent,0.44,20,309
deepseek-r1_prompt3_debate93_5,1,human,agent,0.37,20,305
deepseek-r1_prompt4_debate93_1,1,human,agent,0.15,13,118
deepseek-r1_prompt4_debate93_2,1,human,agent,0.53,20,261
deepseek-r1_prompt4_debate93_3,1,human,agent,0.54,20,275
deepseek-r1_prompt4_debate93_4,1,human,agent,0.50,20,277
deepseek-r1_prompt4_debate93_5,1,human,agent,0.47,20,307
deepseek-r1_prompt0_debate94_1,1
deepseek-r1_prompt0_debate94_2,1,human,agent,0.39,20,283
deepseek-r1_prompt0_debate94_3,1,human,agent,0.38,20,322
deepseek-r1_prompt0_debate94_4,1,human,agent,0.45,20,316
deepseek-r1_prompt0_debate94_5,1,human,agent,0.43,20,325
deepseek-r1_prompt1_debate94_1,1
deepseek-r1_prompt1_debate94_2,1,human,agent,0.38,20,315
deepseek-r1_prompt1_debate94_3,1,human,agent,0.42,20,324
deepseek-r1_prompt1_debate94_4,1,human,agent,0.48,20,324
deepseek-r1_prompt1_debate94_5,1,human,agent,0.42,20,294
deepseek-r1_prompt2_debate94_1,1
deepseek-r1_prompt2_debate94_2,1,human,agent,0.47,20,314
deepseek-r1_prompt2_debate94_3,1,human,agent,0.43,20,334
deepseek-r1_prompt2_debate94_4,1,human,agent,0.43,20,326
deepseek-r1_prompt2_debate94_5,1,human,agent,0.43,20,287
deepseek-r1_prompt3_debate94_1,1
deepseek-r1_prompt3_debate94_2,1,human,agent,0.33,20,306
deepseek-r1_prompt3_debate94_3,1,human,agent,0.36,20,324
deepseek-r1_prompt3_debate94_4,1,human,agent,0.39,20,307
deepseek-r1_prompt3_debate94_5,1,human,agent,0.36,20,296
deepseek-r1_prompt4_debate94_1,1
deepseek-r1_prompt4_debate94_2,1,human,agent,0.43,20,302
deepseek-r1_prompt4_debate94_3,1,human,agent,0.42,20,316
deepseek-r1_prompt4_debate94_4,1,human,agent,0.44,20,315
deepseek-r1_prompt4_debate94_5,1,human,agent,0.47,20,295
deepseek-r1_prompt0_debate95_1,1,human,agent,0.41,12,338
deepseek-r1_prompt0_debate95_2,1,human,agent,0.52,20,303
deepseek-r1_prompt0_debate95_3,1,human,agent,0.50,20,323
deepseek-r1_prompt0_debate95_4,1,human,agent,0.56,20,336
deepseek-r1_prompt0_debate95_5,1,human,agent,0.54,20,369
deepseek-r1_prompt1_debate95_1,1,human,agent,0.38,12,266
deepseek-r1_prompt1_debate95_2,1,human,agent,0.52,20,275
deepseek-r1_prompt1_debate95_3,1,human,agent,0.48,20,312
deepseek-r1_prompt1_debate95_4,1,human,agent,0.53,20,300
deepseek-r1_prompt1_debate95_5,1,human,agent,0.50,20,326
deepseek-r1_prompt2_debate95_1,1,human,agent,0.47,12,198
deepseek-r1_prompt2_debate95_2,1,human,agent,0.57,20,260
deepseek-r1_prompt2_debate95_3,1,human,agent,0.56,20,286
deepseek-r1_prompt2_debate95_4,1,human,agent,0.62,20,312
deepseek-r1_prompt2_debate95_5,1,human,agent,0.55,20,295
deepseek-r1_prompt3_debate95_1,1,human,agent,0.37,12,327
deepseek-r1_prompt3_debate95_2,1,human,agent,0.53,20,324
deepseek-r1_prompt3_debate95_3,1,human,agent,0.53,20,318
deepseek-r1_prompt3_debate95_4,1,human,agent,0.51,20,342
deepseek-r1_prompt3_debate95_5,1,human,agent,0.54,20,307
deepseek-r1_prompt4_debate95_1,1,human,agent,0.42,12,187
deepseek-r1_prompt4_debate95_2,1,human,agent,0.55,20,277
deepseek-r1_prompt4_debate95_3,1,human,agent,0.57,20,254
deepseek-r1_prompt4_debate95_4,1,human,agent,0.55,20,277
deepseek-r1_prompt4_debate95_5,1,human,agent,0.57,20,254
deepseek-r1_prompt0_debate96_1,1
deepseek-r1_prompt0_debate96_2,1,human,agent,0.40,20,307
deepseek-r1_prompt0_debate96_3,1,human,agent,0.43,20,325
deepseek-r1_prompt0_debate96_4,1,human,agent,0.42,20,315
deepseek-r1_prompt0_debate96_5,1,human,agent,0.40,20,323
deepseek-r1_prompt1_debate96_1,1
deepseek-r1_prompt1_debate96_2,1,human,agent,0.36,20,297
deepseek-r1_prompt1_debate96_3,1,human,agent,0.36,20,306
deepseek-r1_prompt1_debate96_4,1,human,agent,0.43,20,322
deepseek-r1_prompt1_debate96_5,1,human,agent,0.39,20,333
deepseek-r1_prompt2_debate96_1,1
deepseek-r1_prompt2_debate96_2,1,human,agent,0.48,20,285
deepseek-r1_prompt2_debate96_3,1,human,agent,0.52,20,309
deepseek-r1_prompt2_debate96_4,1,human,agent,0.44,20,329
deepseek-r1_prompt2_debate96_5,1,human,agent,0.44,20,319
deepseek-r1_prompt3_debate96_1,1
deepseek-r1_prompt3_debate96_2,1,human,agent,0.39,20,311
deepseek-r1_prompt3_debate96_3,1,human,agent,0.36,20,324
deepseek-r1_prompt3_debate96_4,1,human,agent,0.41,20,309
deepseek-r1_prompt3_debate96_5,1,human,agent,0.41,20,275
deepseek-r1_prompt4_debate96_1,1
deepseek-r1_prompt4_debate96_2,1,human,agent,0.50,20,278
deepseek-r1_prompt4_debate96_3,1,human,agent,0.49,20,296
deepseek-r1_prompt4_debate96_4,1,human,agent,0.49,20,294
deepseek-r1_prompt4_debate96_5,1,human,agent,0.42,20,262
deepseek-r1_prompt0_debate97_1,1,human,agent,0.53,16,330
deepseek-r1_prompt0_debate97_2,1,human,agent,0.47,20,331
deepseek-r1_prompt0_debate97_3,1,human,agent,0.44,20,314
deepseek-r1_prompt0_debate97_4,1,human,agent,0.40,20,292
deepseek-r1_prompt0_debate97_5,1,human,agent,0.44,20,302
deepseek-r1_prompt1_debate97_1,1,human,agent,0.49,16,283
deepseek-r1_prompt1_debate97_2,1,human,agent,0.43,20,315
deepseek-r1_prompt1_debate97_3,1,human,agent,0.39,20,327
deepseek-r1_prompt1_debate97_4,1,human,agent,0.48,20,340
deepseek-r1_prompt1_debate97_5,1,human,agent,0.43,20,315
deepseek-r1_prompt2_debate97_1,1,human,agent,0.44,16,169
deepseek-r1_prompt2_debate97_2,1,human,agent,0.47,20,293
deepseek-r1_prompt2_debate97_3,1,human,agent,0.48,20,342
deepseek-r1_prompt2_debate97_4,1,human,agent,0.49,20,334
deepseek-r1_prompt2_debate97_5,1,human,agent,0.46,20,307
deepseek-r1_prompt3_debate97_1,1,human,agent,0.49,16,216
deepseek-r1_prompt3_debate97_2,1,human,agent,0.37,20,284
deepseek-r1_prompt3_debate97_3,1,human,agent,0.36,20,304
deepseek-r1_prompt3_debate97_4,1,human,agent,0.46,20,306
deepseek-r1_prompt3_debate97_5,1,human,agent,0.43,20,324
deepseek-r1_prompt4_debate97_1,1,human,agent,0.47,16,131
deepseek-r1_prompt4_debate97_2,1,human,agent,0.51,20,280
deepseek-r1_prompt4_debate97_3,1,human,agent,0.47,20,288
deepseek-r1_prompt4_debate97_4,1,human,agent,0.47,20,319
deepseek-r1_prompt4_debate97_5,1,human,agent,0.45,20,279
deepseek-r1_prompt0_debate98_1,1,human,agent,0.23,14,374
deepseek-r1_prompt0_debate98_2,1,human,agent,0.38,20,269
deepseek-r1_prompt0_debate98_3,1,human,agent,0.53,20,323
deepseek-r1_prompt0_debate98_4,1,human,agent,0.46,20,308
deepseek-r1_prompt0_debate98_5,1,human,agent,0.41,20,315
deepseek-r1_prompt1_debate98_1,1,human,agent,0.33,14,364
deepseek-r1_prompt1_debate98_2,1,human,agent,0.35,20,299
deepseek-r1_prompt1_debate98_3,1,human,agent,0.39,20,320
deepseek-r1_prompt1_debate98_4,1,human,agent,0.36,20,295
deepseek-r1_prompt1_debate98_5,1,human,agent,0.34,20,303
deepseek-r1_prompt2_debate98_1,1,human,agent,0.27,14,173
deepseek-r1_prompt2_debate98_2,1,human,agent,0.43,20,261
deepseek-r1_prompt2_debate98_3,1,human,agent,0.44,20,338
deepseek-r1_prompt2_debate98_4,1,human,agent,0.47,20,306
deepseek-r1_prompt2_debate98_5,1,human,agent,0.49,20,285
deepseek-r1_prompt3_debate98_1,1,human,agent,0.24,14,369
deepseek-r1_prompt3_debate98_2,1,human,agent,0.43,20,282
deepseek-r1_prompt3_debate98_3,1,human,agent,0.40,20,301
deepseek-r1_prompt3_debate98_4,1,human,agent,0.38,20,272
deepseek-r1_prompt3_debate98_5,1,human,agent,0.40,20,330
deepseek-r1_prompt4_debate98_1,1,human,agent,0.28,14,146
deepseek-r1_prompt4_debate98_2,1,human,agent,0.45,20,305
deepseek-r1_prompt4_debate98_3,1,human,agent,0.48,20,327
deepseek-r1_prompt4_debate98_4,1,human,agent,0.40,20,351
deepseek-r1_prompt4_debate98_5,1,human,agent,0.46,20,305
deepseek-r1_prompt0_debate99_1,1,human,agent,0.57,16,352
deepseek-r1_prompt0_debate99_2,1,human,agent,0.38,20,310
deepseek-r1_prompt0_debate99_3,1,human,agent,0.41,20,305
deepseek-r1_prompt0_debate99_4,1,human,agent,0.40,20,307
deepseek-r1_prompt0_debate99_5,1,human,agent,0.39,20,279
deepseek-r1_prompt1_debate99_1,1,human,agent,0.47,16,324
deepseek-r1_prompt1_debate99_2,1,human,agent,0.33,20,312
deepseek-r1_prompt1_debate99_3,1,human,agent,0.35,20,297
deepseek-r1_prompt1_debate99_4,1,human,agent,0.30,20,237
deepseek-r1_prompt1_debate99_5,1,human,agent,0.32,20,256
deepseek-r1_prompt2_debate99_1,1,human,agent,0.48,16,178
deepseek-r1_prompt2_debate99_2,1,human,agent,0.47,20,307
deepseek-r1_prompt2_debate99_3,1,human,agent,0.45,20,335
deepseek-r1_prompt2_debate99_4,1,human,agent,0.43,20,303
deepseek-r1_prompt2_debate99_5,1,human,agent,0.42,20,309
deepseek-r1_prompt3_debate99_1,1,human,agent,0.58,16,297
deepseek-r1_prompt3_debate99_2,1,human,agent,0.32,20,295
deepseek-r1_prompt3_debate99_3,1,human,agent,0.43,20,314
deepseek-r1_prompt3_debate99_4,1,human,agent,0.40,20,308
deepseek-r1_prompt3_debate99_5,1,human,agent,0.44,20,305
deepseek-r1_prompt4_debate99_1,1,human,agent,0.47,16,143
deepseek-r1_prompt4_debate99_2,1,human,agent,0.44,20,294
deepseek-r1_prompt4_debate99_3,1,human,agent,0.47,20,292
deepseek-r1_prompt4_debate99_4,1,human,agent,0.45,20,329
deepseek-r1_prompt4_debate99_5,1,human,agent,0.45,20,309
deepseek-r1_prompt0_ethical1_1,1,human,agent,0.64,31,227
deepseek-r1_prompt0_ethical1_2,1,human,agent,0.38,17,301
deepseek-r1_prompt0_ethical1_3,1,human,agent,0.39,14,297
deepseek-r1_prompt0_ethical1_4,1,human,agent,0.68,20,318
deepseek-r1_prompt0_ethical1_5,1,human,agent,0.26,18,307
deepseek-r1_prompt1_ethical1_1,1,human,agent,0.53,31,217
deepseek-r1_prompt1_ethical1_2,1,human,agent,0.33,17,288
deepseek-r1_prompt1_ethical1_3,1,human,agent,0.43,14,309
deepseek-r1_prompt1_ethical1_4,1,human,agent,0.63,20,318
deepseek-r1_prompt1_ethical1_5,1,human,agent,0.39,18,313
deepseek-r1_prompt2_ethical1_1,1,human,agent,0.75,31,223
deepseek-r1_prompt2_ethical1_2,1,human,agent,0.41,17,286
deepseek-r1_prompt2_ethical1_3,1,human,agent,0.50,14,302
deepseek-r1_prompt2_ethical1_4,1,human,agent,0.68,20,329
deepseek-r1_prompt2_ethical1_5,1,human,agent,0.28,18,331
deepseek-r1_prompt3_ethical1_1,1,human,agent,0.61,31,270
deepseek-r1_prompt3_ethical1_2,1,human,agent,0.32,17,317
deepseek-r1_prompt3_ethical1_3,1,human,agent,0.47,14,311
deepseek-r1_prompt3_ethical1_4,1,human,agent,0.56,20,320
deepseek-r1_prompt3_ethical1_5,1,human,agent,0.28,18,305
deepseek-r1_prompt4_ethical1_1,1,human,agent,0.65,31,257
deepseek-r1_prompt4_ethical1_2,1,human,agent,0.41,17,290
deepseek-r1_prompt4_ethical1_3,1,human,agent,0.52,14,326
deepseek-r1_prompt4_ethical1_4,1,human,agent,0.80,20,333
deepseek-r1_prompt4_ethical1_5,1,human,agent,0.26,18,363
deepseek-r1_prompt0_ethical10_1,1,human,agent,0.45,23,263
deepseek-r1_prompt0_ethical10_2,1,human,agent,0.69,22,325
deepseek-r1_prompt0_ethical10_3,1,human,agent,0.35,18,308
deepseek-r1_prompt0_ethical10_4,1,human,agent,0.38,22,304
deepseek-r1_prompt0_ethical10_5,1,human,agent,0.20,16,251
deepseek-r1_prompt1_ethical10_1,1,human,agent,0.61,23,261
deepseek-r1_prompt1_ethical10_2,1,human,agent,0.66,22,326
deepseek-r1_prompt1_ethical10_3,1,human,agent,0.33,18,286
deepseek-r1_prompt1_ethical10_4,1,human,agent,0.35,22,280
deepseek-r1_prompt1_ethical10_5,1,human,agent,0.23,16,251
deepseek-r1_prompt2_ethical10_1,1,human,agent,0.55,23,272
deepseek-r1_prompt2_ethical10_2,1,human,agent,0.74,22,298
deepseek-r1_prompt2_ethical10_3,1,human,agent,0.39,18,372
deepseek-r1_prompt2_ethical10_4,1,human,agent,0.50,22,358
deepseek-r1_prompt2_ethical10_5,1,human,agent,0.24,16,307
deepseek-r1_prompt3_ethical10_1,1,human,agent,0.32,23,299
deepseek-r1_prompt3_ethical10_2,1,human,agent,0.65,22,286
deepseek-r1_prompt3_ethical10_3,1,human,agent,0.31,18,319
deepseek-r1_prompt3_ethical10_4,1,human,agent,0.36,22,294
deepseek-r1_prompt3_ethical10_5,1,human,agent,0.22,16,301
deepseek-r1_prompt4_ethical10_1,1,human,agent,0.39,23,283
deepseek-r1_prompt4_ethical10_2,1,human,agent,0.70,22,330
deepseek-r1_prompt4_ethical10_3,1,human,agent,0.37,18,347
deepseek-r1_prompt4_ethical10_4,1,human,agent,0.43,22,313
deepseek-r1_prompt4_ethical10_5,1,human,agent,0.24,16,318
deepseek-r1_prompt0_ethical100_1,1,human,agent,0.53,24,271
deepseek-r1_prompt0_ethical100_2,1,human,agent,0.53,18,319
deepseek-r1_prompt0_ethical100_3,1,human,agent,0.74,18,336
deepseek-r1_prompt0_ethical100_4,1,human,agent,0.47,18,296
deepseek-r1_prompt0_ethical100_5,1,human,agent,0.44,17,295
deepseek-r1_prompt1_ethical100_1,1,human,agent,0.57,24,318
deepseek-r1_prompt1_ethical100_2,1,human,agent,0.51,18,330
deepseek-r1_prompt1_ethical100_3,1,human,agent,0.66,18,305
deepseek-r1_prompt1_ethical100_4,1,human,agent,0.37,18,269
deepseek-r1_prompt1_ethical100_5,1,human,agent,0.36,17,295
deepseek-r1_prompt2_ethical100_1,1,human,agent,0.65,24,274
deepseek-r1_prompt2_ethical100_2,1,human,agent,0.66,18,295
deepseek-r1_prompt2_ethical100_3,1,human,agent,0.81,18,309
deepseek-r1_prompt2_ethical100_4,1,human,agent,0.63,18,314
deepseek-r1_prompt2_ethical100_5,1,human,agent,0.45,17,353
deepseek-r1_prompt3_ethical100_1,1,human,agent,0.60,24,307
deepseek-r1_prompt3_ethical100_2,1,human,agent,0.45,18,323
deepseek-r1_prompt3_ethical100_3,1,human,agent,0.75,18,333
deepseek-r1_prompt3_ethical100_4,1,human,agent,0.51,18,322
deepseek-r1_prompt3_ethical100_5,1,human,agent,0.39,17,322
deepseek-r1_prompt4_ethical100_1,1,human,agent,0.64,24,287
deepseek-r1_prompt4_ethical100_2,1,human,agent,0.58,18,300
deepseek-r1_prompt4_ethical100_3,1,human,agent,0.83,18,301
deepseek-r1_prompt4_ethical100_4,1,human,agent,0.60,18,314
deepseek-r1_prompt4_ethical100_5,1,human,agent,0.44,17,330
deepseek-r1_prompt0_ethical101_1,1,human,agent,0.54,26,262
deepseek-r1_prompt0_ethical101_2,1,human,agent,0.57,22,269
deepseek-r1_prompt0_ethical101_3,1,human,agent,0.52,22,285
deepseek-r1_prompt0_ethical101_4,1,human,agent,0.41,23,278
deepseek-r1_prompt0_ethical101_5,1,human,agent,0.26,21,291
deepseek-r1_prompt1_ethical101_1,1,human,agent,0.52,26,223
deepseek-r1_prompt1_ethical101_2,1,human,agent,0.64,22,342
deepseek-r1_prompt1_ethical101_3,1,human,agent,0.50,22,293
deepseek-r1_prompt1_ethical101_4,1,human,agent,0.41,23,305
deepseek-r1_prompt1_ethical101_5,1,human,agent,0.30,21,278
deepseek-r1_prompt2_ethical101_1,1,human,agent,0.68,26,270
deepseek-r1_prompt2_ethical101_2,1,human,agent,0.68,22,289
deepseek-r1_prompt2_ethical101_3,1,human,agent,0.62,22,314
deepseek-r1_prompt2_ethical101_4,1,human,agent,0.55,23,308
deepseek-r1_prompt2_ethical101_5,1,human,agent,0.32,21,300
deepseek-r1_prompt3_ethical101_1,1,human,agent,0.60,26,266
deepseek-r1_prompt3_ethical101_2,1,human,agent,0.59,22,312
deepseek-r1_prompt3_ethical101_3,1,human,agent,0.56,22,333
deepseek-r1_prompt3_ethical101_4,1,human,agent,0.45,23,335
deepseek-r1_prompt3_ethical101_5,1,human,agent,0.27,21,321
deepseek-r1_prompt4_ethical101_1,1,human,agent,0.64,26,266
deepseek-r1_prompt4_ethical101_2,1,human,agent,0.71,22,296
deepseek-r1_prompt4_ethical101_3,1,human,agent,0.65,22,310
deepseek-r1_prompt4_ethical101_4,1,human,agent,0.58,23,321
deepseek-r1_prompt4_ethical101_5,1,human,agent,0.29,21,317
deepseek-r1_prompt0_ethical102_1,1,human,agent,0.37,25,215
deepseek-r1_prompt0_ethical102_2,1,human,agent,0.60,24,308
deepseek-r1_prompt0_ethical102_3,1,human,agent,0.67,20,342
deepseek-r1_prompt0_ethical102_4,1,human,agent,0.46,18,291
deepseek-r1_prompt0_ethical102_5,1,human,agent,0.34,15,297
deepseek-r1_prompt1_ethical102_1,1,human,agent,0.49,25,254
deepseek-r1_prompt1_ethical102_2,1,human,agent,0.62,24,323
deepseek-r1_prompt1_ethical102_3,1,human,agent,0.71,20,317
deepseek-r1_prompt1_ethical102_4,1,human,agent,0.50,18,313
deepseek-r1_prompt1_ethical102_5,1,human,agent,0.41,15,299
deepseek-r1_prompt2_ethical102_1,1,human,agent,0.61,25,250
deepseek-r1_prompt2_ethical102_2,1,human,agent,0.74,24,260
deepseek-r1_prompt2_ethical102_3,1,human,agent,0.78,20,257
deepseek-r1_prompt2_ethical102_4,1,human,agent,0.60,18,316
deepseek-r1_prompt2_ethical102_5,1,human,agent,0.46,15,324
deepseek-r1_prompt3_ethical102_1,1,human,agent,0.52,25,249
deepseek-r1_prompt3_ethical102_2,1,human,agent,0.50,24,304
deepseek-r1_prompt3_ethical102_3,1,human,agent,0.65,20,300
deepseek-r1_prompt3_ethical102_4,1,human,agent,0.53,18,303
deepseek-r1_prompt3_ethical102_5,1,human,agent,0.37,15,312
deepseek-r1_prompt4_ethical102_1,1,human,agent,0.66,25,272
deepseek-r1_prompt4_ethical102_2,1,human,agent,0.62,24,296
deepseek-r1_prompt4_ethical102_3,1,human,agent,0.78,20,316
deepseek-r1_prompt4_ethical102_4,1,human,agent,0.53,18,367
deepseek-r1_prompt4_ethical102_5,1,human,agent,0.41,15,350
deepseek-r1_prompt0_ethical103_1,1,human,agent,0.55,30,285
deepseek-r1_prompt0_ethical103_2,1,human,agent,0.54,17,260
deepseek-r1_prompt0_ethical103_3,1,human,agent,0.42,16,297
deepseek-r1_prompt0_ethical103_4,1,human,agent,0.63,17,285
deepseek-r1_prompt0_ethical103_5,1,human,agent,0.25,15,287
deepseek-r1_prompt1_ethical103_1,1,human,agent,0.67,30,292
deepseek-r1_prompt1_ethical103_2,1,human,agent,0.54,17,348
deepseek-r1_prompt1_ethical103_3,1,human,agent,0.45,16,379
deepseek-r1_prompt1_ethical103_4,1,human,agent,0.69,17,343
deepseek-r1_prompt1_ethical103_5,1,human,agent,0.24,15,292
deepseek-r1_prompt2_ethical103_1,1,human,agent,0.74,30,283
deepseek-r1_prompt2_ethical103_2,1,human,agent,0.63,17,311
deepseek-r1_prompt2_ethical103_3,1,human,agent,0.50,16,324
deepseek-r1_prompt2_ethical103_4,1,human,agent,0.73,17,345
deepseek-r1_prompt2_ethical103_5,1,human,agent,0.33,15,346
deepseek-r1_prompt3_ethical103_1,1,human,agent,0.61,30,307
deepseek-r1_prompt3_ethical103_2,1,human,agent,0.50,17,345
deepseek-r1_prompt3_ethical103_3,1,human,agent,0.43,16,328
deepseek-r1_prompt3_ethical103_4,1,human,agent,0.63,17,313
deepseek-r1_prompt3_ethical103_5,1,human,agent,0.24,15,323
deepseek-r1_prompt4_ethical103_1,1,human,agent,0.77,30,268
deepseek-r1_prompt4_ethical103_2,1,human,agent,0.60,17,328
deepseek-r1_prompt4_ethical103_3,1,human,agent,0.51,16,354
deepseek-r1_prompt4_ethical103_4,1,human,agent,0.73,17,347
deepseek-r1_prompt4_ethical103_5,1,human,agent,0.31,15,333
deepseek-r1_prompt0_ethical104_1,1,human,agent,0.54,30,356
deepseek-r1_prompt0_ethical104_2,1,human,agent,0.64,22,284
deepseek-r1_prompt0_ethical104_3,1,human,agent,0.48,20,290
deepseek-r1_prompt0_ethical104_4,1,human,agent,0.58,24,300
deepseek-r1_prompt0_ethical104_5,1,human,agent,0.59,20,317
deepseek-r1_prompt1_ethical104_1,1,human,agent,0.49,30,232
deepseek-r1_prompt1_ethical104_2,1,human,agent,0.68,22,343
deepseek-r1_prompt1_ethical104_3,1,human,agent,0.51,20,299
deepseek-r1_prompt1_ethical104_4,1,human,agent,0.60,24,295
deepseek-r1_prompt1_ethical104_5,1,human,agent,0.39,20,308
deepseek-r1_prompt2_ethical104_1,1,human,agent,0.70,30,258
deepseek-r1_prompt2_ethical104_2,1,human,agent,0.75,22,297
deepseek-r1_prompt2_ethical104_3,1,human,agent,0.57,20,302
deepseek-r1_prompt2_ethical104_4,1,human,agent,0.65,24,363
deepseek-r1_prompt2_ethical104_5,1,human,agent,0.44,20,355
deepseek-r1_prompt3_ethical104_1,1,human,agent,0.61,30,259
deepseek-r1_prompt3_ethical104_2,1,human,agent,0.68,22,339
deepseek-r1_prompt3_ethical104_3,1,human,agent,0.47,20,324
deepseek-r1_prompt3_ethical104_4,1,human,agent,0.59,24,298
deepseek-r1_prompt3_ethical104_5,1,human,agent,0.46,20,326
deepseek-r1_prompt4_ethical104_1,1,human,agent,0.65,30,270
deepseek-r1_prompt4_ethical104_2,1,human,agent,0.76,22,300
deepseek-r1_prompt4_ethical104_3,1,human,agent,0.58,20,348
deepseek-r1_prompt4_ethical104_4,1,human,agent,0.68,24,363
deepseek-r1_prompt4_ethical104_5,1,human,agent,0.47,20,349
deepseek-r1_prompt0_ethical105_1,1,human,agent,0.35,22,296
deepseek-r1_prompt0_ethical105_2,1,human,agent,0.37,16,340
deepseek-r1_prompt0_ethical105_3,1,human,agent,0.51,18,350
deepseek-r1_prompt0_ethical105_4,1,human,agent,0.35,17,322
deepseek-r1_prompt0_ethical105_5,1,human,agent,0.30,14,310
deepseek-r1_prompt1_ethical105_1,1,human,agent,0.33,22,261
deepseek-r1_prompt1_ethical105_2,1,human,agent,0.37,16,286
deepseek-r1_prompt1_ethical105_3,1,human,agent,0.65,18,316
deepseek-r1_prompt1_ethical105_4,1,human,agent,0.41,17,350
deepseek-r1_prompt1_ethical105_5,1,human,agent,0.23,14,283
deepseek-r1_prompt2_ethical105_1,1,human,agent,0.43,22,267
deepseek-r1_prompt2_ethical105_2,1,human,agent,0.45,16,253
deepseek-r1_prompt2_ethical105_3,1,human,agent,0.67,18,271
deepseek-r1_prompt2_ethical105_4,1,human,agent,0.46,17,295
deepseek-r1_prompt2_ethical105_5,1,human,agent,0.32,14,297
deepseek-r1_prompt3_ethical105_1,1,human,agent,0.36,22,287
deepseek-r1_prompt3_ethical105_2,1,human,agent,0.44,16,321
deepseek-r1_prompt3_ethical105_3,1,human,agent,0.62,18,293
deepseek-r1_prompt3_ethical105_4,1,human,agent,0.42,17,293
deepseek-r1_prompt3_ethical105_5,1,human,agent,0.22,14,279
deepseek-r1_prompt4_ethical105_1,1,human,agent,0.42,22,266
deepseek-r1_prompt4_ethical105_2,1,human,agent,0.45,16,294
deepseek-r1_prompt4_ethical105_3,1,human,agent,0.62,18,297
deepseek-r1_prompt4_ethical105_4,1,human,agent,0.44,17,323
deepseek-r1_prompt4_ethical105_5,1,human,agent,0.27,14,326
deepseek-r1_prompt0_ethical106_1,1,human,agent,0.66,23,251
deepseek-r1_prompt0_ethical106_2,1,human,agent,0.63,23,301
deepseek-r1_prompt0_ethical106_3,1,human,agent,0.48,20,331
deepseek-r1_prompt0_ethical106_4,1,human,agent,0.62,18,290
deepseek-r1_prompt0_ethical106_5,1,human,agent,0.34,18,297
deepseek-r1_prompt1_ethical106_1,1,human,agent,0.53,23,254
deepseek-r1_prompt1_ethical106_2,1,human,agent,0.60,23,319
deepseek-r1_prompt1_ethical106_3,1,human,agent,0.47,20,315
deepseek-r1_prompt1_ethical106_4,1,human,agent,0.50,18,304
deepseek-r1_prompt1_ethical106_5,1,human,agent,0.32,18,284
deepseek-r1_prompt2_ethical106_1,1,human,agent,0.60,23,251
deepseek-r1_prompt2_ethical106_2,1,human,agent,0.69,23,290
deepseek-r1_prompt2_ethical106_3,1,human,agent,0.52,20,312
deepseek-r1_prompt2_ethical106_4,1,human,agent,0.63,18,349
deepseek-r1_prompt2_ethical106_5,1,human,agent,0.36,18,375
deepseek-r1_prompt3_ethical106_1,1,human,agent,0.58,23,267
deepseek-r1_prompt3_ethical106_2,1,human,agent,0.61,23,326
deepseek-r1_prompt3_ethical106_3,1,human,agent,0.52,20,369
deepseek-r1_prompt3_ethical106_4,1,human,agent,0.59,18,299
deepseek-r1_prompt3_ethical106_5,1,human,agent,0.31,18,276
deepseek-r1_prompt4_ethical106_1,1,human,agent,0.62,23,293
deepseek-r1_prompt4_ethical106_2,1,human,agent,0.68,23,353
deepseek-r1_prompt4_ethical106_3,1,human,agent,0.56,20,358
deepseek-r1_prompt4_ethical106_4,1,human,agent,0.69,18,363
deepseek-r1_prompt4_ethical106_5,1,human,agent,0.38,18,337
deepseek-r1_prompt0_ethical107_1,1,human,agent,0.52,24,297
deepseek-r1_prompt0_ethical107_2,1,human,agent,0.48,21,316
deepseek-r1_prompt0_ethical107_3,1,human,agent,0.60,22,311
deepseek-r1_prompt0_ethical107_4,1,human,agent,0.50,16,329
deepseek-r1_prompt0_ethical107_5,1,human,agent,0.32,13,294
deepseek-r1_prompt1_ethical107_1,1,human,agent,0.40,24,271
deepseek-r1_prompt1_ethical107_2,1,human,agent,0.53,21,282
deepseek-r1_prompt1_ethical107_3,1,human,agent,0.67,22,312
deepseek-r1_prompt1_ethical107_4,1,human,agent,0.50,16,339
deepseek-r1_prompt1_ethical107_5,1,human,agent,0.43,13,301
deepseek-r1_prompt2_ethical107_1,1,human,agent,0.43,24,258
deepseek-r1_prompt2_ethical107_2,1,human,agent,0.56,21,300
deepseek-r1_prompt2_ethical107_3,1,human,agent,0.69,22,342
deepseek-r1_prompt2_ethical107_4,1,human,agent,0.55,16,377
deepseek-r1_prompt2_ethical107_5,1,human,agent,0.31,13,362
deepseek-r1_prompt3_ethical107_1,1,human,agent,0.38,24,306
deepseek-r1_prompt3_ethical107_2,1,human,agent,0.57,21,353
deepseek-r1_prompt3_ethical107_3,1,human,agent,0.58,22,326
deepseek-r1_prompt3_ethical107_4,1,human,agent,0.45,16,307
deepseek-r1_prompt3_ethical107_5,1,human,agent,0.33,13,314
deepseek-r1_prompt4_ethical107_1,1,human,agent,0.41,24,263
deepseek-r1_prompt4_ethical107_2,1,human,agent,0.57,21,268
deepseek-r1_prompt4_ethical107_3,1,human,agent,0.72,22,295
deepseek-r1_prompt4_ethical107_4,1,human,agent,0.55,16,306
deepseek-r1_prompt4_ethical107_5,1,human,agent,0.39,13,292
deepseek-r1_prompt0_ethical108_1,1,human,agent,0.52,31,278
deepseek-r1_prompt0_ethical108_2,1,human,agent,0.48,23,319
deepseek-r1_prompt0_ethical108_3,1,human,agent,0.53,22,321
deepseek-r1_prompt0_ethical108_4,1,human,agent,0.56,30,303
deepseek-r1_prompt0_ethical108_5,1,human,agent,0.44,21,302
deepseek-r1_prompt1_ethical108_1,1,human,agent,0.75,31,240
deepseek-r1_prompt1_ethical108_2,1,human,agent,0.56,23,311
deepseek-r1_prompt1_ethical108_3,1,human,agent,0.56,22,333
deepseek-r1_prompt1_ethical108_4,1,human,agent,0.61,30,300
deepseek-r1_prompt1_ethical108_5,1,human,agent,0.48,21,309
deepseek-r1_prompt2_ethical108_1,1,human,agent,0.63,31,259
deepseek-r1_prompt2_ethical108_2,1,human,agent,0.59,23,312
deepseek-r1_prompt2_ethical108_3,1,human,agent,0.61,22,272
deepseek-r1_prompt2_ethical108_4,1,human,agent,0.66,30,299
deepseek-r1_prompt2_ethical108_5,1,human,agent,0.50,21,291
deepseek-r1_prompt3_ethical108_1,1,human,agent,0.60,31,271
deepseek-r1_prompt3_ethical108_2,1,human,agent,0.51,23,306
deepseek-r1_prompt3_ethical108_3,1,human,agent,0.53,22,314
deepseek-r1_prompt3_ethical108_4,1,human,agent,0.59,30,288
deepseek-r1_prompt3_ethical108_5,1,human,agent,0.43,21,296
deepseek-r1_prompt4_ethical108_1,1,human,agent,0.65,31,274
deepseek-r1_prompt4_ethical108_2,1,human,agent,0.56,23,306
deepseek-r1_prompt4_ethical108_3,1,human,agent,0.50,22,326
deepseek-r1_prompt4_ethical108_4,1,human,agent,0.67,30,326
deepseek-r1_prompt4_ethical108_5,1,human,agent,0.44,21,324
deepseek-r1_prompt0_ethical109_1,1,human,agent,0.44,21,225
deepseek-r1_prompt0_ethical109_2,1,human,agent,0.65,18,251
deepseek-r1_prompt0_ethical109_3,1,human,agent,0.63,18,308
deepseek-r1_prompt0_ethical109_4,1,human,agent,0.56,20,270
deepseek-r1_prompt0_ethical109_5,1,human,agent,0.29,16,265
deepseek-r1_prompt1_ethical109_1,1,human,agent,0.46,21,238
deepseek-r1_prompt1_ethical109_2,1,human,agent,0.52,18,295
deepseek-r1_prompt1_ethical109_3,1,human,agent,0.63,18,328
deepseek-r1_prompt1_ethical109_4,1,human,agent,0.50,20,331
deepseek-r1_prompt1_ethical109_5,1,human,agent,0.27,16,284
deepseek-r1_prompt2_ethical109_1,1,human,agent,0.48,21,233
deepseek-r1_prompt2_ethical109_2,1,human,agent,0.60,18,266
deepseek-r1_prompt2_ethical109_3,1,human,agent,0.79,18,256
deepseek-r1_prompt2_ethical109_4,1,human,agent,0.64,20,310
deepseek-r1_prompt2_ethical109_5,1,human,agent,0.28,16,298
deepseek-r1_prompt3_ethical109_1,1,human,agent,0.51,21,219
deepseek-r1_prompt3_ethical109_2,1,human,agent,0.60,18,272
deepseek-r1_prompt3_ethical109_3,1,human,agent,0.69,18,299
deepseek-r1_prompt3_ethical109_4,1,human,agent,0.53,20,344
deepseek-r1_prompt3_ethical109_5,1,human,agent,0.30,16,325
deepseek-r1_prompt4_ethical109_1,1,human,agent,0.50,21,252
deepseek-r1_prompt4_ethical109_2,1,human,agent,0.65,18,297
deepseek-r1_prompt4_ethical109_3,1,human,agent,0.76,18,306
deepseek-r1_prompt4_ethical109_4,1,human,agent,0.59,20,321
deepseek-r1_prompt4_ethical109_5,1,human,agent,0.28,16,333
deepseek-r1_prompt0_ethical11_1,1,human,agent,0.56,33,314
deepseek-r1_prompt0_ethical11_2,1,human,agent,0.39,19,334
deepseek-r1_prompt0_ethical11_3,1,human,agent,0.31,14,327
deepseek-r1_prompt0_ethical11_4,1,human,agent,0.51,16,319
deepseek-r1_prompt0_ethical11_5,1,human,agent,0.25,16,312
deepseek-r1_prompt1_ethical11_1,1,human,agent,0.62,33,318
deepseek-r1_prompt1_ethical11_2,1,human,agent,0.41,19,343
deepseek-r1_prompt1_ethical11_3,1,human,agent,0.43,14,316
deepseek-r1_prompt1_ethical11_4,1,human,agent,0.59,16,338
deepseek-r1_prompt1_ethical11_5,1,human,agent,0.22,16,317
deepseek-r1_prompt2_ethical11_1,1,human,agent,0.55,33,292
deepseek-r1_prompt2_ethical11_2,1,human,agent,0.57,19,283
deepseek-r1_prompt2_ethical11_3,1,human,agent,0.37,14,369
deepseek-r1_prompt2_ethical11_4,1,human,agent,0.59,16,354
deepseek-r1_prompt2_ethical11_5,1,human,agent,0.29,16,305
deepseek-r1_prompt3_ethical11_1,1,human,agent,0.68,33,280
deepseek-r1_prompt3_ethical11_2,1,human,agent,0.53,19,318
deepseek-r1_prompt3_ethical11_3,1,human,agent,0.33,14,312
deepseek-r1_prompt3_ethical11_4,1,human,agent,0.51,16,309
deepseek-r1_prompt3_ethical11_5,1,human,agent,0.24,16,297
deepseek-r1_prompt4_ethical11_1,1,human,agent,0.73,33,309
deepseek-r1_prompt4_ethical11_2,1,human,agent,0.65,19,330
deepseek-r1_prompt4_ethical11_3,1,human,agent,0.40,14,333
deepseek-r1_prompt4_ethical11_4,1,human,agent,0.61,16,325
deepseek-r1_prompt4_ethical11_5,1,human,agent,0.23,16,363
deepseek-r1_prompt0_ethical110_1,1,human,agent,0.46,21,246
deepseek-r1_prompt0_ethical110_2,1,human,agent,0.56,23,293
deepseek-r1_prompt0_ethical110_3,1,human,agent,0.58,20,302
deepseek-r1_prompt0_ethical110_4,1,human,agent,0.54,15,337
deepseek-r1_prompt0_ethical110_5,1,human,agent,0.40,21,324
deepseek-r1_prompt1_ethical110_1,1,human,agent,0.48,21,264
deepseek-r1_prompt1_ethical110_2,1,human,agent,0.56,23,266
deepseek-r1_prompt1_ethical110_3,1,human,agent,0.56,20,293
deepseek-r1_prompt1_ethical110_4,1,human,agent,0.53,15,346
deepseek-r1_prompt1_ethical110_5,1,human,agent,0.45,21,352
deepseek-r1_prompt2_ethical110_1,1,human,agent,0.50,21,261
deepseek-r1_prompt2_ethical110_2,1,human,agent,0.55,23,266
deepseek-r1_prompt2_ethical110_3,1,human,agent,0.65,20,273
deepseek-r1_prompt2_ethical110_4,1,human,agent,0.56,15,286
deepseek-r1_prompt2_ethical110_5,1,human,agent,0.42,21,299
deepseek-r1_prompt3_ethical110_1,1,human,agent,0.46,21,284
deepseek-r1_prompt3_ethical110_2,1,human,agent,0.52,23,331
deepseek-r1_prompt3_ethical110_3,1,human,agent,0.58,20,329
deepseek-r1_prompt3_ethical110_4,1,human,agent,0.53,15,339
deepseek-r1_prompt3_ethical110_5,1,human,agent,0.41,21,301
deepseek-r1_prompt4_ethical110_1,1,human,agent,0.49,21,251
deepseek-r1_prompt4_ethical110_2,1,human,agent,0.45,23,274
deepseek-r1_prompt4_ethical110_3,1,human,agent,0.57,20,296
deepseek-r1_prompt4_ethical110_4,1,human,agent,0.43,15,344
deepseek-r1_prompt4_ethical110_5,1,human,agent,0.41,21,308
deepseek-r1_prompt0_ethical111_1,1,human,agent,0.42,25,256
deepseek-r1_prompt0_ethical111_2,1,human,agent,0.59,21,348
deepseek-r1_prompt0_ethical111_3,1,human,agent,0.39,16,324
deepseek-r1_prompt0_ethical111_4,1,human,agent,0.65,19,252
deepseek-r1_prompt0_ethical111_5,1,human,agent,0.31,21,269
deepseek-r1_prompt1_ethical111_1,1,human,agent,0.58,25,236
deepseek-r1_prompt1_ethical111_2,1,human,agent,0.53,21,320
deepseek-r1_prompt1_ethical111_3,1,human,agent,0.39,16,302
deepseek-r1_prompt1_ethical111_4,1,human,agent,0.61,19,303
deepseek-r1_prompt1_ethical111_5,1,human,agent,0.33,21,292
deepseek-r1_prompt2_ethical111_1,1,human,agent,0.50,25,267
deepseek-r1_prompt2_ethical111_2,1,human,agent,0.63,21,280
deepseek-r1_prompt2_ethical111_3,1,human,agent,0.47,16,321
deepseek-r1_prompt2_ethical111_4,1,human,agent,0.62,19,335
deepseek-r1_prompt2_ethical111_5,1,human,agent,0.41,21,356
deepseek-r1_prompt3_ethical111_1,1,human,agent,0.43,25,256
deepseek-r1_prompt3_ethical111_2,1,human,agent,0.59,21,329
deepseek-r1_prompt3_ethical111_3,1,human,agent,0.40,16,351
deepseek-r1_prompt3_ethical111_4,1,human,agent,0.59,19,335
deepseek-r1_prompt3_ethical111_5,1,human,agent,0.36,21,328
deepseek-r1_prompt4_ethical111_1,1,human,agent,0.53,25,273
deepseek-r1_prompt4_ethical111_2,1,human,agent,0.67,21,301
deepseek-r1_prompt4_ethical111_3,1,human,agent,0.46,16,302
deepseek-r1_prompt4_ethical111_4,1,human,agent,0.63,19,324
deepseek-r1_prompt4_ethical111_5,1,human,agent,0.44,21,357
deepseek-r1_prompt0_ethical112_1,1,human,agent,0.48,28,242
deepseek-r1_prompt0_ethical112_2,1,human,agent,0.56,21,320
deepseek-r1_prompt0_ethical112_3,1,human,agent,0.44,15,301
deepseek-r1_prompt0_ethical112_4,1,human,agent,0.51,17,317
deepseek-r1_prompt0_ethical112_5,1,human,agent,0.23,17,298
deepseek-r1_prompt1_ethical112_1,1,human,agent,0.59,28,252
deepseek-r1_prompt1_ethical112_2,1,human,agent,0.62,21,305
deepseek-r1_prompt1_ethical112_3,1,human,agent,0.57,15,306
deepseek-r1_prompt1_ethical112_4,1,human,agent,0.53,17,321
deepseek-r1_prompt1_ethical112_5,1,human,agent,0.23,17,295
deepseek-r1_prompt2_ethical112_1,1,human,agent,0.63,28,269
deepseek-r1_prompt2_ethical112_2,1,human,agent,0.69,21,286
deepseek-r1_prompt2_ethical112_3,1,human,agent,0.60,15,349
deepseek-r1_prompt2_ethical112_4,1,human,agent,0.55,17,354
deepseek-r1_prompt2_ethical112_5,1,human,agent,0.22,17,320
deepseek-r1_prompt3_ethical112_1,1,human,agent,0.58,28,274
deepseek-r1_prompt3_ethical112_2,1,human,agent,0.59,21,362
deepseek-r1_prompt3_ethical112_3,1,human,agent,0.55,15,310
deepseek-r1_prompt3_ethical112_4,1,human,agent,0.48,17,313
deepseek-r1_prompt3_ethical112_5,1,human,agent,0.23,17,306
deepseek-r1_prompt4_ethical112_1,1,human,agent,0.63,28,276
deepseek-r1_prompt4_ethical112_2,1,human,agent,0.61,21,315
deepseek-r1_prompt4_ethical112_3,1,human,agent,0.63,15,335
deepseek-r1_prompt4_ethical112_4,1,human,agent,0.55,17,345
deepseek-r1_prompt4_ethical112_5,1,human,agent,0.23,17,328
deepseek-r1_prompt0_ethical113_1,1,human,agent,0.39,26,282
deepseek-r1_prompt0_ethical113_2,1,human,agent,0.53,17,303
deepseek-r1_prompt0_ethical113_3,1,human,agent,0.32,12,304
deepseek-r1_prompt0_ethical113_4,1,human,agent,0.43,15,283
deepseek-r1_prompt0_ethical113_5,1,human,agent,0.23,19,293
deepseek-r1_prompt1_ethical113_1,1,human,agent,0.34,26,284
deepseek-r1_prompt1_ethical113_2,1,human,agent,0.53,17,381
deepseek-r1_prompt1_ethical113_3,1,human,agent,0.35,12,369
deepseek-r1_prompt1_ethical113_4,1,human,agent,0.46,15,295
deepseek-r1_prompt1_ethical113_5,1,human,agent,0.25,19,323
deepseek-r1_prompt2_ethical113_1,1,human,agent,0.43,26,232
deepseek-r1_prompt2_ethical113_2,1,human,agent,0.63,17,294
deepseek-r1_prompt2_ethical113_3,1,human,agent,0.43,12,308
deepseek-r1_prompt2_ethical113_4,1,human,agent,0.56,15,327
deepseek-r1_prompt2_ethical113_5,1,human,agent,0.26,19,306
deepseek-r1_prompt3_ethical113_1,1,human,agent,0.32,26,251
deepseek-r1_prompt3_ethical113_2,1,human,agent,0.61,17,302
deepseek-r1_prompt3_ethical113_3,1,human,agent,0.37,12,310
deepseek-r1_prompt3_ethical113_4,1,human,agent,0.48,15,353
deepseek-r1_prompt3_ethical113_5,1,human,agent,0.21,19,309
deepseek-r1_prompt4_ethical113_1,1,human,agent,0.35,26,269
deepseek-r1_prompt4_ethical113_2,1,human,agent,0.63,17,355
deepseek-r1_prompt4_ethical113_3,1,human,agent,0.40,12,319
deepseek-r1_prompt4_ethical113_4,1,human,agent,0.59,15,339
deepseek-r1_prompt4_ethical113_5,1,human,agent,0.28,19,345
deepseek-r1_prompt0_ethical114_1,1,human,agent,0.59,29,217
deepseek-r1_prompt0_ethical114_2,1,human,agent,0.55,20,324
deepseek-r1_prompt0_ethical114_3,1,human,agent,0.36,16,306
deepseek-r1_prompt0_ethical114_4,1,human,agent,0.47,21,293
deepseek-r1_prompt0_ethical114_5,1,human,agent,0.48,17,301
deepseek-r1_prompt1_ethical114_1,1,human,agent,0.63,29,216
deepseek-r1_prompt1_ethical114_2,1,human,agent,0.53,20,294
deepseek-r1_prompt1_ethical114_3,1,human,agent,0.31,16,303
deepseek-r1_prompt1_ethical114_4,1,human,agent,0.43,21,303
deepseek-r1_prompt1_ethical114_5,1,human,agent,0.52,17,308
deepseek-r1_prompt2_ethical114_1,1,human,agent,0.70,29,253
deepseek-r1_prompt2_ethical114_2,1,human,agent,0.58,20,248
deepseek-r1_prompt2_ethical114_3,1,human,agent,0.40,16,303
deepseek-r1_prompt2_ethical114_4,1,human,agent,0.59,21,332
deepseek-r1_prompt2_ethical114_5,1,human,agent,0.52,17,329
deepseek-r1_prompt3_ethical114_1,1,human,agent,0.65,29,235
deepseek-r1_prompt3_ethical114_2,1,human,agent,0.48,20,296
deepseek-r1_prompt3_ethical114_3,1,human,agent,0.37,16,306
deepseek-r1_prompt3_ethical114_4,1,human,agent,0.55,21,302
deepseek-r1_prompt3_ethical114_5,1,human,agent,0.62,17,303
deepseek-r1_prompt4_ethical114_1,1,human,agent,0.74,29,248
deepseek-r1_prompt4_ethical114_2,1,human,agent,0.55,20,272
deepseek-r1_prompt4_ethical114_3,1,human,agent,0.33,16,338
deepseek-r1_prompt4_ethical114_4,1,human,agent,0.55,21,299
deepseek-r1_prompt4_ethical114_5,1,human,agent,0.55,17,325
deepseek-r1_prompt0_ethical115_1,1,human,agent,0.58,22,259
deepseek-r1_prompt0_ethical115_2,1,human,agent,0.53,17,285
deepseek-r1_prompt0_ethical115_3,1,human,agent,0.41,13,323
deepseek-r1_prompt0_ethical115_4,1,human,agent,0.46,16,300
deepseek-r1_prompt0_ethical115_5,1,human,agent,0.40,20,323
deepseek-r1_prompt1_ethical115_1,1,human,agent,0.58,22,261
deepseek-r1_prompt1_ethical115_2,1,human,agent,0.53,17,331
deepseek-r1_prompt1_ethical115_3,1,human,agent,0.40,13,326
deepseek-r1_prompt1_ethical115_4,1,human,agent,0.54,16,301
deepseek-r1_prompt1_ethical115_5,1,human,agent,0.32,20,323
deepseek-r1_prompt2_ethical115_1,1,human,agent,0.73,22,279
deepseek-r1_prompt2_ethical115_2,1,human,agent,0.51,17,274
deepseek-r1_prompt2_ethical115_3,1,human,agent,0.39,13,306
deepseek-r1_prompt2_ethical115_4,1,human,agent,0.57,16,336
deepseek-r1_prompt2_ethical115_5,1,human,agent,0.34,20,371
deepseek-r1_prompt3_ethical115_1,1,human,agent,0.52,22,249
deepseek-r1_prompt3_ethical115_2,1,human,agent,0.43,17,290
deepseek-r1_prompt3_ethical115_3,1,human,agent,0.37,13,383
deepseek-r1_prompt3_ethical115_4,1,human,agent,0.50,16,305
deepseek-r1_prompt3_ethical115_5,1,human,agent,0.27,20,332
deepseek-r1_prompt4_ethical115_1,1,human,agent,0.65,22,227
deepseek-r1_prompt4_ethical115_2,1,human,agent,0.56,17,282
deepseek-r1_prompt4_ethical115_3,1,human,agent,0.46,13,306
deepseek-r1_prompt4_ethical115_4,1,human,agent,0.61,16,324
deepseek-r1_prompt4_ethical115_5,1,human,agent,0.34,20,352
deepseek-r1_prompt0_ethical116_1,1,human,agent,0.50,31,255
deepseek-r1_prompt0_ethical116_2,1,human,agent,0.36,23,317
deepseek-r1_prompt0_ethical116_3,1,human,agent,0.51,23,295
deepseek-r1_prompt0_ethical116_4,1,human,agent,0.42,16,307
deepseek-r1_prompt0_ethical116_5,1,human,agent,0.34,17,306
deepseek-r1_prompt1_ethical116_1,1,human,agent,0.49,31,272
deepseek-r1_prompt1_ethical116_2,1,human,agent,0.38,23,345
deepseek-r1_prompt1_ethical116_3,1,human,agent,0.55,23,306
deepseek-r1_prompt1_ethical116_4,1,human,agent,0.40,16,330
deepseek-r1_prompt1_ethical116_5,1,human,agent,0.31,17,299
deepseek-r1_prompt2_ethical116_1,1,human,agent,0.63,31,279
deepseek-r1_prompt2_ethical116_2,1,human,agent,0.58,23,312
deepseek-r1_prompt2_ethical116_3,1,human,agent,0.65,23,348
deepseek-r1_prompt2_ethical116_4,1,human,agent,0.62,16,350
deepseek-r1_prompt2_ethical116_5,1,human,agent,0.37,17,335
deepseek-r1_prompt3_ethical116_1,1,human,agent,0.60,31,251
deepseek-r1_prompt3_ethical116_2,1,human,agent,0.38,23,329
deepseek-r1_prompt3_ethical116_3,1,human,agent,0.54,23,336
deepseek-r1_prompt3_ethical116_4,1,human,agent,0.43,16,314
deepseek-r1_prompt3_ethical116_5,1,human,agent,0.31,17,315
deepseek-r1_prompt4_ethical116_1,1,human,agent,0.56,31,253
deepseek-r1_prompt4_ethical116_2,1,human,agent,0.51,23,290
deepseek-r1_prompt4_ethical116_3,1,human,agent,0.58,23,317
deepseek-r1_prompt4_ethical116_4,1,human,agent,0.51,16,325
deepseek-r1_prompt4_ethical116_5,1,human,agent,0.34,17,373
deepseek-r1_prompt0_ethical117_1,1,human,agent,0.57,28,232
deepseek-r1_prompt0_ethical117_2,1,human,agent,0.44,22,328
deepseek-r1_prompt0_ethical117_3,1,human,agent,0.34,13,286
deepseek-r1_prompt0_ethical117_4,1,human,agent,0.55,19,295
deepseek-r1_prompt0_ethical117_5,1,human,agent,0.25,19,288
deepseek-r1_prompt1_ethical117_1,1,human,agent,0.71,28,269
deepseek-r1_prompt1_ethical117_2,1,human,agent,0.41,22,280
deepseek-r1_prompt1_ethical117_3,1,human,agent,0.46,13,298
deepseek-r1_prompt1_ethical117_4,1,human,agent,0.60,19,309
deepseek-r1_prompt1_ethical117_5,1,human,agent,0.24,19,320
deepseek-r1_prompt2_ethical117_1,1,human,agent,0.72,28,249
deepseek-r1_prompt2_ethical117_2,1,human,agent,0.55,22,259
deepseek-r1_prompt2_ethical117_3,1,human,agent,0.44,13,274
deepseek-r1_prompt2_ethical117_4,1,human,agent,0.63,19,291
deepseek-r1_prompt2_ethical117_5,1,human,agent,0.28,19,320
deepseek-r1_prompt3_ethical117_1,1,human,agent,0.75,28,255
deepseek-r1_prompt3_ethical117_2,1,human,agent,0.47,22,291
deepseek-r1_prompt3_ethical117_3,1,human,agent,0.39,13,348
deepseek-r1_prompt3_ethical117_4,1,human,agent,0.46,19,283
deepseek-r1_prompt3_ethical117_5,1,human,agent,0.27,19,290
deepseek-r1_prompt4_ethical117_1,1,human,agent,0.66,28,265
deepseek-r1_prompt4_ethical117_2,1,human,agent,0.55,22,296
deepseek-r1_prompt4_ethical117_3,1,human,agent,0.48,13,331
deepseek-r1_prompt4_ethical117_4,1,human,agent,0.66,19,354
deepseek-r1_prompt4_ethical117_5,1,human,agent,0.28,19,370
deepseek-r1_prompt0_ethical118_1,1,human,agent,0.65,20,293
deepseek-r1_prompt0_ethical118_2,1,human,agent,0.16,16,308
deepseek-r1_prompt0_ethical118_3,1,human,agent,0.47,18,345
deepseek-r1_prompt0_ethical118_4,1,human,agent,0.62,18,315
deepseek-r1_prompt0_ethical118_5,1,human,agent,0.24,17,290
deepseek-r1_prompt1_ethical118_1,1,human,agent,0.49,20,267
deepseek-r1_prompt1_ethical118_2,1,human,agent,0.21,16,250
deepseek-r1_prompt1_ethical118_3,1,human,agent,0.49,18,294
deepseek-r1_prompt1_ethical118_4,1,human,agent,0.59,18,305
deepseek-r1_prompt1_ethical118_5,1,human,agent,0.21,17,250
deepseek-r1_prompt2_ethical118_1,1,human,agent,0.63,20,245
deepseek-r1_prompt2_ethical118_2,1,human,agent,0.22,16,305
deepseek-r1_prompt2_ethical118_3,1,human,agent,0.57,18,290
deepseek-r1_prompt2_ethical118_4,1,human,agent,0.67,18,319
deepseek-r1_prompt2_ethical118_5,1,human,agent,0.28,17,324
deepseek-r1_prompt3_ethical118_1,1,human,agent,0.57,20,278
deepseek-r1_prompt3_ethical118_2,1,human,agent,0.22,16,329
deepseek-r1_prompt3_ethical118_3,1,human,agent,0.52,18,345
deepseek-r1_prompt3_ethical118_4,1,human,agent,0.62,18,331
deepseek-r1_prompt3_ethical118_5,1,human,agent,0.23,17,317
deepseek-r1_prompt4_ethical118_1,1,human,agent,0.66,20,267
deepseek-r1_prompt4_ethical118_2,1,human,agent,0.17,16,297
deepseek-r1_prompt4_ethical118_3,1,human,agent,0.50,18,327
deepseek-r1_prompt4_ethical118_4,1,human,agent,0.61,18,355
deepseek-r1_prompt4_ethical118_5,1,human,agent,0.24,17,366
deepseek-r1_prompt0_ethical119_1,1,human,agent,0.47,26,267
deepseek-r1_prompt0_ethical119_2,1,human,agent,0.46,19,336
deepseek-r1_prompt0_ethical119_3,1,human,agent,0.28,14,308
deepseek-r1_prompt0_ethical119_4,1,human,agent,0.46,18,313
deepseek-r1_prompt0_ethical119_5,1,human,agent,0.30,16,304
deepseek-r1_prompt1_ethical119_1,1,human,agent,0.45,26,225
deepseek-r1_prompt1_ethical119_2,1,human,agent,0.44,19,311
deepseek-r1_prompt1_ethical119_3,1,human,agent,0.35,14,322
deepseek-r1_prompt1_ethical119_4,1,human,agent,0.54,18,299
deepseek-r1_prompt1_ethical119_5,1,human,agent,0.35,16,295
deepseek-r1_prompt2_ethical119_1,1,human,agent,0.54,26,242
deepseek-r1_prompt2_ethical119_2,1,human,agent,0.57,19,303
deepseek-r1_prompt2_ethical119_3,1,human,agent,0.40,14,313
deepseek-r1_prompt2_ethical119_4,1,human,agent,0.59,18,360
deepseek-r1_prompt2_ethical119_5,1,human,agent,0.32,16,361
deepseek-r1_prompt3_ethical119_1,1,human,agent,0.44,26,270
deepseek-r1_prompt3_ethical119_2,1,human,agent,0.50,19,318
deepseek-r1_prompt3_ethical119_3,1,human,agent,0.31,14,372
deepseek-r1_prompt3_ethical119_4,1,human,agent,0.53,18,330
deepseek-r1_prompt3_ethical119_5,1,human,agent,0.29,16,311
deepseek-r1_prompt4_ethical119_1,1,human,agent,0.48,26,290
deepseek-r1_prompt4_ethical119_2,1,human,agent,0.51,19,324
deepseek-r1_prompt4_ethical119_3,1,human,agent,0.35,14,320
deepseek-r1_prompt4_ethical119_4,1,human,agent,0.51,18,314
deepseek-r1_prompt4_ethical119_5,1,human,agent,0.32,16,335
deepseek-r1_prompt0_ethical12_1,1,human,agent,0.51,23,286
deepseek-r1_prompt0_ethical12_2,1,human,agent,0.44,24,348
deepseek-r1_prompt0_ethical12_3,1,human,agent,0.29,15,301
deepseek-r1_prompt0_ethical12_4,1,human,agent,0.61,20,285
deepseek-r1_prompt0_ethical12_5,1,human,agent,0.27,18,297
deepseek-r1_prompt1_ethical12_1,1,human,agent,0.39,23,241
deepseek-r1_prompt1_ethical12_2,1,human,agent,0.49,24,277
deepseek-r1_prompt1_ethical12_3,1,human,agent,0.35,15,302
deepseek-r1_prompt1_ethical12_4,1,human,agent,0.66,20,331
deepseek-r1_prompt1_ethical12_5,1,human,agent,0.37,18,304
deepseek-r1_prompt2_ethical12_1,1,human,agent,0.51,23,276
deepseek-r1_prompt2_ethical12_2,1,human,agent,0.56,24,284
deepseek-r1_prompt2_ethical12_3,1,human,agent,0.36,15,353
deepseek-r1_prompt2_ethical12_4,1,human,agent,0.71,20,331
deepseek-r1_prompt2_ethical12_5,1,human,agent,0.43,18,337
deepseek-r1_prompt3_ethical12_1,1,human,agent,0.45,23,265
deepseek-r1_prompt3_ethical12_2,1,human,agent,0.46,24,344
deepseek-r1_prompt3_ethical12_3,1,human,agent,0.34,15,310
deepseek-r1_prompt3_ethical12_4,1,human,agent,0.63,20,302
deepseek-r1_prompt3_ethical12_5,1,human,agent,0.39,18,305
deepseek-r1_prompt4_ethical12_1,1,human,agent,0.47,23,267
deepseek-r1_prompt4_ethical12_2,1,human,agent,0.53,24,296
deepseek-r1_prompt4_ethical12_3,1,human,agent,0.37,15,320
deepseek-r1_prompt4_ethical12_4,1,human,agent,0.63,20,334
deepseek-r1_prompt4_ethical12_5,1,human,agent,0.43,18,365
deepseek-r1_prompt0_ethical120_1,1,human,agent,0.61,29,268
deepseek-r1_prompt0_ethical120_2,1,human,agent,0.58,21,333
deepseek-r1_prompt0_ethical120_3,1,human,agent,0.60,19,301
deepseek-r1_prompt0_ethical120_4,1,human,agent,0.55,17,302
deepseek-r1_prompt0_ethical120_5,1,human,agent,0.25,15,288
deepseek-r1_prompt1_ethical120_1,1,human,agent,0.55,29,246
deepseek-r1_prompt1_ethical120_2,1,human,agent,0.60,21,346
deepseek-r1_prompt1_ethical120_3,1,human,agent,0.62,19,326
deepseek-r1_prompt1_ethical120_4,1,human,agent,0.54,17,322
deepseek-r1_prompt1_ethical120_5,1,human,agent,0.28,15,296
deepseek-r1_prompt2_ethical120_1,1,human,agent,0.72,29,266
deepseek-r1_prompt2_ethical120_2,1,human,agent,0.62,21,282
deepseek-r1_prompt2_ethical120_3,1,human,agent,0.70,19,308
deepseek-r1_prompt2_ethical120_4,1,human,agent,0.58,17,331
deepseek-r1_prompt2_ethical120_5,1,human,agent,0.33,15,359
deepseek-r1_prompt3_ethical120_1,1,human,agent,0.59,29,244
deepseek-r1_prompt3_ethical120_2,1,human,agent,0.55,21,325
deepseek-r1_prompt3_ethical120_3,1,human,agent,0.56,19,308
deepseek-r1_prompt3_ethical120_4,1,human,agent,0.62,17,318
deepseek-r1_prompt3_ethical120_5,1,human,agent,0.30,15,309
deepseek-r1_prompt4_ethical120_1,1,human,agent,0.64,29,260
deepseek-r1_prompt4_ethical120_2,1,human,agent,0.62,21,331
deepseek-r1_prompt4_ethical120_3,1,human,agent,0.70,19,345
deepseek-r1_prompt4_ethical120_4,1,human,agent,0.64,17,348
deepseek-r1_prompt4_ethical120_5,1,human,agent,0.34,15,351
deepseek-r1_prompt0_ethical121_1,1,human,agent,0.54,26,341
deepseek-r1_prompt0_ethical121_2,1,human,agent,0.64,20,306
deepseek-r1_prompt0_ethical121_3,1,human,agent,0.33,18,275
deepseek-r1_prompt0_ethical121_4,1,human,agent,0.63,20,276
deepseek-r1_prompt0_ethical121_5,1,human,agent,0.26,17,307
deepseek-r1_prompt1_ethical121_1,1,human,agent,0.54,26,263
deepseek-r1_prompt1_ethical121_2,1,human,agent,0.58,20,278
deepseek-r1_prompt1_ethical121_3,1,human,agent,0.35,18,307
deepseek-r1_prompt1_ethical121_4,1,human,agent,0.59,20,305
deepseek-r1_prompt1_ethical121_5,1,human,agent,0.27,17,317
deepseek-r1_prompt2_ethical121_1,1,human,agent,0.52,26,268
deepseek-r1_prompt2_ethical121_2,1,human,agent,0.68,20,255
deepseek-r1_prompt2_ethical121_3,1,human,agent,0.42,18,298
deepseek-r1_prompt2_ethical121_4,1,human,agent,0.71,20,348
deepseek-r1_prompt2_ethical121_5,1,human,agent,0.30,17,352
deepseek-r1_prompt3_ethical121_1,1,human,agent,0.44,26,293
deepseek-r1_prompt3_ethical121_2,1,human,agent,0.64,20,348
deepseek-r1_prompt3_ethical121_3,1,human,agent,0.31,18,317
deepseek-r1_prompt3_ethical121_4,1,human,agent,0.59,20,307
deepseek-r1_prompt3_ethical121_5,1,human,agent,0.25,17,299
deepseek-r1_prompt4_ethical121_1,1,human,agent,0.55,26,270
deepseek-r1_prompt4_ethical121_2,1,human,agent,0.69,20,306
deepseek-r1_prompt4_ethical121_3,1,human,agent,0.37,18,339
deepseek-r1_prompt4_ethical121_4,1,human,agent,0.59,20,372
deepseek-r1_prompt4_ethical121_5,1,human,agent,0.32,17,359
deepseek-r1_prompt0_ethical122_1,1,human,agent,0.48,23,286
deepseek-r1_prompt0_ethical122_2,1,human,agent,0.64,25,350
deepseek-r1_prompt0_ethical122_3,1,human,agent,0.60,19,335
deepseek-r1_prompt0_ethical122_4,1,human,agent,0.54,23,315
deepseek-r1_prompt0_ethical122_5,1,human,agent,0.44,20,323
deepseek-r1_prompt1_ethical122_1,1,human,agent,0.37,23,284
deepseek-r1_prompt1_ethical122_2,1,human,agent,0.65,25,323
deepseek-r1_prompt1_ethical122_3,1,human,agent,0.56,19,371
deepseek-r1_prompt1_ethical122_4,1,human,agent,0.46,23,314
deepseek-r1_prompt1_ethical122_5,1,human,agent,0.42,20,305
deepseek-r1_prompt2_ethical122_1,1,human,agent,0.41,23,259
deepseek-r1_prompt2_ethical122_2,1,human,agent,0.80,25,283
deepseek-r1_prompt2_ethical122_3,1,human,agent,0.68,19,312
deepseek-r1_prompt2_ethical122_4,1,human,agent,0.56,23,364
deepseek-r1_prompt2_ethical122_5,1,human,agent,0.48,20,353
deepseek-r1_prompt3_ethical122_1,1,human,agent,0.33,23,271
deepseek-r1_prompt3_ethical122_2,1,human,agent,0.67,25,332
deepseek-r1_prompt3_ethical122_3,1,human,agent,0.62,19,338
deepseek-r1_prompt3_ethical122_4,1,human,agent,0.53,23,295
deepseek-r1_prompt3_ethical122_5,1,human,agent,0.37,20,302
deepseek-r1_prompt4_ethical122_1,1,human,agent,0.38,23,292
deepseek-r1_prompt4_ethical122_2,1,human,agent,0.74,25,333
deepseek-r1_prompt4_ethical122_3,1,human,agent,0.66,19,337
deepseek-r1_prompt4_ethical122_4,1,human,agent,0.58,23,357
deepseek-r1_prompt4_ethical122_5,1,human,agent,0.40,20,371
deepseek-r1_prompt0_ethical123_1,1,human,agent,0.39,22,332
deepseek-r1_prompt0_ethical123_2,1,human,agent,0.40,19,317
deepseek-r1_prompt0_ethical123_3,1,human,agent,0.44,13,313
deepseek-r1_prompt0_ethical123_4,1,human,agent,0.56,15,290
deepseek-r1_prompt0_ethical123_5,1,human,agent,0.15,12,293
deepseek-r1_prompt1_ethical123_1,1,human,agent,0.59,22,233
deepseek-r1_prompt1_ethical123_2,1,human,agent,0.40,19,274
deepseek-r1_prompt1_ethical123_3,1,human,agent,0.42,13,289
deepseek-r1_prompt1_ethical123_4,1,human,agent,0.52,15,340
deepseek-r1_prompt1_ethical123_5,1,human,agent,0.14,12,345
deepseek-r1_prompt2_ethical123_1,1,human,agent,0.56,22,262
deepseek-r1_prompt2_ethical123_2,1,human,agent,0.43,19,285
deepseek-r1_prompt2_ethical123_3,1,human,agent,0.50,13,313
deepseek-r1_prompt2_ethical123_4,1,human,agent,0.62,15,344
deepseek-r1_prompt2_ethical123_5,1,human,agent,0.15,12,335
deepseek-r1_prompt3_ethical123_1,1,human,agent,0.45,22,275
deepseek-r1_prompt3_ethical123_2,1,human,agent,0.32,19,296
deepseek-r1_prompt3_ethical123_3,1,human,agent,0.48,13,321
deepseek-r1_prompt3_ethical123_4,1,human,agent,0.52,15,314
deepseek-r1_prompt3_ethical123_5,1,human,agent,0.15,12,332
deepseek-r1_prompt4_ethical123_1,1,human,agent,0.53,22,263
deepseek-r1_prompt4_ethical123_2,1,human,agent,0.52,19,291
deepseek-r1_prompt4_ethical123_3,1,human,agent,0.48,13,292
deepseek-r1_prompt4_ethical123_4,1,human,agent,0.58,15,338
deepseek-r1_prompt4_ethical123_5,1,human,agent,0.16,12,361
deepseek-r1_prompt0_ethical124_1,1,human,agent,0.46,23,276
deepseek-r1_prompt0_ethical124_2,1,human,agent,0.40,16,322
deepseek-r1_prompt0_ethical124_3,1,human,agent,0.49,19,305
deepseek-r1_prompt0_ethical124_4,1,human,agent,0.65,19,323
deepseek-r1_prompt0_ethical124_5,1,human,agent,0.35,17,301
deepseek-r1_prompt1_ethical124_1,1,human,agent,0.37,23,277
deepseek-r1_prompt1_ethical124_2,1,human,agent,0.37,16,300
deepseek-r1_prompt1_ethical124_3,1,human,agent,0.48,19,322
deepseek-r1_prompt1_ethical124_4,1,human,agent,0.60,19,306
deepseek-r1_prompt1_ethical124_5,1,human,agent,0.37,17,309
deepseek-r1_prompt2_ethical124_1,1,human,agent,0.47,23,258
deepseek-r1_prompt2_ethical124_2,1,human,agent,0.42,16,301
deepseek-r1_prompt2_ethical124_3,1,human,agent,0.50,19,308
deepseek-r1_prompt2_ethical124_4,1,human,agent,0.68,19,365
deepseek-r1_prompt2_ethical124_5,1,human,agent,0.36,17,327
deepseek-r1_prompt3_ethical124_1,1,human,agent,0.29,23,269
deepseek-r1_prompt3_ethical124_2,1,human,agent,0.32,16,327
deepseek-r1_prompt3_ethical124_3,1,human,agent,0.42,19,324
deepseek-r1_prompt3_ethical124_4,1,human,agent,0.59,19,328
deepseek-r1_prompt3_ethical124_5,1,human,agent,0.31,17,302
deepseek-r1_prompt4_ethical124_1,1,human,agent,0.42,23,272
deepseek-r1_prompt4_ethical124_2,1,human,agent,0.41,16,268
deepseek-r1_prompt4_ethical124_3,1,human,agent,0.47,19,299
deepseek-r1_prompt4_ethical124_4,1,human,agent,0.67,19,331
deepseek-r1_prompt4_ethical124_5,1,human,agent,0.28,17,343
deepseek-r1_prompt0_ethical125_1,1,human,agent,0.72,34,262
deepseek-r1_prompt0_ethical125_2,1,human,agent,0.57,22,341
deepseek-r1_prompt0_ethical125_3,1,human,agent,0.60,20,311
deepseek-r1_prompt0_ethical125_4,1,human,agent,0.51,19,311
deepseek-r1_prompt0_ethical125_5,1,human,agent,0.23,14,300
deepseek-r1_prompt1_ethical125_1,1,human,agent,0.73,34,270
deepseek-r1_prompt1_ethical125_2,1,human,agent,0.50,22,329
deepseek-r1_prompt1_ethical125_3,1,human,agent,0.57,20,360
deepseek-r1_prompt1_ethical125_4,1,human,agent,0.59,19,384
deepseek-r1_prompt1_ethical125_5,1,human,agent,0.19,14,352
deepseek-r1_prompt2_ethical125_1,1,human,agent,0.81,34,262
deepseek-r1_prompt2_ethical125_2,1,human,agent,0.62,22,298
deepseek-r1_prompt2_ethical125_3,1,human,agent,0.65,20,360
deepseek-r1_prompt2_ethical125_4,1,human,agent,0.64,19,330
deepseek-r1_prompt2_ethical125_5,1,human,agent,0.23,14,311
deepseek-r1_prompt3_ethical125_1,1,human,agent,0.71,34,300
deepseek-r1_prompt3_ethical125_2,1,human,agent,0.57,22,311
deepseek-r1_prompt3_ethical125_3,1,human,agent,0.59,20,359
deepseek-r1_prompt3_ethical125_4,1,human,agent,0.60,19,319
deepseek-r1_prompt3_ethical125_5,1,human,agent,0.21,14,294
deepseek-r1_prompt4_ethical125_1,1,human,agent,0.77,34,274
deepseek-r1_prompt4_ethical125_2,1,human,agent,0.59,22,310
deepseek-r1_prompt4_ethical125_3,1,human,agent,0.61,20,318
deepseek-r1_prompt4_ethical125_4,1,human,agent,0.66,19,353
deepseek-r1_prompt4_ethical125_5,1,human,agent,0.23,14,328
deepseek-r1_prompt0_ethical126_1,1,human,agent,0.48,31,293
deepseek-r1_prompt0_ethical126_2,1,human,agent,0.22,17,344
deepseek-r1_prompt0_ethical126_3,1,human,agent,0.50,16,299
deepseek-r1_prompt0_ethical126_4,1,human,agent,0.75,19,312
deepseek-r1_prompt0_ethical126_5,1,human,agent,0.16,14,316
deepseek-r1_prompt1_ethical126_1,1,human,agent,0.50,31,298
deepseek-r1_prompt1_ethical126_2,1,human,agent,0.23,17,348
deepseek-r1_prompt1_ethical126_3,1,human,agent,0.56,16,325
deepseek-r1_prompt1_ethical126_4,1,human,agent,0.63,19,315
deepseek-r1_prompt1_ethical126_5,1,human,agent,0.18,14,313
deepseek-r1_prompt2_ethical126_1,1,human,agent,0.59,31,297
deepseek-r1_prompt2_ethical126_2,1,human,agent,0.31,17,327
deepseek-r1_prompt2_ethical126_3,1,human,agent,0.64,16,341
deepseek-r1_prompt2_ethical126_4,1,human,agent,0.66,19,332
deepseek-r1_prompt2_ethical126_5,1,human,agent,0.18,14,360
deepseek-r1_prompt3_ethical126_1,1,human,agent,0.57,31,309
deepseek-r1_prompt3_ethical126_2,1,human,agent,0.25,17,319
deepseek-r1_prompt3_ethical126_3,1,human,agent,0.57,16,323
deepseek-r1_prompt3_ethical126_4,1,human,agent,0.63,19,303
deepseek-r1_prompt3_ethical126_5,1,human,agent,0.16,14,315
deepseek-r1_prompt4_ethical126_1,1,human,agent,0.54,31,287
deepseek-r1_prompt4_ethical126_2,1,human,agent,0.26,17,302
deepseek-r1_prompt4_ethical126_3,1,human,agent,0.60,16,343
deepseek-r1_prompt4_ethical126_4,1,human,agent,0.65,19,375
deepseek-r1_prompt4_ethical126_5,1,human,agent,0.19,14,382
deepseek-r1_prompt0_ethical127_1,1,human,agent,0.45,24,287
deepseek-r1_prompt0_ethical127_2,1,human,agent,0.40,19,327
deepseek-r1_prompt0_ethical127_3,1,human,agent,0.50,16,297
deepseek-r1_prompt0_ethical127_4,1,human,agent,0.56,16,302
deepseek-r1_prompt0_ethical127_5,1,human,agent,0.51,14,295
deepseek-r1_prompt1_ethical127_1,1,human,agent,0.44,24,269
deepseek-r1_prompt1_ethical127_2,1,human,agent,0.42,19,308
deepseek-r1_prompt1_ethical127_3,1,human,agent,0.59,16,347
deepseek-r1_prompt1_ethical127_4,1,human,agent,0.52,16,299
deepseek-r1_prompt1_ethical127_5,1,human,agent,0.40,14,315
deepseek-r1_prompt2_ethical127_1,1,human,agent,0.55,24,249
deepseek-r1_prompt2_ethical127_2,1,human,agent,0.44,19,317
deepseek-r1_prompt2_ethical127_3,1,human,agent,0.71,16,356
deepseek-r1_prompt2_ethical127_4,1,human,agent,0.63,16,336
deepseek-r1_prompt2_ethical127_5,1,human,agent,0.39,14,327
deepseek-r1_prompt3_ethical127_1,1,human,agent,0.48,24,272
deepseek-r1_prompt3_ethical127_2,1,human,agent,0.38,19,353
deepseek-r1_prompt3_ethical127_3,1,human,agent,0.57,16,317
deepseek-r1_prompt3_ethical127_4,1,human,agent,0.55,16,320
deepseek-r1_prompt3_ethical127_5,1,human,agent,0.52,14,317
deepseek-r1_prompt4_ethical127_1,1,human,agent,0.54,24,260
deepseek-r1_prompt4_ethical127_2,1,human,agent,0.51,19,287
deepseek-r1_prompt4_ethical127_3,1,human,agent,0.65,16,319
deepseek-r1_prompt4_ethical127_4,1,human,agent,0.54,16,343
deepseek-r1_prompt4_ethical127_5,1,human,agent,0.38,14,331
deepseek-r1_prompt0_ethical128_1,1,human,agent,0.48,24,269
deepseek-r1_prompt0_ethical128_2,1,human,agent,0.51,21,300
deepseek-r1_prompt0_ethical128_3,1,human,agent,0.37,19,319
deepseek-r1_prompt0_ethical128_4,1,human,agent,0.42,23,319
deepseek-r1_prompt0_ethical128_5,1,human,agent,0.35,19,302
deepseek-r1_prompt1_ethical128_1,1,human,agent,0.43,24,231
deepseek-r1_prompt1_ethical128_2,1,human,agent,0.54,21,285
deepseek-r1_prompt1_ethical128_3,1,human,agent,0.34,19,339
deepseek-r1_prompt1_ethical128_4,1,human,agent,0.62,23,331
deepseek-r1_prompt1_ethical128_5,1,human,agent,0.38,19,317
deepseek-r1_prompt2_ethical128_1,1,human,agent,0.68,24,260
deepseek-r1_prompt2_ethical128_2,1,human,agent,0.68,21,268
deepseek-r1_prompt2_ethical128_3,1,human,agent,0.52,19,310
deepseek-r1_prompt2_ethical128_4,1,human,agent,0.57,23,347
deepseek-r1_prompt2_ethical128_5,1,human,agent,0.39,19,363
deepseek-r1_prompt3_ethical128_1,1,human,agent,0.50,24,246
deepseek-r1_prompt3_ethical128_2,1,human,agent,0.53,21,297
deepseek-r1_prompt3_ethical128_3,1,human,agent,0.41,19,346
deepseek-r1_prompt3_ethical128_4,1,human,agent,0.46,23,328
deepseek-r1_prompt3_ethical128_5,1,human,agent,0.38,19,333
deepseek-r1_prompt4_ethical128_1,1,human,agent,0.61,24,258
deepseek-r1_prompt4_ethical128_2,1,human,agent,0.71,21,284
deepseek-r1_prompt4_ethical128_3,1,human,agent,0.49,19,286
deepseek-r1_prompt4_ethical128_4,1,human,agent,0.52,23,327
deepseek-r1_prompt4_ethical128_5,1,human,agent,0.44,19,301
deepseek-r1_prompt0_ethical129_1,1,human,agent,0.43,26,271
deepseek-r1_prompt0_ethical129_2,1,human,agent,0.66,21,295
deepseek-r1_prompt0_ethical129_3,1,human,agent,0.31,14,273
deepseek-r1_prompt0_ethical129_4,1,human,agent,0.57,20,283
deepseek-r1_prompt0_ethical129_5,1,human,agent,0.52,20,300
deepseek-r1_prompt1_ethical129_1,1,human,agent,0.35,26,270
deepseek-r1_prompt1_ethical129_2,1,human,agent,0.63,21,312
deepseek-r1_prompt1_ethical129_3,1,human,agent,0.32,14,300
deepseek-r1_prompt1_ethical129_4,1,human,agent,0.56,20,304
deepseek-r1_prompt1_ethical129_5,1,human,agent,0.52,20,285
deepseek-r1_prompt2_ethical129_1,1,human,agent,0.50,26,255
deepseek-r1_prompt2_ethical129_2,1,human,agent,0.79,21,294
deepseek-r1_prompt2_ethical129_3,1,human,agent,0.46,14,285
deepseek-r1_prompt2_ethical129_4,1,human,agent,0.62,20,293
deepseek-r1_prompt2_ethical129_5,1,human,agent,0.60,20,346
deepseek-r1_prompt3_ethical129_1,1,human,agent,0.40,26,286
deepseek-r1_prompt3_ethical129_2,1,human,agent,0.74,21,328
deepseek-r1_prompt3_ethical129_3,1,human,agent,0.28,14,334
deepseek-r1_prompt3_ethical129_4,1,human,agent,0.52,20,337
deepseek-r1_prompt3_ethical129_5,1,human,agent,0.49,20,276
deepseek-r1_prompt4_ethical129_1,1,human,agent,0.49,26,268
deepseek-r1_prompt4_ethical129_2,1,human,agent,0.78,21,328
deepseek-r1_prompt4_ethical129_3,1,human,agent,0.46,14,316
deepseek-r1_prompt4_ethical129_4,1,human,agent,0.63,20,381
deepseek-r1_prompt4_ethical129_5,1,human,agent,0.53,20,345
deepseek-r1_prompt0_ethical13_1,1,human,agent,0.63,27,293
deepseek-r1_prompt0_ethical13_2,1,human,agent,0.42,20,345
deepseek-r1_prompt0_ethical13_3,1,human,agent,0.34,14,302
deepseek-r1_prompt0_ethical13_4,1,human,agent,0.40,21,307
deepseek-r1_prompt0_ethical13_5,1,human,agent,0.32,17,297
deepseek-r1_prompt1_ethical13_1,1,human,agent,0.48,27,228
deepseek-r1_prompt1_ethical13_2,1,human,agent,0.43,20,291
deepseek-r1_prompt1_ethical13_3,1,human,agent,0.38,14,355
deepseek-r1_prompt1_ethical13_4,1,human,agent,0.43,21,286
deepseek-r1_prompt1_ethical13_5,1,human,agent,0.36,17,314
deepseek-r1_prompt2_ethical13_1,1,human,agent,0.53,27,277
deepseek-r1_prompt2_ethical13_2,1,human,agent,0.42,20,289
deepseek-r1_prompt2_ethical13_3,1,human,agent,0.46,14,332
deepseek-r1_prompt2_ethical13_4,1,human,agent,0.49,21,335
deepseek-r1_prompt2_ethical13_5,1,human,agent,0.32,17,322
deepseek-r1_prompt3_ethical13_1,1,human,agent,0.45,27,272
deepseek-r1_prompt3_ethical13_2,1,human,agent,0.42,20,329
deepseek-r1_prompt3_ethical13_3,1,human,agent,0.37,14,309
deepseek-r1_prompt3_ethical13_4,1,human,agent,0.46,21,301
deepseek-r1_prompt3_ethical13_5,1,human,agent,0.34,17,311
deepseek-r1_prompt4_ethical13_1,1,human,agent,0.55,27,273
deepseek-r1_prompt4_ethical13_2,1,human,agent,0.44,20,295
deepseek-r1_prompt4_ethical13_3,1,human,agent,0.44,14,333
deepseek-r1_prompt4_ethical13_4,1,human,agent,0.47,21,358
deepseek-r1_prompt4_ethical13_5,1,human,agent,0.37,17,313
deepseek-r1_prompt0_ethical130_1,1,human,agent,0.52,32,220
deepseek-r1_prompt0_ethical130_2,1,human,agent,0.36,21,320
deepseek-r1_prompt0_ethical130_3,1,human,agent,0.39,17,277
deepseek-r1_prompt0_ethical130_4,1,human,agent,0.42,18,281
deepseek-r1_prompt0_ethical130_5,1,human,agent,0.35,23,316
deepseek-r1_prompt1_ethical130_1,1,human,agent,0.55,32,282
deepseek-r1_prompt1_ethical130_2,1,human,agent,0.33,21,293
deepseek-r1_prompt1_ethical130_3,1,human,agent,0.36,17,313
deepseek-r1_prompt1_ethical130_4,1,human,agent,0.50,18,282
deepseek-r1_prompt1_ethical130_5,1,human,agent,0.37,23,283
deepseek-r1_prompt2_ethical130_1,1,human,agent,0.51,32,264
deepseek-r1_prompt2_ethical130_2,1,human,agent,0.49,21,288
deepseek-r1_prompt2_ethical130_3,1,human,agent,0.52,17,311
deepseek-r1_prompt2_ethical130_4,1,human,agent,0.60,18,359
deepseek-r1_prompt2_ethical130_5,1,human,agent,0.38,23,317
deepseek-r1_prompt3_ethical130_1,1,human,agent,0.63,32,266
deepseek-r1_prompt3_ethical130_2,1,human,agent,0.37,21,365
deepseek-r1_prompt3_ethical130_3,1,human,agent,0.41,17,310
deepseek-r1_prompt3_ethical130_4,1,human,agent,0.49,18,296
deepseek-r1_prompt3_ethical130_5,1,human,agent,0.33,23,286
deepseek-r1_prompt4_ethical130_1,1,human,agent,0.60,32,290
deepseek-r1_prompt4_ethical130_2,1,human,agent,0.52,21,315
deepseek-r1_prompt4_ethical130_3,1,human,agent,0.47,17,347
deepseek-r1_prompt4_ethical130_4,1,human,agent,0.57,18,351
deepseek-r1_prompt4_ethical130_5,1,human,agent,0.41,23,378
deepseek-r1_prompt0_ethical131_1,1,human,agent,0.39,31,280
deepseek-r1_prompt0_ethical131_2,1,human,agent,0.58,26,286
deepseek-r1_prompt0_ethical131_3,1,human,agent,0.40,17,285
deepseek-r1_prompt0_ethical131_4,1,human,agent,0.73,24,289
deepseek-r1_prompt0_ethical131_5,1,human,agent,0.46,18,312
deepseek-r1_prompt1_ethical131_1,1,human,agent,0.53,31,239
deepseek-r1_prompt1_ethical131_2,1,human,agent,0.54,26,266
deepseek-r1_prompt1_ethical131_3,1,human,agent,0.39,17,304
deepseek-r1_prompt1_ethical131_4,1,human,agent,0.75,24,301
deepseek-r1_prompt1_ethical131_5,1,human,agent,0.39,18,290
deepseek-r1_prompt2_ethical131_1,1,human,agent,0.54,31,254
deepseek-r1_prompt2_ethical131_2,1,human,agent,0.60,26,306
deepseek-r1_prompt2_ethical131_3,1,human,agent,0.45,17,336
deepseek-r1_prompt2_ethical131_4,1,human,agent,0.77,24,330
deepseek-r1_prompt2_ethical131_5,1,human,agent,0.41,18,349
deepseek-r1_prompt3_ethical131_1,1,human,agent,0.51,31,296
deepseek-r1_prompt3_ethical131_2,1,human,agent,0.60,26,368
deepseek-r1_prompt3_ethical131_3,1,human,agent,0.43,17,302
deepseek-r1_prompt3_ethical131_4,1,human,agent,0.72,24,317
deepseek-r1_prompt3_ethical131_5,1,human,agent,0.39,18,316
deepseek-r1_prompt4_ethical131_1,1,human,agent,0.53,31,260
deepseek-r1_prompt4_ethical131_2,1,human,agent,0.59,26,285
deepseek-r1_prompt4_ethical131_3,1,human,agent,0.47,17,313
deepseek-r1_prompt4_ethical131_4,1,human,agent,0.81,24,372
deepseek-r1_prompt4_ethical131_5,1,human,agent,0.47,18,339
deepseek-r1_prompt0_ethical132_1,1,human,agent,0.31,27,304
deepseek-r1_prompt0_ethical132_2,1,human,agent,0.55,17,343
deepseek-r1_prompt0_ethical132_3,1,human,agent,0.41,13,280
deepseek-r1_prompt0_ethical132_4,1,human,agent,0.52,18,300
deepseek-r1_prompt0_ethical132_5,1,human,agent,0.43,19,310
deepseek-r1_prompt1_ethical132_1,1,human,agent,0.46,27,272
deepseek-r1_prompt1_ethical132_2,1,human,agent,0.56,17,336
deepseek-r1_prompt1_ethical132_3,1,human,agent,0.41,13,277
deepseek-r1_prompt1_ethical132_4,1,human,agent,0.53,18,307
deepseek-r1_prompt1_ethical132_5,1,human,agent,0.42,19,317
deepseek-r1_prompt2_ethical132_1,1,human,agent,0.48,27,279
deepseek-r1_prompt2_ethical132_2,1,human,agent,0.55,17,319
deepseek-r1_prompt2_ethical132_3,1,human,agent,0.41,13,351
deepseek-r1_prompt2_ethical132_4,1,human,agent,0.54,18,341
deepseek-r1_prompt2_ethical132_5,1,human,agent,0.40,19,365
deepseek-r1_prompt3_ethical132_1,1,human,agent,0.45,27,270
deepseek-r1_prompt3_ethical132_2,1,human,agent,0.52,17,348
deepseek-r1_prompt3_ethical132_3,1,human,agent,0.42,13,305
deepseek-r1_prompt3_ethical132_4,1,human,agent,0.43,18,296
deepseek-r1_prompt3_ethical132_5,1,human,agent,0.40,19,328
deepseek-r1_prompt4_ethical132_1,1,human,agent,0.53,27,290
deepseek-r1_prompt4_ethical132_2,1,human,agent,0.63,17,304
deepseek-r1_prompt4_ethical132_3,1,human,agent,0.45,13,278
deepseek-r1_prompt4_ethical132_4,1,human,agent,0.59,18,314
deepseek-r1_prompt4_ethical132_5,1,human,agent,0.39,19,341
deepseek-r1_prompt0_ethical133_1,1,human,agent,0.45,27,304
deepseek-r1_prompt0_ethical133_2,1,human,agent,0.37,22,326
deepseek-r1_prompt0_ethical133_3,1,human,agent,0.37,18,335
deepseek-r1_prompt0_ethical133_4,1,human,agent,0.37,18,287
deepseek-r1_prompt0_ethical133_5,1,human,agent,0.19,14,323
deepseek-r1_prompt1_ethical133_1,1,human,agent,0.54,27,268
deepseek-r1_prompt1_ethical133_2,1,human,agent,0.40,22,310
deepseek-r1_prompt1_ethical133_3,1,human,agent,0.38,18,323
deepseek-r1_prompt1_ethical133_4,1,human,agent,0.39,18,314
deepseek-r1_prompt1_ethical133_5,1,human,agent,0.21,14,302
deepseek-r1_prompt2_ethical133_1,1,human,agent,0.55,27,240
deepseek-r1_prompt2_ethical133_2,1,human,agent,0.50,22,246
deepseek-r1_prompt2_ethical133_3,1,human,agent,0.51,18,313
deepseek-r1_prompt2_ethical133_4,1,human,agent,0.54,18,361
deepseek-r1_prompt2_ethical133_5,1,human,agent,0.30,14,302
deepseek-r1_prompt3_ethical133_1,1,human,agent,0.68,27,278
deepseek-r1_prompt3_ethical133_2,1,human,agent,0.43,22,300
deepseek-r1_prompt3_ethical133_3,1,human,agent,0.45,18,360
deepseek-r1_prompt3_ethical133_4,1,human,agent,0.43,18,325
deepseek-r1_prompt3_ethical133_5,1,human,agent,0.22,14,311
deepseek-r1_prompt4_ethical133_1,1,human,agent,0.54,27,279
deepseek-r1_prompt4_ethical133_2,1,human,agent,0.62,22,314
deepseek-r1_prompt4_ethical133_3,1,human,agent,0.52,18,301
deepseek-r1_prompt4_ethical133_4,1,human,agent,0.52,18,337
deepseek-r1_prompt4_ethical133_5,1,human,agent,0.22,14,289
deepseek-r1_prompt0_ethical134_1,1,human,agent,0.42,28,310
deepseek-r1_prompt0_ethical134_2,1,human,agent,0.50,18,306
deepseek-r1_prompt0_ethical134_3,1,human,agent,0.21,17,313
deepseek-r1_prompt0_ethical134_4,1,human,agent,0.61,15,317
deepseek-r1_prompt0_ethical134_5,1,human,agent,0.40,18,309
deepseek-r1_prompt1_ethical134_1,1,human,agent,0.48,28,251
deepseek-r1_prompt1_ethical134_2,1,human,agent,0.39,18,369
deepseek-r1_prompt1_ethical134_3,1,human,agent,0.28,17,284
deepseek-r1_prompt1_ethical134_4,1,human,agent,0.41,15,298
deepseek-r1_prompt1_ethical134_5,1,human,agent,0.40,18,289
deepseek-r1_prompt2_ethical134_1,1,human,agent,0.48,28,300
deepseek-r1_prompt2_ethical134_2,1,human,agent,0.65,18,294
deepseek-r1_prompt2_ethical134_3,1,human,agent,0.43,17,328
deepseek-r1_prompt2_ethical134_4,1,human,agent,0.55,15,374
deepseek-r1_prompt2_ethical134_5,1,human,agent,0.50,18,347
deepseek-r1_prompt3_ethical134_1,1,human,agent,0.39,28,286
deepseek-r1_prompt3_ethical134_2,1,human,agent,0.52,18,384
deepseek-r1_prompt3_ethical134_3,1,human,agent,0.24,17,368
deepseek-r1_prompt3_ethical134_4,1,human,agent,0.47,15,314
deepseek-r1_prompt3_ethical134_5,1,human,agent,0.44,18,287
deepseek-r1_prompt4_ethical134_1,1,human,agent,0.45,28,255
deepseek-r1_prompt4_ethical134_2,1,human,agent,0.72,18,290
deepseek-r1_prompt4_ethical134_3,1,human,agent,0.40,17,313
deepseek-r1_prompt4_ethical134_4,1,human,agent,0.52,15,342
deepseek-r1_prompt4_ethical134_5,1,human,agent,0.51,18,302
deepseek-r1_prompt0_ethical135_1,1,human,agent,0.55,24,256
deepseek-r1_prompt0_ethical135_2,1,human,agent,0.58,20,322
deepseek-r1_prompt0_ethical135_3,1,human,agent,0.40,14,313
deepseek-r1_prompt0_ethical135_4,1,human,agent,0.62,20,292
deepseek-r1_prompt0_ethical135_5,1,human,agent,0.38,17,298
deepseek-r1_prompt1_ethical135_1,1,human,agent,0.53,24,257
deepseek-r1_prompt1_ethical135_2,1,human,agent,0.59,20,300
deepseek-r1_prompt1_ethical135_3,1,human,agent,0.42,14,338
deepseek-r1_prompt1_ethical135_4,1,human,agent,0.70,20,315
deepseek-r1_prompt1_ethical135_5,1,human,agent,0.41,17,332
deepseek-r1_prompt2_ethical135_1,1,human,agent,0.62,24,275
deepseek-r1_prompt2_ethical135_2,1,human,agent,0.65,20,274
deepseek-r1_prompt2_ethical135_3,1,human,agent,0.46,14,305
deepseek-r1_prompt2_ethical135_4,1,human,agent,0.67,20,358
deepseek-r1_prompt2_ethical135_5,1,human,agent,0.38,17,344
deepseek-r1_prompt3_ethical135_1,1,human,agent,0.55,24,258
deepseek-r1_prompt3_ethical135_2,1,human,agent,0.60,20,323
deepseek-r1_prompt3_ethical135_3,1,human,agent,0.41,14,366
deepseek-r1_prompt3_ethical135_4,1,human,agent,0.62,20,354
deepseek-r1_prompt3_ethical135_5,1,human,agent,0.41,17,338
deepseek-r1_prompt4_ethical135_1,1,human,agent,0.62,24,268
deepseek-r1_prompt4_ethical135_2,1,human,agent,0.61,20,285
deepseek-r1_prompt4_ethical135_3,1,human,agent,0.45,14,309
deepseek-r1_prompt4_ethical135_4,1,human,agent,0.65,20,340
deepseek-r1_prompt4_ethical135_5,1,human,agent,0.41,17,350
deepseek-r1_prompt0_ethical136_1,1,human,agent,0.60,26,272
deepseek-r1_prompt0_ethical136_2,1,human,agent,0.45,16,322
deepseek-r1_prompt0_ethical136_3,1,human,agent,0.37,14,306
deepseek-r1_prompt0_ethical136_4,1,human,agent,0.52,16,273
deepseek-r1_prompt0_ethical136_5,1,human,agent,0.32,17,273
deepseek-r1_prompt1_ethical136_1,1,human,agent,0.47,26,260
deepseek-r1_prompt1_ethical136_2,1,human,agent,0.42,16,291
deepseek-r1_prompt1_ethical136_3,1,human,agent,0.42,14,315
deepseek-r1_prompt1_ethical136_4,1,human,agent,0.49,16,338
deepseek-r1_prompt1_ethical136_5,1,human,agent,0.35,17,346
deepseek-r1_prompt2_ethical136_1,1,human,agent,0.51,26,256
deepseek-r1_prompt2_ethical136_2,1,human,agent,0.45,16,303
deepseek-r1_prompt2_ethical136_3,1,human,agent,0.38,14,295
deepseek-r1_prompt2_ethical136_4,1,human,agent,0.53,16,340
deepseek-r1_prompt2_ethical136_5,1,human,agent,0.38,17,331
deepseek-r1_prompt3_ethical136_1,1,human,agent,0.49,26,270
deepseek-r1_prompt3_ethical136_2,1,human,agent,0.47,16,331
deepseek-r1_prompt3_ethical136_3,1,human,agent,0.37,14,379
deepseek-r1_prompt3_ethical136_4,1,human,agent,0.48,16,330
deepseek-r1_prompt3_ethical136_5,1,human,agent,0.33,17,311
deepseek-r1_prompt4_ethical136_1,1,human,agent,0.57,26,288
deepseek-r1_prompt4_ethical136_2,1,human,agent,0.54,16,303
deepseek-r1_prompt4_ethical136_3,1,human,agent,0.45,14,300
deepseek-r1_prompt4_ethical136_4,1,human,agent,0.57,16,346
deepseek-r1_prompt4_ethical136_5,1,human,agent,0.42,17,347
deepseek-r1_prompt0_ethical137_1,1,human,agent,0.42,21,310
deepseek-r1_prompt0_ethical137_2,1,human,agent,0.38,27,333
deepseek-r1_prompt0_ethical137_3,1,human,agent,0.30,17,331
deepseek-r1_prompt0_ethical137_4,1,human,agent,0.44,19,327
deepseek-r1_prompt0_ethical137_5,1,human,agent,0.24,16,310
deepseek-r1_prompt1_ethical137_1,1,human,agent,0.42,21,257
deepseek-r1_prompt1_ethical137_2,1,human,agent,0.50,27,361
deepseek-r1_prompt1_ethical137_3,1,human,agent,0.31,17,330
deepseek-r1_prompt1_ethical137_4,1,human,agent,0.44,19,335
deepseek-r1_prompt1_ethical137_5,1,human,agent,0.21,16,311
deepseek-r1_prompt2_ethical137_1,1,human,agent,0.48,21,258
deepseek-r1_prompt2_ethical137_2,1,human,agent,0.63,27,283
deepseek-r1_prompt2_ethical137_3,1,human,agent,0.42,17,329
deepseek-r1_prompt2_ethical137_4,1,human,agent,0.55,19,304
deepseek-r1_prompt2_ethical137_5,1,human,agent,0.30,16,314
deepseek-r1_prompt3_ethical137_1,1,human,agent,0.35,21,276
deepseek-r1_prompt3_ethical137_2,1,human,agent,0.52,27,332
deepseek-r1_prompt3_ethical137_3,1,human,agent,0.32,17,337
deepseek-r1_prompt3_ethical137_4,1,human,agent,0.50,19,336
deepseek-r1_prompt3_ethical137_5,1,human,agent,0.24,16,331
deepseek-r1_prompt4_ethical137_1,1,human,agent,0.50,21,285
deepseek-r1_prompt4_ethical137_2,1,human,agent,0.55,27,339
deepseek-r1_prompt4_ethical137_3,1,human,agent,0.42,17,370
deepseek-r1_prompt4_ethical137_4,1,human,agent,0.48,19,361
deepseek-r1_prompt4_ethical137_5,1,human,agent,0.22,16,350
deepseek-r1_prompt0_ethical138_1,1,human,agent,0.32,24,271
deepseek-r1_prompt0_ethical138_2,1,human,agent,0.55,21,306
deepseek-r1_prompt0_ethical138_3,1,human,agent,0.49,15,294
deepseek-r1_prompt0_ethical138_4,1,human,agent,0.51,24,290
deepseek-r1_prompt0_ethical138_5,1,human,agent,0.39,15,295
deepseek-r1_prompt1_ethical138_1,1,human,agent,0.27,24,252
deepseek-r1_prompt1_ethical138_2,1,human,agent,0.57,21,300
deepseek-r1_prompt1_ethical138_3,1,human,agent,0.48,15,280
deepseek-r1_prompt1_ethical138_4,1,human,agent,0.51,24,314
deepseek-r1_prompt1_ethical138_5,1,human,agent,0.36,15,290
deepseek-r1_prompt2_ethical138_1,1,human,agent,0.52,24,276
deepseek-r1_prompt2_ethical138_2,1,human,agent,0.70,21,286
deepseek-r1_prompt2_ethical138_3,1,human,agent,0.58,15,299
deepseek-r1_prompt2_ethical138_4,1,human,agent,0.55,24,311
deepseek-r1_prompt2_ethical138_5,1,human,agent,0.39,15,318
deepseek-r1_prompt3_ethical138_1,1,human,agent,0.32,24,257
deepseek-r1_prompt3_ethical138_2,1,human,agent,0.49,21,255
deepseek-r1_prompt3_ethical138_3,1,human,agent,0.52,15,321
deepseek-r1_prompt3_ethical138_4,1,human,agent,0.57,24,321
deepseek-r1_prompt3_ethical138_5,1,human,agent,0.40,15,313
deepseek-r1_prompt4_ethical138_1,1,human,agent,0.31,24,257
deepseek-r1_prompt4_ethical138_2,1,human,agent,0.65,21,298
deepseek-r1_prompt4_ethical138_3,1,human,agent,0.51,15,298
deepseek-r1_prompt4_ethical138_4,1,human,agent,0.56,24,324
deepseek-r1_prompt4_ethical138_5,1,human,agent,0.37,15,330
deepseek-r1_prompt0_ethical139_1,1,human,agent,0.54,25,279
deepseek-r1_prompt0_ethical139_2,1,human,agent,0.50,22,296
deepseek-r1_prompt0_ethical139_3,1,human,agent,0.32,15,306
deepseek-r1_prompt0_ethical139_4,1,human,agent,0.62,16,302
deepseek-r1_prompt0_ethical139_5,1,human,agent,0.17,21,295
deepseek-r1_prompt1_ethical139_1,1,human,agent,0.56,25,253
deepseek-r1_prompt1_ethical139_2,1,human,agent,0.52,22,298
deepseek-r1_prompt1_ethical139_3,1,human,agent,0.31,15,317
deepseek-r1_prompt1_ethical139_4,1,human,agent,0.61,16,322
deepseek-r1_prompt1_ethical139_5,1,human,agent,0.33,21,302
deepseek-r1_prompt2_ethical139_1,1,human,agent,0.65,25,261
deepseek-r1_prompt2_ethical139_2,1,human,agent,0.62,22,284
deepseek-r1_prompt2_ethical139_3,1,human,agent,0.42,15,311
deepseek-r1_prompt2_ethical139_4,1,human,agent,0.66,16,347
deepseek-r1_prompt2_ethical139_5,1,human,agent,0.17,21,351
deepseek-r1_prompt3_ethical139_1,1,human,agent,0.59,25,270
deepseek-r1_prompt3_ethical139_2,1,human,agent,0.53,22,311
deepseek-r1_prompt3_ethical139_3,1,human,agent,0.31,15,364
deepseek-r1_prompt3_ethical139_4,1,human,agent,0.56,16,323
deepseek-r1_prompt3_ethical139_5,1,human,agent,0.20,21,310
deepseek-r1_prompt4_ethical139_1,1,human,agent,0.70,25,250
deepseek-r1_prompt4_ethical139_2,1,human,agent,0.62,22,283
deepseek-r1_prompt4_ethical139_3,1,human,agent,0.43,15,302
deepseek-r1_prompt4_ethical139_4,1,human,agent,0.56,16,341
deepseek-r1_prompt4_ethical139_5,1,human,agent,0.19,21,316
deepseek-r1_prompt0_ethical14_1,1,human,agent,0.57,28,313
deepseek-r1_prompt0_ethical14_2,1,human,agent,0.65,28,305
deepseek-r1_prompt0_ethical14_3,1,human,agent,0.51,19,299
deepseek-r1_prompt0_ethical14_4,1,human,agent,0.34,19,315
deepseek-r1_prompt0_ethical14_5,1,human,agent,0.35,20,307
deepseek-r1_prompt1_ethical14_1,1,human,agent,0.46,28,277
deepseek-r1_prompt1_ethical14_2,1,human,agent,0.67,28,344
deepseek-r1_prompt1_ethical14_3,1,human,agent,0.50,19,330
deepseek-r1_prompt1_ethical14_4,1,human,agent,0.32,19,293
deepseek-r1_prompt1_ethical14_5,1,human,agent,0.35,20,301
deepseek-r1_prompt2_ethical14_1,1,human,agent,0.43,28,282
deepseek-r1_prompt2_ethical14_2,1,human,agent,0.68,28,292
deepseek-r1_prompt2_ethical14_3,1,human,agent,0.66,19,286
deepseek-r1_prompt2_ethical14_4,1,human,agent,0.43,19,318
deepseek-r1_prompt2_ethical14_5,1,human,agent,0.38,20,355
deepseek-r1_prompt3_ethical14_1,1,human,agent,0.55,28,269
deepseek-r1_prompt3_ethical14_2,1,human,agent,0.58,28,298
deepseek-r1_prompt3_ethical14_3,1,human,agent,0.57,19,315
deepseek-r1_prompt3_ethical14_4,1,human,agent,0.32,19,324
deepseek-r1_prompt3_ethical14_5,1,human,agent,0.29,20,302
deepseek-r1_prompt4_ethical14_1,1,human,agent,0.49,28,258
deepseek-r1_prompt4_ethical14_2,1,human,agent,0.65,28,289
deepseek-r1_prompt4_ethical14_3,1,human,agent,0.66,19,353
deepseek-r1_prompt4_ethical14_4,1,human,agent,0.45,19,366
deepseek-r1_prompt4_ethical14_5,1,human,agent,0.38,20,369
deepseek-r1_prompt0_ethical140_1,1,human,agent,0.55,35,236
deepseek-r1_prompt0_ethical140_2,1,human,agent,0.49,14,286
deepseek-r1_prompt0_ethical140_3,1,human,agent,0.54,16,325
deepseek-r1_prompt0_ethical140_4,1,human,agent,0.54,21,328
deepseek-r1_prompt0_ethical140_5,1,human,agent,0.36,19,315
deepseek-r1_prompt1_ethical140_1,1,human,agent,0.47,35,263
deepseek-r1_prompt1_ethical140_2,1,human,agent,0.44,14,272
deepseek-r1_prompt1_ethical140_3,1,human,agent,0.57,16,304
deepseek-r1_prompt1_ethical140_4,1,human,agent,0.51,21,300
deepseek-r1_prompt1_ethical140_5,1,human,agent,0.37,19,313
deepseek-r1_prompt2_ethical140_1,1,human,agent,0.54,35,247
deepseek-r1_prompt2_ethical140_2,1,human,agent,0.49,14,232
deepseek-r1_prompt2_ethical140_3,1,human,agent,0.59,16,288
deepseek-r1_prompt2_ethical140_4,1,human,agent,0.51,21,239
deepseek-r1_prompt2_ethical140_5,1,human,agent,0.31,19,276
deepseek-r1_prompt3_ethical140_1,1,human,agent,0.58,35,231
deepseek-r1_prompt3_ethical140_2,1,human,agent,0.41,14,310
deepseek-r1_prompt3_ethical140_3,1,human,agent,0.56,16,335
deepseek-r1_prompt3_ethical140_4,1,human,agent,0.50,21,319
deepseek-r1_prompt3_ethical140_5,1,human,agent,0.32,19,298
deepseek-r1_prompt4_ethical140_1,1,human,agent,0.54,35,236
deepseek-r1_prompt4_ethical140_2,1,human,agent,0.49,14,262
deepseek-r1_prompt4_ethical140_3,1,human,agent,0.54,16,247
deepseek-r1_prompt4_ethical140_4,1,human,agent,0.52,21,292
deepseek-r1_prompt4_ethical140_5,1,human,agent,0.37,19,311
deepseek-r1_prompt0_ethical141_1,1,human,agent,0.49,28,308
deepseek-r1_prompt0_ethical141_2,1,human,agent,0.50,20,290
deepseek-r1_prompt0_ethical141_3,1,human,agent,0.60,17,279
deepseek-r1_prompt0_ethical141_4,1,human,agent,0.53,16,292
deepseek-r1_prompt0_ethical141_5,1,human,agent,0.39,19,267
deepseek-r1_prompt1_ethical141_1,1,human,agent,0.51,28,274
deepseek-r1_prompt1_ethical141_2,1,human,agent,0.53,20,336
deepseek-r1_prompt1_ethical141_3,1,human,agent,0.62,17,378
deepseek-r1_prompt1_ethical141_4,1,human,agent,0.53,16,349
deepseek-r1_prompt1_ethical141_5,1,human,agent,0.39,19,340
deepseek-r1_prompt2_ethical141_1,1,human,agent,0.58,28,267
deepseek-r1_prompt2_ethical141_2,1,human,agent,0.59,20,293
deepseek-r1_prompt2_ethical141_3,1,human,agent,0.73,17,348
deepseek-r1_prompt2_ethical141_4,1,human,agent,0.63,16,330
deepseek-r1_prompt2_ethical141_5,1,human,agent,0.46,19,347
deepseek-r1_prompt3_ethical141_1,1,human,agent,0.45,28,343
deepseek-r1_prompt3_ethical141_2,1,human,agent,0.56,20,341
deepseek-r1_prompt3_ethical141_3,1,human,agent,0.66,17,315
deepseek-r1_prompt3_ethical141_4,1,human,agent,0.55,16,292
deepseek-r1_prompt3_ethical141_5,1,human,agent,0.37,19,336
deepseek-r1_prompt4_ethical141_1,1,human,agent,0.53,28,268
deepseek-r1_prompt4_ethical141_2,1,human,agent,0.57,20,336
deepseek-r1_prompt4_ethical141_3,1,human,agent,0.71,17,344
deepseek-r1_prompt4_ethical141_4,1,human,agent,0.67,16,372
deepseek-r1_prompt4_ethical141_5,1,human,agent,0.48,19,368
deepseek-r1_prompt0_ethical142_1,1,human,agent,0.59,26,288
deepseek-r1_prompt0_ethical142_2,1,human,agent,0.27,16,304
deepseek-r1_prompt0_ethical142_3,1,human,agent,0.52,14,304
deepseek-r1_prompt0_ethical142_4,1,human,agent,0.47,19,308
deepseek-r1_prompt0_ethical142_5,1,human,agent,0.44,18,322
deepseek-r1_prompt1_ethical142_1,1,human,agent,0.54,26,291
deepseek-r1_prompt1_ethical142_2,1,human,agent,0.29,16,309
deepseek-r1_prompt1_ethical142_3,1,human,agent,0.34,14,295
deepseek-r1_prompt1_ethical142_4,1,human,agent,0.44,19,321
deepseek-r1_prompt1_ethical142_5,1,human,agent,0.34,18,309
deepseek-r1_prompt2_ethical142_1,1,human,agent,0.63,26,250
deepseek-r1_prompt2_ethical142_2,1,human,agent,0.42,16,260
deepseek-r1_prompt2_ethical142_3,1,human,agent,0.48,14,267
deepseek-r1_prompt2_ethical142_4,1,human,agent,0.55,19,332
deepseek-r1_prompt2_ethical142_5,1,human,agent,0.32,18,323
deepseek-r1_prompt3_ethical142_1,1,human,agent,0.71,26,247
deepseek-r1_prompt3_ethical142_2,1,human,agent,0.29,16,292
deepseek-r1_prompt3_ethical142_3,1,human,agent,0.42,14,347
deepseek-r1_prompt3_ethical142_4,1,human,agent,0.46,19,334
deepseek-r1_prompt3_ethical142_5,1,human,agent,0.33,18,345
deepseek-r1_prompt4_ethical142_1,1,human,agent,0.63,26,251
deepseek-r1_prompt4_ethical142_2,1,human,agent,0.39,16,280
deepseek-r1_prompt4_ethical142_3,1,human,agent,0.44,14,347
deepseek-r1_prompt4_ethical142_4,1,human,agent,0.59,19,370
deepseek-r1_prompt4_ethical142_5,1,human,agent,0.37,18,355
deepseek-r1_prompt0_ethical143_1,1,human,agent,0.53,35,270
deepseek-r1_prompt0_ethical143_2,1,human,agent,0.42,15,312
deepseek-r1_prompt0_ethical143_3,1,human,agent,0.36,14,259
deepseek-r1_prompt0_ethical143_4,1,human,agent,0.44,13,295
deepseek-r1_prompt0_ethical143_5,1,human,agent,0.45,18,316
deepseek-r1_prompt1_ethical143_1,1,human,agent,0.44,35,260
deepseek-r1_prompt1_ethical143_2,1,human,agent,0.44,15,312
deepseek-r1_prompt1_ethical143_3,1,human,agent,0.41,14,355
deepseek-r1_prompt1_ethical143_4,1,human,agent,0.46,13,362
deepseek-r1_prompt1_ethical143_5,1,human,agent,0.43,18,305
deepseek-r1_prompt2_ethical143_1,1,human,agent,0.56,35,246
deepseek-r1_prompt2_ethical143_2,1,human,agent,0.50,15,287
deepseek-r1_prompt2_ethical143_3,1,human,agent,0.40,14,284
deepseek-r1_prompt2_ethical143_4,1,human,agent,0.52,13,292
deepseek-r1_prompt2_ethical143_5,1,human,agent,0.39,18,330
deepseek-r1_prompt3_ethical143_1,1,human,agent,0.51,35,233
deepseek-r1_prompt3_ethical143_2,1,human,agent,0.40,15,322
deepseek-r1_prompt3_ethical143_3,1,human,agent,0.34,14,395
deepseek-r1_prompt3_ethical143_4,1,human,agent,0.45,13,356
deepseek-r1_prompt3_ethical143_5,1,human,agent,0.35,18,315
deepseek-r1_prompt4_ethical143_1,1,human,agent,0.49,35,274
deepseek-r1_prompt4_ethical143_2,1,human,agent,0.47,15,317
deepseek-r1_prompt4_ethical143_3,1,human,agent,0.40,14,311
deepseek-r1_prompt4_ethical143_4,1,human,agent,0.49,13,301
deepseek-r1_prompt4_ethical143_5,1,human,agent,0.39,18,373
deepseek-r1_prompt0_ethical144_1,1,human,agent,0.64,29,290
deepseek-r1_prompt0_ethical144_2,1,human,agent,0.63,22,336
deepseek-r1_prompt0_ethical144_3,1,human,agent,0.37,19,297
deepseek-r1_prompt0_ethical144_4,1,human,agent,0.55,23,302
deepseek-r1_prompt0_ethical144_5,1,human,agent,0.46,16,300
deepseek-r1_prompt1_ethical144_1,1,human,agent,0.68,29,259
deepseek-r1_prompt1_ethical144_2,1,human,agent,0.57,22,276
deepseek-r1_prompt1_ethical144_3,1,human,agent,0.46,19,367
deepseek-r1_prompt1_ethical144_4,1,human,agent,0.58,23,311
deepseek-r1_prompt1_ethical144_5,1,human,agent,0.51,16,305
deepseek-r1_prompt2_ethical144_1,1,human,agent,0.75,29,247
deepseek-r1_prompt2_ethical144_2,1,human,agent,0.66,22,281
deepseek-r1_prompt2_ethical144_3,1,human,agent,0.47,19,316
deepseek-r1_prompt2_ethical144_4,1,human,agent,0.63,23,367
deepseek-r1_prompt2_ethical144_5,1,human,agent,0.53,16,374
deepseek-r1_prompt3_ethical144_1,1,human,agent,0.68,29,256
deepseek-r1_prompt3_ethical144_2,1,human,agent,0.54,22,291
deepseek-r1_prompt3_ethical144_3,1,human,agent,0.43,19,317
deepseek-r1_prompt3_ethical144_4,1,human,agent,0.57,23,309
deepseek-r1_prompt3_ethical144_5,1,human,agent,0.50,16,315
deepseek-r1_prompt4_ethical144_1,1,human,agent,0.76,29,248
deepseek-r1_prompt4_ethical144_2,1,human,agent,0.64,22,286
deepseek-r1_prompt4_ethical144_3,1,human,agent,0.40,19,297
deepseek-r1_prompt4_ethical144_4,1,human,agent,0.60,23,323
deepseek-r1_prompt4_ethical144_5,1,human,agent,0.54,16,356
deepseek-r1_prompt0_ethical145_1,1,human,agent,0.32,28,291
deepseek-r1_prompt0_ethical145_2,1,human,agent,0.50,20,321
deepseek-r1_prompt0_ethical145_3,1,human,agent,0.38,15,316
deepseek-r1_prompt0_ethical145_4,1,human,agent,0.49,18,301
deepseek-r1_prompt0_ethical145_5,1,human,agent,0.40,18,311
deepseek-r1_prompt1_ethical145_1,1,human,agent,0.34,28,283
deepseek-r1_prompt1_ethical145_2,1,human,agent,0.49,20,330
deepseek-r1_prompt1_ethical145_3,1,human,agent,0.29,15,292
deepseek-r1_prompt1_ethical145_4,1,human,agent,0.44,18,289
deepseek-r1_prompt1_ethical145_5,1,human,agent,0.42,18,302
deepseek-r1_prompt2_ethical145_1,1,human,agent,0.47,28,260
deepseek-r1_prompt2_ethical145_2,1,human,agent,0.53,20,296
deepseek-r1_prompt2_ethical145_3,1,human,agent,0.45,15,307
deepseek-r1_prompt2_ethical145_4,1,human,agent,0.58,18,345
deepseek-r1_prompt2_ethical145_5,1,human,agent,0.53,18,352
deepseek-r1_prompt3_ethical145_1,1,human,agent,0.34,28,274
deepseek-r1_prompt3_ethical145_2,1,human,agent,0.49,20,373
deepseek-r1_prompt3_ethical145_3,1,human,agent,0.36,15,338
deepseek-r1_prompt3_ethical145_4,1,human,agent,0.41,18,320
deepseek-r1_prompt3_ethical145_5,1,human,agent,0.37,18,309
deepseek-r1_prompt4_ethical145_1,1,human,agent,0.43,28,291
deepseek-r1_prompt4_ethical145_2,1,human,agent,0.54,20,339
deepseek-r1_prompt4_ethical145_3,1,human,agent,0.45,15,375
deepseek-r1_prompt4_ethical145_4,1,human,agent,0.60,18,350
deepseek-r1_prompt4_ethical145_5,1,human,agent,0.47,18,367
deepseek-r1_prompt0_ethical146_1,1,human,agent,0.45,31,271
deepseek-r1_prompt0_ethical146_2,1,human,agent,0.54,21,300
deepseek-r1_prompt0_ethical146_3,1,human,agent,0.34,18,311
deepseek-r1_prompt0_ethical146_4,1,human,agent,0.55,20,314
deepseek-r1_prompt0_ethical146_5,1,human,agent,0.24,17,317
deepseek-r1_prompt1_ethical146_1,1,human,agent,0.46,31,232
deepseek-r1_prompt1_ethical146_2,1,human,agent,0.51,21,278
deepseek-r1_prompt1_ethical146_3,1,human,agent,0.32,18,309
deepseek-r1_prompt1_ethical146_4,1,human,agent,0.49,20,310
deepseek-r1_prompt1_ethical146_5,1,human,agent,0.23,17,315
deepseek-r1_prompt2_ethical146_1,1,human,agent,0.56,31,276
deepseek-r1_prompt2_ethical146_2,1,human,agent,0.55,21,307
deepseek-r1_prompt2_ethical146_3,1,human,agent,0.39,18,314
deepseek-r1_prompt2_ethical146_4,1,human,agent,0.66,20,368
deepseek-r1_prompt2_ethical146_5,1,human,agent,0.23,17,352
deepseek-r1_prompt3_ethical146_1,1,human,agent,0.47,31,270
deepseek-r1_prompt3_ethical146_2,1,human,agent,0.54,21,343
deepseek-r1_prompt3_ethical146_3,1,human,agent,0.31,18,303
deepseek-r1_prompt3_ethical146_4,1,human,agent,0.58,20,305
deepseek-r1_prompt3_ethical146_5,1,human,agent,0.25,17,320
deepseek-r1_prompt4_ethical146_1,1,human,agent,0.67,31,269
deepseek-r1_prompt4_ethical146_2,1,human,agent,0.59,21,307
deepseek-r1_prompt4_ethical146_3,1,human,agent,0.35,18,334
deepseek-r1_prompt4_ethical146_4,1,human,agent,0.62,20,306
deepseek-r1_prompt4_ethical146_5,1,human,agent,0.26,17,319
deepseek-r1_prompt0_ethical147_1,1,human,agent,0.35,22,268
deepseek-r1_prompt0_ethical147_2,1,human,agent,0.37,17,317
deepseek-r1_prompt0_ethical147_3,1,human,agent,0.46,17,298
deepseek-r1_prompt0_ethical147_4,1,human,agent,0.53,15,307
deepseek-r1_prompt0_ethical147_5,1,human,agent,0.23,20,292
deepseek-r1_prompt1_ethical147_1,1,human,agent,0.38,22,261
deepseek-r1_prompt1_ethical147_2,1,human,agent,0.50,17,298
deepseek-r1_prompt1_ethical147_3,1,human,agent,0.49,17,323
deepseek-r1_prompt1_ethical147_4,1,human,agent,0.48,15,340
deepseek-r1_prompt1_ethical147_5,1,human,agent,0.25,20,307
deepseek-r1_prompt2_ethical147_1,1,human,agent,0.53,22,242
deepseek-r1_prompt2_ethical147_2,1,human,agent,0.63,17,282
deepseek-r1_prompt2_ethical147_3,1,human,agent,0.66,17,283
deepseek-r1_prompt2_ethical147_4,1,human,agent,0.54,15,310
deepseek-r1_prompt2_ethical147_5,1,human,agent,0.46,20,312
deepseek-r1_prompt3_ethical147_1,1,human,agent,0.46,22,326
deepseek-r1_prompt3_ethical147_2,1,human,agent,0.49,17,304
deepseek-r1_prompt3_ethical147_3,1,human,agent,0.52,17,352
deepseek-r1_prompt3_ethical147_4,1,human,agent,0.52,15,327
deepseek-r1_prompt3_ethical147_5,1,human,agent,0.31,20,292
deepseek-r1_prompt4_ethical147_1,1,human,agent,0.53,22,271
deepseek-r1_prompt4_ethical147_2,1,human,agent,0.64,17,291
deepseek-r1_prompt4_ethical147_3,1,human,agent,0.63,17,306
deepseek-r1_prompt4_ethical147_4,1,human,agent,0.58,15,314
deepseek-r1_prompt4_ethical147_5,1,human,agent,0.38,20,349
deepseek-r1_prompt0_ethical148_1,1,human,agent,0.39,25,301
deepseek-r1_prompt0_ethical148_2,1,human,agent,0.60,22,321
deepseek-r1_prompt0_ethical148_3,1,human,agent,0.42,16,292
deepseek-r1_prompt0_ethical148_4,1,human,agent,0.42,17,279
deepseek-r1_prompt0_ethical148_5,1,human,agent,0.21,14,284
deepseek-r1_prompt1_ethical148_1,1,human,agent,0.35,25,283
deepseek-r1_prompt1_ethical148_2,1,human,agent,0.60,22,293
deepseek-r1_prompt1_ethical148_3,1,human,agent,0.49,16,281
deepseek-r1_prompt1_ethical148_4,1,human,agent,0.48,17,304
deepseek-r1_prompt1_ethical148_5,1,human,agent,0.25,14,287
deepseek-r1_prompt2_ethical148_1,1,human,agent,0.44,25,245
deepseek-r1_prompt2_ethical148_2,1,human,agent,0.61,22,287
deepseek-r1_prompt2_ethical148_3,1,human,agent,0.55,16,327
deepseek-r1_prompt2_ethical148_4,1,human,agent,0.51,17,362
deepseek-r1_prompt2_ethical148_5,1,human,agent,0.32,14,286
deepseek-r1_prompt3_ethical148_1,1,human,agent,0.40,25,254
deepseek-r1_prompt3_ethical148_2,1,human,agent,0.59,22,321
deepseek-r1_prompt3_ethical148_3,1,human,agent,0.49,16,321
deepseek-r1_prompt3_ethical148_4,1,human,agent,0.44,17,311
deepseek-r1_prompt3_ethical148_5,1,human,agent,0.23,14,334
deepseek-r1_prompt4_ethical148_1,1,human,agent,0.44,25,280
deepseek-r1_prompt4_ethical148_2,1,human,agent,0.61,22,282
deepseek-r1_prompt4_ethical148_3,1,human,agent,0.54,16,322
deepseek-r1_prompt4_ethical148_4,1,human,agent,0.46,17,341
deepseek-r1_prompt4_ethical148_5,1,human,agent,0.30,14,332
deepseek-r1_prompt0_ethical149_1,1,human,agent,0.61,23,278
deepseek-r1_prompt0_ethical149_2,1,human,agent,0.51,18,273
deepseek-r1_prompt0_ethical149_3,1,human,agent,0.26,13,326
deepseek-r1_prompt0_ethical149_4,1,human,agent,0.55,17,373
deepseek-r1_prompt0_ethical149_5,1,human,agent,0.30,16,279
deepseek-r1_prompt1_ethical149_1,1,human,agent,0.56,23,259
deepseek-r1_prompt1_ethical149_2,1,human,agent,0.55,18,272
deepseek-r1_prompt1_ethical149_3,1,human,agent,0.30,13,306
deepseek-r1_prompt1_ethical149_4,1,human,agent,0.52,17,275
deepseek-r1_prompt1_ethical149_5,1,human,agent,0.31,16,319
deepseek-r1_prompt2_ethical149_1,1,human,agent,0.62,23,289
deepseek-r1_prompt2_ethical149_2,1,human,agent,0.66,18,353
deepseek-r1_prompt2_ethical149_3,1,human,agent,0.33,13,347
deepseek-r1_prompt2_ethical149_4,1,human,agent,0.70,17,334
deepseek-r1_prompt2_ethical149_5,1,human,agent,0.38,16,338
deepseek-r1_prompt3_ethical149_1,1,human,agent,0.58,23,288
deepseek-r1_prompt3_ethical149_2,1,human,agent,0.56,18,312
deepseek-r1_prompt3_ethical149_3,1,human,agent,0.28,13,332
deepseek-r1_prompt3_ethical149_4,1,human,agent,0.54,17,336
deepseek-r1_prompt3_ethical149_5,1,human,agent,0.30,16,301
deepseek-r1_prompt4_ethical149_1,1,human,agent,0.62,23,266
deepseek-r1_prompt4_ethical149_2,1,human,agent,0.61,18,313
deepseek-r1_prompt4_ethical149_3,1,human,agent,0.32,13,336
deepseek-r1_prompt4_ethical149_4,1,human,agent,0.64,17,368
deepseek-r1_prompt4_ethical149_5,1,human,agent,0.37,16,367
deepseek-r1_prompt0_ethical15_1,1,human,agent,0.38,19,271
deepseek-r1_prompt0_ethical15_2,1,human,agent,0.56,23,293
deepseek-r1_prompt0_ethical15_3,1,human,agent,0.44,15,319
deepseek-r1_prompt0_ethical15_4,1,human,agent,0.55,16,317
deepseek-r1_prompt0_ethical15_5,1,human,agent,0.44,15,327
deepseek-r1_prompt1_ethical15_1,1,human,agent,0.44,19,289
deepseek-r1_prompt1_ethical15_2,1,human,agent,0.54,23,302
deepseek-r1_prompt1_ethical15_3,1,human,agent,0.43,15,376
deepseek-r1_prompt1_ethical15_4,1,human,agent,0.52,16,350
deepseek-r1_prompt1_ethical15_5,1,human,agent,0.37,15,305
deepseek-r1_prompt2_ethical15_1,1,human,agent,0.47,19,263
deepseek-r1_prompt2_ethical15_2,1,human,agent,0.64,23,322
deepseek-r1_prompt2_ethical15_3,1,human,agent,0.53,15,312
deepseek-r1_prompt2_ethical15_4,1,human,agent,0.62,16,306
deepseek-r1_prompt2_ethical15_5,1,human,agent,0.48,15,333
deepseek-r1_prompt3_ethical15_1,1,human,agent,0.56,19,301
deepseek-r1_prompt3_ethical15_2,1,human,agent,0.54,23,325
deepseek-r1_prompt3_ethical15_3,1,human,agent,0.40,15,320
deepseek-r1_prompt3_ethical15_4,1,human,agent,0.58,16,323
deepseek-r1_prompt3_ethical15_5,1,human,agent,0.41,15,320
deepseek-r1_prompt4_ethical15_1,1,human,agent,0.53,19,267
deepseek-r1_prompt4_ethical15_2,1,human,agent,0.62,23,304
deepseek-r1_prompt4_ethical15_3,1,human,agent,0.49,15,308
deepseek-r1_prompt4_ethical15_4,1,human,agent,0.62,16,388
deepseek-r1_prompt4_ethical15_5,1,human,agent,0.43,15,373
deepseek-r1_prompt0_ethical150_1,1,human,agent,0.60,32,324
deepseek-r1_prompt0_ethical150_2,1,human,agent,0.53,17,283
deepseek-r1_prompt0_ethical150_3,1,human,agent,0.42,18,301
deepseek-r1_prompt0_ethical150_4,1,human,agent,0.38,20,286
deepseek-r1_prompt0_ethical150_5,1,human,agent,0.49,19,279
deepseek-r1_prompt1_ethical150_1,1,human,agent,0.49,32,252
deepseek-r1_prompt1_ethical150_2,1,human,agent,0.57,17,319
deepseek-r1_prompt1_ethical150_3,1,human,agent,0.47,18,370
deepseek-r1_prompt1_ethical150_4,1,human,agent,0.35,20,365
deepseek-r1_prompt1_ethical150_5,1,human,agent,0.46,19,345
deepseek-r1_prompt2_ethical150_1,1,human,agent,0.79,32,264
deepseek-r1_prompt2_ethical150_2,1,human,agent,0.64,17,262
deepseek-r1_prompt2_ethical150_3,1,human,agent,0.61,18,296
deepseek-r1_prompt2_ethical150_4,1,human,agent,0.45,20,310
deepseek-r1_prompt2_ethical150_5,1,human,agent,0.54,19,388
deepseek-r1_prompt3_ethical150_1,1,human,agent,0.55,32,277
deepseek-r1_prompt3_ethical150_2,1,human,agent,0.60,17,328
deepseek-r1_prompt3_ethical150_3,1,human,agent,0.54,18,367
deepseek-r1_prompt3_ethical150_4,1,human,agent,0.33,20,364
deepseek-r1_prompt3_ethical150_5,1,human,agent,0.47,19,384
deepseek-r1_prompt4_ethical150_1,1,human,agent,0.77,32,268
deepseek-r1_prompt4_ethical150_2,1,human,agent,0.64,17,293
deepseek-r1_prompt4_ethical150_3,1,human,agent,0.57,18,328
deepseek-r1_prompt4_ethical150_4,1,human,agent,0.36,20,370
deepseek-r1_prompt4_ethical150_5,1,human,agent,0.51,19,358
deepseek-r1_prompt0_ethical151_1,1,human,agent,0.58,31,281
deepseek-r1_prompt0_ethical151_2,1,human,agent,0.39,19,321
deepseek-r1_prompt0_ethical151_3,1,human,agent,0.65,24,309
deepseek-r1_prompt0_ethical151_4,1,human,agent,0.49,21,294
deepseek-r1_prompt0_ethical151_5,1,human,agent,0.46,18,299
deepseek-r1_prompt1_ethical151_1,1,human,agent,0.68,31,252
deepseek-r1_prompt1_ethical151_2,1,human,agent,0.42,19,289
deepseek-r1_prompt1_ethical151_3,1,human,agent,0.66,24,332
deepseek-r1_prompt1_ethical151_4,1,human,agent,0.49,21,305
deepseek-r1_prompt1_ethical151_5,1,human,agent,0.56,18,285
deepseek-r1_prompt2_ethical151_1,1,human,agent,0.66,31,264
deepseek-r1_prompt2_ethical151_2,1,human,agent,0.60,19,305
deepseek-r1_prompt2_ethical151_3,1,human,agent,0.72,24,357
deepseek-r1_prompt2_ethical151_4,1,human,agent,0.56,21,332
deepseek-r1_prompt2_ethical151_5,1,human,agent,0.54,18,363
deepseek-r1_prompt3_ethical151_1,1,human,agent,0.54,31,275
deepseek-r1_prompt3_ethical151_2,1,human,agent,0.49,19,341
deepseek-r1_prompt3_ethical151_3,1,human,agent,0.69,24,352
deepseek-r1_prompt3_ethical151_4,1,human,agent,0.50,21,292
deepseek-r1_prompt3_ethical151_5,1,human,agent,0.46,18,309
deepseek-r1_prompt4_ethical151_1,1,human,agent,0.66,31,257
deepseek-r1_prompt4_ethical151_2,1,human,agent,0.53,19,301
deepseek-r1_prompt4_ethical151_3,1,human,agent,0.77,24,341
deepseek-r1_prompt4_ethical151_4,1,human,agent,0.53,21,334
deepseek-r1_prompt4_ethical151_5,1,human,agent,0.51,18,355
deepseek-r1_prompt0_ethical152_1,1,human,agent,0.37,18,301
deepseek-r1_prompt0_ethical152_2,1,human,agent,0.38,16,331
deepseek-r1_prompt0_ethical152_3,1,human,agent,0.38,15,316
deepseek-r1_prompt0_ethical152_4,1,human,agent,0.57,18,349
deepseek-r1_prompt0_ethical152_5,1,human,agent,0.38,21,298
deepseek-r1_prompt1_ethical152_1,1,human,agent,0.36,18,277
deepseek-r1_prompt1_ethical152_2,1,human,agent,0.38,16,304
deepseek-r1_prompt1_ethical152_3,1,human,agent,0.48,15,328
deepseek-r1_prompt1_ethical152_4,1,human,agent,0.59,18,328
deepseek-r1_prompt1_ethical152_5,1,human,agent,0.33,21,310
deepseek-r1_prompt2_ethical152_1,1,human,agent,0.45,18,264
deepseek-r1_prompt2_ethical152_2,1,human,agent,0.48,16,283
deepseek-r1_prompt2_ethical152_3,1,human,agent,0.56,15,323
deepseek-r1_prompt2_ethical152_4,1,human,agent,0.66,18,296
deepseek-r1_prompt2_ethical152_5,1,human,agent,0.39,21,339
deepseek-r1_prompt3_ethical152_1,1,human,agent,0.42,18,301
deepseek-r1_prompt3_ethical152_2,1,human,agent,0.35,16,320
deepseek-r1_prompt3_ethical152_3,1,human,agent,0.49,15,349
deepseek-r1_prompt3_ethical152_4,1,human,agent,0.60,18,314
deepseek-r1_prompt3_ethical152_5,1,human,agent,0.34,21,293
deepseek-r1_prompt4_ethical152_1,1,human,agent,0.43,18,266
deepseek-r1_prompt4_ethical152_2,1,human,agent,0.50,16,337
deepseek-r1_prompt4_ethical152_3,1,human,agent,0.55,15,324
deepseek-r1_prompt4_ethical152_4,1,human,agent,0.67,18,382
deepseek-r1_prompt4_ethical152_5,1,human,agent,0.44,21,359
deepseek-r1_prompt0_ethical153_1,1,human,agent,0.53,21,219
deepseek-r1_prompt0_ethical153_2,1,human,agent,0.33,12,291
deepseek-r1_prompt0_ethical153_3,1,human,agent,0.43,14,343
deepseek-r1_prompt0_ethical153_4,1,human,agent,0.45,16,322
deepseek-r1_prompt0_ethical153_5,1,human,agent,0.30,17,291
deepseek-r1_prompt1_ethical153_1,1,human,agent,0.51,21,246
deepseek-r1_prompt1_ethical153_2,1,human,agent,0.45,12,368
deepseek-r1_prompt1_ethical153_3,1,human,agent,0.39,14,307
deepseek-r1_prompt1_ethical153_4,1,human,agent,0.49,16,308
deepseek-r1_prompt1_ethical153_5,1,human,agent,0.26,17,282
deepseek-r1_prompt2_ethical153_1,1,human,agent,0.58,21,255
deepseek-r1_prompt2_ethical153_2,1,human,agent,0.43,12,301
deepseek-r1_prompt2_ethical153_3,1,human,agent,0.55,14,362
deepseek-r1_prompt2_ethical153_4,1,human,agent,0.52,16,358
deepseek-r1_prompt2_ethical153_5,1,human,agent,0.38,17,351
deepseek-r1_prompt3_ethical153_1,1,human,agent,0.46,21,259
deepseek-r1_prompt3_ethical153_2,1,human,agent,0.41,12,336
deepseek-r1_prompt3_ethical153_3,1,human,agent,0.38,14,324
deepseek-r1_prompt3_ethical153_4,1,human,agent,0.45,16,292
deepseek-r1_prompt3_ethical153_5,1,human,agent,0.31,17,300
deepseek-r1_prompt4_ethical153_1,1,human,agent,0.54,21,268
deepseek-r1_prompt4_ethical153_2,1,human,agent,0.51,12,320
deepseek-r1_prompt4_ethical153_3,1,human,agent,0.53,14,357
deepseek-r1_prompt4_ethical153_4,1,human,agent,0.54,16,344
deepseek-r1_prompt4_ethical153_5,1,human,agent,0.42,17,335
deepseek-r1_prompt0_ethical154_1,1,human,agent,0.68,31,291
deepseek-r1_prompt0_ethical154_2,1,human,agent,0.45,18,312
deepseek-r1_prompt0_ethical154_3,1,human,agent,0.43,15,326
deepseek-r1_prompt0_ethical154_4,1,human,agent,0.48,18,330
deepseek-r1_prompt0_ethical154_5,1,human,agent,0.35,16,334
deepseek-r1_prompt1_ethical154_1,1,human,agent,0.51,31,279
deepseek-r1_prompt1_ethical154_2,1,human,agent,0.43,18,320
deepseek-r1_prompt1_ethical154_3,1,human,agent,0.39,15,304
deepseek-r1_prompt1_ethical154_4,1,human,agent,0.51,18,312
deepseek-r1_prompt1_ethical154_5,1,human,agent,0.32,16,328
deepseek-r1_prompt2_ethical154_1,1,human,agent,0.59,31,282
deepseek-r1_prompt2_ethical154_2,1,human,agent,0.54,18,311
deepseek-r1_prompt2_ethical154_3,1,human,agent,0.47,15,360
deepseek-r1_prompt2_ethical154_4,1,human,agent,0.61,18,365
deepseek-r1_prompt2_ethical154_5,1,human,agent,0.34,16,376
deepseek-r1_prompt3_ethical154_1,1,human,agent,0.57,31,291
deepseek-r1_prompt3_ethical154_2,1,human,agent,0.50,18,348
deepseek-r1_prompt3_ethical154_3,1,human,agent,0.43,15,359
deepseek-r1_prompt3_ethical154_4,1,human,agent,0.57,18,349
deepseek-r1_prompt3_ethical154_5,1,human,agent,0.31,16,324
deepseek-r1_prompt4_ethical154_1,1,human,agent,0.52,31,289
deepseek-r1_prompt4_ethical154_2,1,human,agent,0.56,18,308
deepseek-r1_prompt4_ethical154_3,1,human,agent,0.46,15,361
deepseek-r1_prompt4_ethical154_4,1,human,agent,0.59,18,382
deepseek-r1_prompt4_ethical154_5,1,human,agent,0.41,16,370
deepseek-r1_prompt0_ethical155_1,1,human,agent,0.58,28,312
deepseek-r1_prompt0_ethical155_2,1,human,agent,0.74,19,257
deepseek-r1_prompt0_ethical155_3,1,human,agent,0.53,17,286
deepseek-r1_prompt0_ethical155_4,1,human,agent,0.55,18,268
deepseek-r1_prompt0_ethical155_5,1,human,agent,0.30,19,316
deepseek-r1_prompt1_ethical155_1,1,human,agent,0.55,28,283
deepseek-r1_prompt1_ethical155_2,1,human,agent,0.74,19,297
deepseek-r1_prompt1_ethical155_3,1,human,agent,0.54,17,308
deepseek-r1_prompt1_ethical155_4,1,human,agent,0.60,18,302
deepseek-r1_prompt1_ethical155_5,1,human,agent,0.45,19,321
deepseek-r1_prompt2_ethical155_1,1,human,agent,0.52,28,267
deepseek-r1_prompt2_ethical155_2,1,human,agent,0.81,19,310
deepseek-r1_prompt2_ethical155_3,1,human,agent,0.59,17,336
deepseek-r1_prompt2_ethical155_4,1,human,agent,0.66,18,322
deepseek-r1_prompt2_ethical155_5,1,human,agent,0.35,19,338
deepseek-r1_prompt3_ethical155_1,1,human,agent,0.44,28,288
deepseek-r1_prompt3_ethical155_2,1,human,agent,0.74,19,285
deepseek-r1_prompt3_ethical155_3,1,human,agent,0.57,17,375
deepseek-r1_prompt3_ethical155_4,1,human,agent,0.61,18,367
deepseek-r1_prompt3_ethical155_5,1,human,agent,0.32,19,329
deepseek-r1_prompt4_ethical155_1,1,human,agent,0.55,28,297
deepseek-r1_prompt4_ethical155_2,1,human,agent,0.85,19,305
deepseek-r1_prompt4_ethical155_3,1,human,agent,0.59,17,311
deepseek-r1_prompt4_ethical155_4,1,human,agent,0.68,18,327
deepseek-r1_prompt4_ethical155_5,1,human,agent,0.36,19,360
deepseek-r1_prompt0_ethical156_1,1,human,agent,0.57,30,288
deepseek-r1_prompt0_ethical156_2,1,human,agent,0.60,21,368
deepseek-r1_prompt0_ethical156_3,1,human,agent,0.43,15,315
deepseek-r1_prompt0_ethical156_4,1,human,agent,0.52,19,308
deepseek-r1_prompt0_ethical156_5,1,human,agent,0.23,17,297
deepseek-r1_prompt1_ethical156_1,1,human,agent,0.52,30,257
deepseek-r1_prompt1_ethical156_2,1,human,agent,0.66,21,312
deepseek-r1_prompt1_ethical156_3,1,human,agent,0.45,15,332
deepseek-r1_prompt1_ethical156_4,1,human,agent,0.48,19,307
deepseek-r1_prompt1_ethical156_5,1,human,agent,0.18,17,301
deepseek-r1_prompt2_ethical156_1,1,human,agent,0.66,30,248
deepseek-r1_prompt2_ethical156_2,1,human,agent,0.71,21,309
deepseek-r1_prompt2_ethical156_3,1,human,agent,0.56,15,330
deepseek-r1_prompt2_ethical156_4,1,human,agent,0.60,19,368
deepseek-r1_prompt2_ethical156_5,1,human,agent,0.27,17,365
deepseek-r1_prompt3_ethical156_1,1,human,agent,0.50,30,279
deepseek-r1_prompt3_ethical156_2,1,human,agent,0.58,21,306
deepseek-r1_prompt3_ethical156_3,1,human,agent,0.40,15,375
deepseek-r1_prompt3_ethical156_4,1,human,agent,0.61,19,330
deepseek-r1_prompt3_ethical156_5,1,human,agent,0.26,17,327
deepseek-r1_prompt4_ethical156_1,1,human,agent,0.61,30,248
deepseek-r1_prompt4_ethical156_2,1,human,agent,0.66,21,279
deepseek-r1_prompt4_ethical156_3,1,human,agent,0.47,15,292
deepseek-r1_prompt4_ethical156_4,1,human,agent,0.58,19,321
deepseek-r1_prompt4_ethical156_5,1,human,agent,0.25,17,376
deepseek-r1_prompt0_ethical157_1,1,human,agent,0.53,26,237
deepseek-r1_prompt0_ethical157_2,1,human,agent,0.44,16,303
deepseek-r1_prompt0_ethical157_3,1,human,agent,0.41,17,313
deepseek-r1_prompt0_ethical157_4,1,human,agent,0.33,16,301
deepseek-r1_prompt0_ethical157_5,1,human,agent,0.20,14,312
deepseek-r1_prompt1_ethical157_1,1,human,agent,0.50,26,254
deepseek-r1_prompt1_ethical157_2,1,human,agent,0.48,16,284
deepseek-r1_prompt1_ethical157_3,1,human,agent,0.43,17,308
deepseek-r1_prompt1_ethical157_4,1,human,agent,0.33,16,308
deepseek-r1_prompt1_ethical157_5,1,human,agent,0.25,14,321
deepseek-r1_prompt2_ethical157_1,1,human,agent,0.56,26,275
deepseek-r1_prompt2_ethical157_2,1,human,agent,0.64,16,302
deepseek-r1_prompt2_ethical157_3,1,human,agent,0.50,17,318
deepseek-r1_prompt2_ethical157_4,1,human,agent,0.38,16,330
deepseek-r1_prompt2_ethical157_5,1,human,agent,0.27,14,350
deepseek-r1_prompt3_ethical157_1,1,human,agent,0.47,26,236
deepseek-r1_prompt3_ethical157_2,1,human,agent,0.56,16,295
deepseek-r1_prompt3_ethical157_3,1,human,agent,0.53,17,336
deepseek-r1_prompt3_ethical157_4,1,human,agent,0.32,16,312
deepseek-r1_prompt3_ethical157_5,1,human,agent,0.26,14,301
deepseek-r1_prompt4_ethical157_1,1,human,agent,0.54,26,244
deepseek-r1_prompt4_ethical157_2,1,human,agent,0.59,16,274
deepseek-r1_prompt4_ethical157_3,1,human,agent,0.45,17,285
deepseek-r1_prompt4_ethical157_4,1,human,agent,0.34,16,332
deepseek-r1_prompt4_ethical157_5,1,human,agent,0.24,14,334
deepseek-r1_prompt0_ethical158_1,1,human,agent,0.64,29,293
deepseek-r1_prompt0_ethical158_2,1,human,agent,0.44,24,315
deepseek-r1_prompt0_ethical158_3,1,human,agent,0.47,15,313
deepseek-r1_prompt0_ethical158_4,1,human,agent,0.44,20,313
deepseek-r1_prompt0_ethical158_5,1,human,agent,0.16,15,289
deepseek-r1_prompt1_ethical158_1,1,human,agent,0.76,29,252
deepseek-r1_prompt1_ethical158_2,1,human,agent,0.49,24,291
deepseek-r1_prompt1_ethical158_3,1,human,agent,0.50,15,356
deepseek-r1_prompt1_ethical158_4,1,human,agent,0.54,20,374
deepseek-r1_prompt1_ethical158_5,1,human,agent,0.20,15,324
deepseek-r1_prompt2_ethical158_1,1,human,agent,0.81,29,253
deepseek-r1_prompt2_ethical158_2,1,human,agent,0.51,24,309
deepseek-r1_prompt2_ethical158_3,1,human,agent,0.49,15,309
deepseek-r1_prompt2_ethical158_4,1,human,agent,0.53,20,342
deepseek-r1_prompt2_ethical158_5,1,human,agent,0.25,15,336
deepseek-r1_prompt3_ethical158_1,1,human,agent,0.73,29,291
deepseek-r1_prompt3_ethical158_2,1,human,agent,0.43,24,319
deepseek-r1_prompt3_ethical158_3,1,human,agent,0.45,15,375
deepseek-r1_prompt3_ethical158_4,1,human,agent,0.48,20,339
deepseek-r1_prompt3_ethical158_5,1,human,agent,0.19,15,342
deepseek-r1_prompt4_ethical158_1,1,human,agent,0.76,29,264
deepseek-r1_prompt4_ethical158_2,1,human,agent,0.45,24,294
deepseek-r1_prompt4_ethical158_3,1,human,agent,0.46,15,333
deepseek-r1_prompt4_ethical158_4,1,human,agent,0.57,20,351
deepseek-r1_prompt4_ethical158_5,1,human,agent,0.24,15,322
deepseek-r1_prompt0_ethical159_1,1,human,agent,0.49,22,298
deepseek-r1_prompt0_ethical159_2,1,human,agent,0.47,18,315
deepseek-r1_prompt0_ethical159_3,1,human,agent,0.54,16,302
deepseek-r1_prompt0_ethical159_4,1,human,agent,0.48,18,284
deepseek-r1_prompt0_ethical159_5,1,human,agent,0.31,16,303
deepseek-r1_prompt1_ethical159_1,1,human,agent,0.54,22,234
deepseek-r1_prompt1_ethical159_2,1,human,agent,0.46,18,340
deepseek-r1_prompt1_ethical159_3,1,human,agent,0.54,16,300
deepseek-r1_prompt1_ethical159_4,1,human,agent,0.60,18,295
deepseek-r1_prompt1_ethical159_5,1,human,agent,0.32,16,314
deepseek-r1_prompt2_ethical159_1,1,human,agent,0.62,22,284
deepseek-r1_prompt2_ethical159_2,1,human,agent,0.54,18,301
deepseek-r1_prompt2_ethical159_3,1,human,agent,0.57,16,321
deepseek-r1_prompt2_ethical159_4,1,human,agent,0.51,18,296
deepseek-r1_prompt2_ethical159_5,1,human,agent,0.35,16,293
deepseek-r1_prompt3_ethical159_1,1,human,agent,0.53,22,279
deepseek-r1_prompt3_ethical159_2,1,human,agent,0.44,18,339
deepseek-r1_prompt3_ethical159_3,1,human,agent,0.57,16,355
deepseek-r1_prompt3_ethical159_4,1,human,agent,0.60,18,312
deepseek-r1_prompt3_ethical159_5,1,human,agent,0.32,16,340
deepseek-r1_prompt4_ethical159_1,1,human,agent,0.46,22,250
deepseek-r1_prompt4_ethical159_2,1,human,agent,0.44,18,296
deepseek-r1_prompt4_ethical159_3,1,human,agent,0.61,16,309
deepseek-r1_prompt4_ethical159_4,1,human,agent,0.58,18,318
deepseek-r1_prompt4_ethical159_5,1,human,agent,0.32,16,359
deepseek-r1_prompt0_ethical16_1,1,human,agent,0.69,26,267
deepseek-r1_prompt0_ethical16_2,1,human,agent,0.36,15,340
deepseek-r1_prompt0_ethical16_3,1,human,agent,0.42,17,273
deepseek-r1_prompt0_ethical16_4,1,human,agent,0.38,22,304
deepseek-r1_prompt0_ethical16_5,1,human,agent,0.37,17,284
deepseek-r1_prompt1_ethical16_1,1,human,agent,0.67,26,265
deepseek-r1_prompt1_ethical16_2,1,human,agent,0.35,15,285
deepseek-r1_prompt1_ethical16_3,1,human,agent,0.50,17,303
deepseek-r1_prompt1_ethical16_4,1,human,agent,0.48,22,318
deepseek-r1_prompt1_ethical16_5,1,human,agent,0.36,17,305
deepseek-r1_prompt2_ethical16_1,1,human,agent,0.69,26,284
deepseek-r1_prompt2_ethical16_2,1,human,agent,0.43,15,265
deepseek-r1_prompt2_ethical16_3,1,human,agent,0.60,17,299
deepseek-r1_prompt2_ethical16_4,1,human,agent,0.45,22,306
deepseek-r1_prompt2_ethical16_5,1,human,agent,0.46,17,341
deepseek-r1_prompt3_ethical16_1,1,human,agent,0.55,26,254
deepseek-r1_prompt3_ethical16_2,1,human,agent,0.35,15,301
deepseek-r1_prompt3_ethical16_3,1,human,agent,0.52,17,355
deepseek-r1_prompt3_ethical16_4,1,human,agent,0.40,22,294
deepseek-r1_prompt3_ethical16_5,1,human,agent,0.39,17,280
deepseek-r1_prompt4_ethical16_1,1,human,agent,0.63,26,281
deepseek-r1_prompt4_ethical16_2,1,human,agent,0.42,15,301
deepseek-r1_prompt4_ethical16_3,1,human,agent,0.61,17,381
deepseek-r1_prompt4_ethical16_4,1,human,agent,0.46,22,349
deepseek-r1_prompt4_ethical16_5,1,human,agent,0.44,17,364
deepseek-r1_prompt0_ethical160_1,1,human,agent,0.59,25,254
deepseek-r1_prompt0_ethical160_2,1,human,agent,0.53,20,296
deepseek-r1_prompt0_ethical160_3,1,human,agent,0.40,13,314
deepseek-r1_prompt0_ethical160_4,1,human,agent,0.61,19,311
deepseek-r1_prompt0_ethical160_5,1,human,agent,0.33,17,299
deepseek-r1_prompt1_ethical160_1,1,human,agent,0.54,25,258
deepseek-r1_prompt1_ethical160_2,1,human,agent,0.59,20,304
deepseek-r1_prompt1_ethical160_3,1,human,agent,0.36,13,330
deepseek-r1_prompt1_ethical160_4,1,human,agent,0.64,19,341
deepseek-r1_prompt1_ethical160_5,1,human,agent,0.33,17,315
deepseek-r1_prompt2_ethical160_1,1,human,agent,0.68,25,237
deepseek-r1_prompt2_ethical160_2,1,human,agent,0.65,20,269
deepseek-r1_prompt2_ethical160_3,1,human,agent,0.43,13,293
deepseek-r1_prompt2_ethical160_4,1,human,agent,0.74,19,310
deepseek-r1_prompt2_ethical160_5,1,human,agent,0.47,17,355
deepseek-r1_prompt3_ethical160_1,1,human,agent,0.54,25,280
deepseek-r1_prompt3_ethical160_2,1,human,agent,0.54,20,340
deepseek-r1_prompt3_ethical160_3,1,human,agent,0.32,13,323
deepseek-r1_prompt3_ethical160_4,1,human,agent,0.65,19,325
deepseek-r1_prompt3_ethical160_5,1,human,agent,0.39,17,323
deepseek-r1_prompt4_ethical160_1,1,human,agent,0.63,25,290
deepseek-r1_prompt4_ethical160_2,1,human,agent,0.66,20,311
deepseek-r1_prompt4_ethical160_3,1,human,agent,0.40,13,318
deepseek-r1_prompt4_ethical160_4,1,human,agent,0.71,19,334
deepseek-r1_prompt4_ethical160_5,1,human,agent,0.41,17,358
deepseek-r1_prompt0_ethical161_1,1,human,agent,0.48,23,268
deepseek-r1_prompt0_ethical161_2,1,human,agent,0.38,19,277
deepseek-r1_prompt0_ethical161_3,1,human,agent,0.53,18,286
deepseek-r1_prompt0_ethical161_4,1,human,agent,0.60,18,307
deepseek-r1_prompt0_ethical161_5,1,human,agent,0.36,19,324
deepseek-r1_prompt1_ethical161_1,1,human,agent,0.52,23,225
deepseek-r1_prompt1_ethical161_2,1,human,agent,0.42,19,289
deepseek-r1_prompt1_ethical161_3,1,human,agent,0.56,18,305
deepseek-r1_prompt1_ethical161_4,1,human,agent,0.56,18,316
deepseek-r1_prompt1_ethical161_5,1,human,agent,0.39,19,314
deepseek-r1_prompt2_ethical161_1,1,human,agent,0.58,23,275
deepseek-r1_prompt2_ethical161_2,1,human,agent,0.52,19,317
deepseek-r1_prompt2_ethical161_3,1,human,agent,0.67,18,344
deepseek-r1_prompt2_ethical161_4,1,human,agent,0.68,18,350
deepseek-r1_prompt2_ethical161_5,1,human,agent,0.25,19,353
deepseek-r1_prompt3_ethical161_1,1,human,agent,0.42,23,247
deepseek-r1_prompt3_ethical161_2,1,human,agent,0.34,19,257
deepseek-r1_prompt3_ethical161_3,1,human,agent,0.52,18,295
deepseek-r1_prompt3_ethical161_4,1,human,agent,0.54,18,314
deepseek-r1_prompt3_ethical161_5,1,human,agent,0.24,19,330
deepseek-r1_prompt4_ethical161_1,1,human,agent,0.52,23,258
deepseek-r1_prompt4_ethical161_2,1,human,agent,0.47,19,282
deepseek-r1_prompt4_ethical161_3,1,human,agent,0.62,18,304
deepseek-r1_prompt4_ethical161_4,1,human,agent,0.66,18,298
deepseek-r1_prompt4_ethical161_5,1,human,agent,0.24,19,362
deepseek-r1_prompt0_ethical162_1,1,human,agent,0.52,22,223
deepseek-r1_prompt0_ethical162_2,1,human,agent,0.47,18,265
deepseek-r1_prompt0_ethical162_3,1,human,agent,0.30,13,294
deepseek-r1_prompt0_ethical162_4,1,human,agent,0.50,17,298
deepseek-r1_prompt0_ethical162_5,1,human,agent,0.37,14,258
deepseek-r1_prompt1_ethical162_1,1,human,agent,0.45,22,230
deepseek-r1_prompt1_ethical162_2,1,human,agent,0.54,18,302
deepseek-r1_prompt1_ethical162_3,1,human,agent,0.26,13,295
deepseek-r1_prompt1_ethical162_4,1,human,agent,0.46,17,272
deepseek-r1_prompt1_ethical162_5,1,human,agent,0.33,14,264
deepseek-r1_prompt2_ethical162_1,1,human,agent,0.47,22,262
deepseek-r1_prompt2_ethical162_2,1,human,agent,0.59,18,263
deepseek-r1_prompt2_ethical162_3,1,human,agent,0.42,13,306
deepseek-r1_prompt2_ethical162_4,1,human,agent,0.53,17,320
deepseek-r1_prompt2_ethical162_5,1,human,agent,0.20,14,297
deepseek-r1_prompt3_ethical162_1,1,human,agent,0.34,22,258
deepseek-r1_prompt3_ethical162_2,1,human,agent,0.51,18,274
deepseek-r1_prompt3_ethical162_3,1,human,agent,0.34,13,314
deepseek-r1_prompt3_ethical162_4,1,human,agent,0.43,17,290
deepseek-r1_prompt3_ethical162_5,1,human,agent,0.24,14,295
deepseek-r1_prompt4_ethical162_1,1,human,agent,0.42,22,268
deepseek-r1_prompt4_ethical162_2,1,human,agent,0.66,18,272
deepseek-r1_prompt4_ethical162_3,1,human,agent,0.42,13,350
deepseek-r1_prompt4_ethical162_4,1,human,agent,0.50,17,360
deepseek-r1_prompt4_ethical162_5,1,human,agent,0.25,14,355
deepseek-r1_prompt0_ethical163_1,1,human,agent,0.52,27,274
deepseek-r1_prompt0_ethical163_2,1,human,agent,0.41,18,321
deepseek-r1_prompt0_ethical163_3,1,human,agent,0.38,16,307
deepseek-r1_prompt0_ethical163_4,1,human,agent,0.54,16,288
deepseek-r1_prompt0_ethical163_5,1,human,agent,0.27,14,309
deepseek-r1_prompt1_ethical163_1,1,human,agent,0.54,27,258
deepseek-r1_prompt1_ethical163_2,1,human,agent,0.54,18,315
deepseek-r1_prompt1_ethical163_3,1,human,agent,0.37,16,337
deepseek-r1_prompt1_ethical163_4,1,human,agent,0.42,16,294
deepseek-r1_prompt1_ethical163_5,1,human,agent,0.39,14,289
deepseek-r1_prompt2_ethical163_1,1,human,agent,0.62,27,262
deepseek-r1_prompt2_ethical163_2,1,human,agent,0.60,18,288
deepseek-r1_prompt2_ethical163_3,1,human,agent,0.46,16,284
deepseek-r1_prompt2_ethical163_4,1,human,agent,0.62,16,351
deepseek-r1_prompt2_ethical163_5,1,human,agent,0.30,14,341
deepseek-r1_prompt3_ethical163_1,1,human,agent,0.39,27,307
deepseek-r1_prompt3_ethical163_2,1,human,agent,0.47,18,370
deepseek-r1_prompt3_ethical163_3,1,human,agent,0.33,16,360
deepseek-r1_prompt3_ethical163_4,1,human,agent,0.53,16,326
deepseek-r1_prompt3_ethical163_5,1,human,agent,0.26,14,296
deepseek-r1_prompt4_ethical163_1,1,human,agent,0.55,27,289
deepseek-r1_prompt4_ethical163_2,1,human,agent,0.60,18,303
deepseek-r1_prompt4_ethical163_3,1,human,agent,0.43,16,300
deepseek-r1_prompt4_ethical163_4,1,human,agent,0.60,16,330
deepseek-r1_prompt4_ethical163_5,1,human,agent,0.29,14,381
deepseek-r1_prompt0_ethical164_1,1,human,agent,0.50,30,245
deepseek-r1_prompt0_ethical164_2,1,human,agent,0.46,18,305
deepseek-r1_prompt0_ethical164_3,1,human,agent,0.68,20,308
deepseek-r1_prompt0_ethical164_4,1,human,agent,0.46,16,300
deepseek-r1_prompt0_ethical164_5,1,human,agent,0.33,18,300
deepseek-r1_prompt1_ethical164_1,1,human,agent,0.46,30,250
deepseek-r1_prompt1_ethical164_2,1,human,agent,0.45,18,291
deepseek-r1_prompt1_ethical164_3,1,human,agent,0.71,20,311
deepseek-r1_prompt1_ethical164_4,1,human,agent,0.45,16,329
deepseek-r1_prompt1_ethical164_5,1,human,agent,0.31,18,300
deepseek-r1_prompt2_ethical164_1,1,human,agent,0.51,30,246
deepseek-r1_prompt2_ethical164_2,1,human,agent,0.48,18,290
deepseek-r1_prompt2_ethical164_3,1,human,agent,0.80,20,296
deepseek-r1_prompt2_ethical164_4,1,human,agent,0.47,16,343
deepseek-r1_prompt2_ethical164_5,1,human,agent,0.32,18,349
deepseek-r1_prompt3_ethical164_1,1,human,agent,0.48,30,288
deepseek-r1_prompt3_ethical164_2,1,human,agent,0.42,18,334
deepseek-r1_prompt3_ethical164_3,1,human,agent,0.78,20,354
deepseek-r1_prompt3_ethical164_4,1,human,agent,0.45,16,345
deepseek-r1_prompt3_ethical164_5,1,human,agent,0.30,18,330
deepseek-r1_prompt4_ethical164_1,1,human,agent,0.49,30,290
deepseek-r1_prompt4_ethical164_2,1,human,agent,0.48,18,270
deepseek-r1_prompt4_ethical164_3,1,human,agent,0.83,20,279
deepseek-r1_prompt4_ethical164_4,1,human,agent,0.46,16,324
deepseek-r1_prompt4_ethical164_5,1,human,agent,0.34,18,350
deepseek-r1_prompt0_ethical165_1,1,human,agent,0.52,37,228
deepseek-r1_prompt0_ethical165_2,1,human,agent,0.35,18,302
deepseek-r1_prompt0_ethical165_3,1,human,agent,0.33,13,301
deepseek-r1_prompt0_ethical165_4,1,human,agent,0.38,17,321
deepseek-r1_prompt0_ethical165_5,1,human,agent,0.23,19,289
deepseek-r1_prompt1_ethical165_1,1,human,agent,0.58,37,220
deepseek-r1_prompt1_ethical165_2,1,human,agent,0.32,18,294
deepseek-r1_prompt1_ethical165_3,1,human,agent,0.25,13,338
deepseek-r1_prompt1_ethical165_4,1,human,agent,0.41,17,294
deepseek-r1_prompt1_ethical165_5,1,human,agent,0.36,19,294
deepseek-r1_prompt2_ethical165_1,1,human,agent,0.53,37,250
deepseek-r1_prompt2_ethical165_2,1,human,agent,0.52,18,269
deepseek-r1_prompt2_ethical165_3,1,human,agent,0.28,13,310
deepseek-r1_prompt2_ethical165_4,1,human,agent,0.59,17,336
deepseek-r1_prompt2_ethical165_5,1,human,agent,0.27,19,324
deepseek-r1_prompt3_ethical165_1,1,human,agent,0.50,37,268
deepseek-r1_prompt3_ethical165_2,1,human,agent,0.41,18,339
deepseek-r1_prompt3_ethical165_3,1,human,agent,0.24,13,343
deepseek-r1_prompt3_ethical165_4,1,human,agent,0.42,17,328
deepseek-r1_prompt3_ethical165_5,1,human,agent,0.24,19,288
deepseek-r1_prompt4_ethical165_1,1,human,agent,0.55,37,255
deepseek-r1_prompt4_ethical165_2,1,human,agent,0.52,18,288
deepseek-r1_prompt4_ethical165_3,1,human,agent,0.34,13,296
deepseek-r1_prompt4_ethical165_4,1,human,agent,0.57,17,321
deepseek-r1_prompt4_ethical165_5,1,human,agent,0.28,19,347
deepseek-r1_prompt0_ethical166_1,1,human,agent,0.38,28,274
deepseek-r1_prompt0_ethical166_2,1,human,agent,0.34,22,317
deepseek-r1_prompt0_ethical166_3,1,human,agent,0.55,16,305
deepseek-r1_prompt0_ethical166_4,1,human,agent,0.58,17,317
deepseek-r1_prompt0_ethical166_5,1,human,agent,0.20,16,300
deepseek-r1_prompt1_ethical166_1,1,human,agent,0.41,28,249
deepseek-r1_prompt1_ethical166_2,1,human,agent,0.32,22,321
deepseek-r1_prompt1_ethical166_3,1,human,agent,0.56,16,316
deepseek-r1_prompt1_ethical166_4,1,human,agent,0.60,17,308
deepseek-r1_prompt1_ethical166_5,1,human,agent,0.26,16,286
deepseek-r1_prompt2_ethical166_1,1,human,agent,0.44,28,256
deepseek-r1_prompt2_ethical166_2,1,human,agent,0.38,22,283
deepseek-r1_prompt2_ethical166_3,1,human,agent,0.65,16,325
deepseek-r1_prompt2_ethical166_4,1,human,agent,0.70,17,293
deepseek-r1_prompt2_ethical166_5,1,human,agent,0.27,16,307
deepseek-r1_prompt3_ethical166_1,1,human,agent,0.40,28,286
deepseek-r1_prompt3_ethical166_2,1,human,agent,0.37,22,378
deepseek-r1_prompt3_ethical166_3,1,human,agent,0.61,16,334
deepseek-r1_prompt3_ethical166_4,1,human,agent,0.55,17,294
deepseek-r1_prompt3_ethical166_5,1,human,agent,0.22,16,309
deepseek-r1_prompt4_ethical166_1,1,human,agent,0.43,28,267
deepseek-r1_prompt4_ethical166_2,1,human,agent,0.37,22,273
deepseek-r1_prompt4_ethical166_3,1,human,agent,0.65,16,311
deepseek-r1_prompt4_ethical166_4,1,human,agent,0.70,17,321
deepseek-r1_prompt4_ethical166_5,1,human,agent,0.27,16,350
deepseek-r1_prompt0_ethical167_1,1,human,agent,0.44,27,286
deepseek-r1_prompt0_ethical167_2,1,human,agent,0.50,19,298
deepseek-r1_prompt0_ethical167_3,1,human,agent,0.51,18,292
deepseek-r1_prompt0_ethical167_4,1,human,agent,0.38,20,320
deepseek-r1_prompt0_ethical167_5,1,human,agent,0.30,14,313
deepseek-r1_prompt1_ethical167_1,1,human,agent,0.42,27,292
deepseek-r1_prompt1_ethical167_2,1,human,agent,0.54,19,334
deepseek-r1_prompt1_ethical167_3,1,human,agent,0.50,18,320
deepseek-r1_prompt1_ethical167_4,1,human,agent,0.42,20,327
deepseek-r1_prompt1_ethical167_5,1,human,agent,0.27,14,318
deepseek-r1_prompt2_ethical167_1,1,human,agent,0.51,27,274
deepseek-r1_prompt2_ethical167_2,1,human,agent,0.67,19,310
deepseek-r1_prompt2_ethical167_3,1,human,agent,0.73,18,340
deepseek-r1_prompt2_ethical167_4,1,human,agent,0.52,20,324
deepseek-r1_prompt2_ethical167_5,1,human,agent,0.27,14,377
deepseek-r1_prompt3_ethical167_1,1,human,agent,0.44,27,267
deepseek-r1_prompt3_ethical167_2,1,human,agent,0.50,19,320
deepseek-r1_prompt3_ethical167_3,1,human,agent,0.59,18,373
deepseek-r1_prompt3_ethical167_4,1,human,agent,0.46,20,380
deepseek-r1_prompt3_ethical167_5,1,human,agent,0.25,14,335
deepseek-r1_prompt4_ethical167_1,1,human,agent,0.51,27,284
deepseek-r1_prompt4_ethical167_2,1,human,agent,0.64,19,328
deepseek-r1_prompt4_ethical167_3,1,human,agent,0.72,18,322
deepseek-r1_prompt4_ethical167_4,1,human,agent,0.52,20,382
deepseek-r1_prompt4_ethical167_5,1,human,agent,0.32,14,336
deepseek-r1_prompt0_ethical168_1,1,human,agent,0.67,23,254
deepseek-r1_prompt0_ethical168_2,1,human,agent,0.54,23,303
deepseek-r1_prompt0_ethical168_3,1,human,agent,0.31,15,321
deepseek-r1_prompt0_ethical168_4,1,human,agent,0.42,26,293
deepseek-r1_prompt0_ethical168_5,1,human,agent,0.25,16,309
deepseek-r1_prompt1_ethical168_1,1,human,agent,0.61,23,260
deepseek-r1_prompt1_ethical168_2,1,human,agent,0.58,23,324
deepseek-r1_prompt1_ethical168_3,1,human,agent,0.31,15,323
deepseek-r1_prompt1_ethical168_4,1,human,agent,0.42,26,286
deepseek-r1_prompt1_ethical168_5,1,human,agent,0.22,16,305
deepseek-r1_prompt2_ethical168_1,1,human,agent,0.58,23,279
deepseek-r1_prompt2_ethical168_2,1,human,agent,0.70,23,291
deepseek-r1_prompt2_ethical168_3,1,human,agent,0.38,15,320
deepseek-r1_prompt2_ethical168_4,1,human,agent,0.50,26,334
deepseek-r1_prompt2_ethical168_5,1,human,agent,0.29,16,359
deepseek-r1_prompt3_ethical168_1,1,human,agent,0.46,23,266
deepseek-r1_prompt3_ethical168_2,1,human,agent,0.57,23,329
deepseek-r1_prompt3_ethical168_3,1,human,agent,0.30,15,341
deepseek-r1_prompt3_ethical168_4,1,human,agent,0.47,26,331
deepseek-r1_prompt3_ethical168_5,1,human,agent,0.22,16,306
deepseek-r1_prompt4_ethical168_1,1,human,agent,0.54,23,274
deepseek-r1_prompt4_ethical168_2,1,human,agent,0.69,23,315
deepseek-r1_prompt4_ethical168_3,1,human,agent,0.32,15,367
deepseek-r1_prompt4_ethical168_4,1,human,agent,0.47,26,329
deepseek-r1_prompt4_ethical168_5,1,human,agent,0.25,16,304
deepseek-r1_prompt0_ethical169_1,1,human,agent,0.57,27,266
deepseek-r1_prompt0_ethical169_2,1,human,agent,0.52,18,323
deepseek-r1_prompt0_ethical169_3,1,human,agent,0.42,17,314
deepseek-r1_prompt0_ethical169_4,1,human,agent,0.37,15,304
deepseek-r1_prompt0_ethical169_5,1,human,agent,0.43,16,289
deepseek-r1_prompt1_ethical169_1,1,human,agent,0.58,27,262
deepseek-r1_prompt1_ethical169_2,1,human,agent,0.52,18,297
deepseek-r1_prompt1_ethical169_3,1,human,agent,0.41,17,283
deepseek-r1_prompt1_ethical169_4,1,human,agent,0.33,15,288
deepseek-r1_prompt1_ethical169_5,1,human,agent,0.31,16,294
deepseek-r1_prompt2_ethical169_1,1,human,agent,0.63,27,260
deepseek-r1_prompt2_ethical169_2,1,human,agent,0.63,18,293
deepseek-r1_prompt2_ethical169_3,1,human,agent,0.48,17,322
deepseek-r1_prompt2_ethical169_4,1,human,agent,0.36,15,345
deepseek-r1_prompt2_ethical169_5,1,human,agent,0.29,16,322
deepseek-r1_prompt3_ethical169_1,1,human,agent,0.48,27,305
deepseek-r1_prompt3_ethical169_2,1,human,agent,0.54,18,330
deepseek-r1_prompt3_ethical169_3,1,human,agent,0.40,17,355
deepseek-r1_prompt3_ethical169_4,1,human,agent,0.34,15,311
deepseek-r1_prompt3_ethical169_5,1,human,agent,0.29,16,298
deepseek-r1_prompt4_ethical169_1,1,human,agent,0.64,27,270
deepseek-r1_prompt4_ethical169_2,1,human,agent,0.52,18,290
deepseek-r1_prompt4_ethical169_3,1,human,agent,0.47,17,294
deepseek-r1_prompt4_ethical169_4,1,human,agent,0.49,15,332
deepseek-r1_prompt4_ethical169_5,1,human,agent,0.29,16,356
deepseek-r1_prompt0_ethical17_1,1,human,agent,0.56,41,287
deepseek-r1_prompt0_ethical17_2,1,human,agent,0.58,27,331
deepseek-r1_prompt0_ethical17_3,1,human,agent,0.44,22,309
deepseek-r1_prompt0_ethical17_4,1,human,agent,0.62,19,315
deepseek-r1_prompt0_ethical17_5,1,human,agent,0.29,16,301
deepseek-r1_prompt1_ethical17_1,1,human,agent,0.62,41,310
deepseek-r1_prompt1_ethical17_2,1,human,agent,0.56,27,306
deepseek-r1_prompt1_ethical17_3,1,human,agent,0.31,22,322
deepseek-r1_prompt1_ethical17_4,1,human,agent,0.64,19,320
deepseek-r1_prompt1_ethical17_5,1,human,agent,0.26,16,295
deepseek-r1_prompt2_ethical17_1,1,human,agent,0.80,41,284
deepseek-r1_prompt2_ethical17_2,1,human,agent,0.69,27,308
deepseek-r1_prompt2_ethical17_3,1,human,agent,0.53,22,350
deepseek-r1_prompt2_ethical17_4,1,human,agent,0.69,19,347
deepseek-r1_prompt2_ethical17_5,1,human,agent,0.31,16,342
deepseek-r1_prompt3_ethical17_1,1,human,agent,0.58,41,325
deepseek-r1_prompt3_ethical17_2,1,human,agent,0.50,27,367
deepseek-r1_prompt3_ethical17_3,1,human,agent,0.39,22,357
deepseek-r1_prompt3_ethical17_4,1,human,agent,0.59,19,349
deepseek-r1_prompt3_ethical17_5,1,human,agent,0.25,16,323
deepseek-r1_prompt4_ethical17_1,1,human,agent,0.69,41,256
deepseek-r1_prompt4_ethical17_2,1,human,agent,0.64,27,330
deepseek-r1_prompt4_ethical17_3,1,human,agent,0.49,22,369
deepseek-r1_prompt4_ethical17_4,1,human,agent,0.66,19,348
deepseek-r1_prompt4_ethical17_5,1,human,agent,0.26,16,368
deepseek-r1_prompt0_ethical170_1,1,human,agent,0.69,30,301
deepseek-r1_prompt0_ethical170_2,1,human,agent,0.47,19,312
deepseek-r1_prompt0_ethical170_3,1,human,agent,0.40,15,298
deepseek-r1_prompt0_ethical170_4,1,human,agent,0.30,18,295
deepseek-r1_prompt0_ethical170_5,1,human,agent,0.27,14,318
deepseek-r1_prompt1_ethical170_1,1,human,agent,0.50,30,258
deepseek-r1_prompt1_ethical170_2,1,human,agent,0.46,19,296
deepseek-r1_prompt1_ethical170_3,1,human,agent,0.36,15,303
deepseek-r1_prompt1_ethical170_4,1,human,agent,0.31,18,299
deepseek-r1_prompt1_ethical170_5,1,human,agent,0.14,14,311
deepseek-r1_prompt2_ethical170_1,1,human,agent,0.68,30,300
deepseek-r1_prompt2_ethical170_2,1,human,agent,0.59,19,328
deepseek-r1_prompt2_ethical170_3,1,human,agent,0.38,15,352
deepseek-r1_prompt2_ethical170_4,1,human,agent,0.34,18,347
deepseek-r1_prompt2_ethical170_5,1,human,agent,0.16,14,310
deepseek-r1_prompt3_ethical170_1,1,human,agent,0.58,30,242
deepseek-r1_prompt3_ethical170_2,1,human,agent,0.52,19,368
deepseek-r1_prompt3_ethical170_3,1,human,agent,0.32,15,331
deepseek-r1_prompt3_ethical170_4,1,human,agent,0.33,18,313
deepseek-r1_prompt3_ethical170_5,1,human,agent,0.10,14,309
deepseek-r1_prompt4_ethical170_1,1,human,agent,0.64,30,274
deepseek-r1_prompt4_ethical170_2,1,human,agent,0.57,19,353
deepseek-r1_prompt4_ethical170_3,1,human,agent,0.35,15,341
deepseek-r1_prompt4_ethical170_4,1,human,agent,0.40,18,347
deepseek-r1_prompt4_ethical170_5,1,human,agent,0.14,14,340
deepseek-r1_prompt0_ethical171_1,1,human,agent,0.47,28,269
deepseek-r1_prompt0_ethical171_2,1,human,agent,0.57,17,317
deepseek-r1_prompt0_ethical171_3,1,human,agent,0.62,17,326
deepseek-r1_prompt0_ethical171_4,1,human,agent,0.52,21,298
deepseek-r1_prompt0_ethical171_5,1,human,agent,0.48,22,292
deepseek-r1_prompt1_ethical171_1,1,human,agent,0.46,28,252
deepseek-r1_prompt1_ethical171_2,1,human,agent,0.53,17,295
deepseek-r1_prompt1_ethical171_3,1,human,agent,0.72,17,313
deepseek-r1_prompt1_ethical171_4,1,human,agent,0.53,21,321
deepseek-r1_prompt1_ethical171_5,1,human,agent,0.42,22,305
deepseek-r1_prompt2_ethical171_1,1,human,agent,0.59,28,242
deepseek-r1_prompt2_ethical171_2,1,human,agent,0.62,17,305
deepseek-r1_prompt2_ethical171_3,1,human,agent,0.76,17,336
deepseek-r1_prompt2_ethical171_4,1,human,agent,0.62,21,368
deepseek-r1_prompt2_ethical171_5,1,human,agent,0.52,22,325
deepseek-r1_prompt3_ethical171_1,1,human,agent,0.39,28,210
deepseek-r1_prompt3_ethical171_2,1,human,agent,0.48,17,337
deepseek-r1_prompt3_ethical171_3,1,human,agent,0.69,17,253
deepseek-r1_prompt3_ethical171_4,1,human,agent,0.50,21,290
deepseek-r1_prompt3_ethical171_5,1,human,agent,0.45,22,310
deepseek-r1_prompt4_ethical171_1,1,human,agent,0.48,28,247
deepseek-r1_prompt4_ethical171_2,1,human,agent,0.67,17,277
deepseek-r1_prompt4_ethical171_3,1,human,agent,0.79,17,317
deepseek-r1_prompt4_ethical171_4,1,human,agent,0.59,21,342
deepseek-r1_prompt4_ethical171_5,1,human,agent,0.50,22,351
deepseek-r1_prompt0_ethical172_1,1,human,agent,0.46,34,273
deepseek-r1_prompt0_ethical172_2,1,human,agent,0.67,23,351
deepseek-r1_prompt0_ethical172_3,1,human,agent,0.52,20,322
deepseek-r1_prompt0_ethical172_4,1,human,agent,0.37,17,327
deepseek-r1_prompt0_ethical172_5,1,human,agent,0.37,16,333
deepseek-r1_prompt1_ethical172_1,1,human,agent,0.48,34,268
deepseek-r1_prompt1_ethical172_2,1,human,agent,0.70,23,277
deepseek-r1_prompt1_ethical172_3,1,human,agent,0.55,20,315
deepseek-r1_prompt1_ethical172_4,1,human,agent,0.40,17,302
deepseek-r1_prompt1_ethical172_5,1,human,agent,0.33,16,294
deepseek-r1_prompt2_ethical172_1,1,human,agent,0.53,34,266
deepseek-r1_prompt2_ethical172_2,1,human,agent,0.75,23,245
deepseek-r1_prompt2_ethical172_3,1,human,agent,0.55,20,333
deepseek-r1_prompt2_ethical172_4,1,human,agent,0.40,17,364
deepseek-r1_prompt2_ethical172_5,1,human,agent,0.31,16,310
deepseek-r1_prompt3_ethical172_1,1,human,agent,0.51,34,282
deepseek-r1_prompt3_ethical172_2,1,human,agent,0.74,23,335
deepseek-r1_prompt3_ethical172_3,1,human,agent,0.56,20,324
deepseek-r1_prompt3_ethical172_4,1,human,agent,0.43,17,304
deepseek-r1_prompt3_ethical172_5,1,human,agent,0.29,16,294
deepseek-r1_prompt4_ethical172_1,1,human,agent,0.51,34,266
deepseek-r1_prompt4_ethical172_2,1,human,agent,0.80,23,290
deepseek-r1_prompt4_ethical172_3,1,human,agent,0.60,20,316
deepseek-r1_prompt4_ethical172_4,1,human,agent,0.47,17,364
deepseek-r1_prompt4_ethical172_5,1,human,agent,0.33,16,359
deepseek-r1_prompt0_ethical173_1,1,human,agent,0.65,26,276
deepseek-r1_prompt0_ethical173_2,1,human,agent,0.53,20,285
deepseek-r1_prompt0_ethical173_3,1,human,agent,0.54,17,351
deepseek-r1_prompt0_ethical173_4,1,human,agent,0.72,22,340
deepseek-r1_prompt0_ethical173_5,1,human,agent,0.51,16,320
deepseek-r1_prompt1_ethical173_1,1,human,agent,0.77,26,238
deepseek-r1_prompt1_ethical173_2,1,human,agent,0.51,20,330
deepseek-r1_prompt1_ethical173_3,1,human,agent,0.55,17,325
deepseek-r1_prompt1_ethical173_4,1,human,agent,0.63,22,335
deepseek-r1_prompt1_ethical173_5,1,human,agent,0.51,16,327
deepseek-r1_prompt2_ethical173_1,1,human,agent,0.85,26,255
deepseek-r1_prompt2_ethical173_2,1,human,agent,0.58,20,279
deepseek-r1_prompt2_ethical173_3,1,human,agent,0.59,17,307
deepseek-r1_prompt2_ethical173_4,1,human,agent,0.69,22,309
deepseek-r1_prompt2_ethical173_5,1,human,agent,0.56,16,320
deepseek-r1_prompt3_ethical173_1,1,human,agent,0.64,26,303
deepseek-r1_prompt3_ethical173_2,1,human,agent,0.43,20,338
deepseek-r1_prompt3_ethical173_3,1,human,agent,0.57,17,341
deepseek-r1_prompt3_ethical173_4,1,human,agent,0.62,22,326
deepseek-r1_prompt3_ethical173_5,1,human,agent,0.56,16,294
deepseek-r1_prompt4_ethical173_1,1,human,agent,0.75,26,269
deepseek-r1_prompt4_ethical173_2,1,human,agent,0.56,20,275
deepseek-r1_prompt4_ethical173_3,1,human,agent,0.57,17,313
deepseek-r1_prompt4_ethical173_4,1,human,agent,0.66,22,314
deepseek-r1_prompt4_ethical173_5,1,human,agent,0.54,16,308
deepseek-r1_prompt0_ethical174_1,1,human,agent,0.53,36,250
deepseek-r1_prompt0_ethical174_2,1,human,agent,0.70,29,348
deepseek-r1_prompt0_ethical174_3,1,human,agent,0.70,27,290
deepseek-r1_prompt0_ethical174_4,1,human,agent,0.53,25,307
deepseek-r1_prompt0_ethical174_5,1,human,agent,0.57,26,290
deepseek-r1_prompt1_ethical174_1,1,human,agent,0.59,36,259
deepseek-r1_prompt1_ethical174_2,1,human,agent,0.78,29,292
deepseek-r1_prompt1_ethical174_3,1,human,agent,0.62,27,315
deepseek-r1_prompt1_ethical174_4,1,human,agent,0.56,25,314
deepseek-r1_prompt1_ethical174_5,1,human,agent,0.49,26,292
deepseek-r1_prompt2_ethical174_1,1,human,agent,0.66,36,278
deepseek-r1_prompt2_ethical174_2,1,human,agent,0.78,29,305
deepseek-r1_prompt2_ethical174_3,1,human,agent,0.75,27,343
deepseek-r1_prompt2_ethical174_4,1,human,agent,0.54,25,317
deepseek-r1_prompt2_ethical174_5,1,human,agent,0.60,26,340
deepseek-r1_prompt3_ethical174_1,1,human,agent,0.57,36,277
deepseek-r1_prompt3_ethical174_2,1,human,agent,0.70,29,322
deepseek-r1_prompt3_ethical174_3,1,human,agent,0.67,27,332
deepseek-r1_prompt3_ethical174_4,1,human,agent,0.50,25,317
deepseek-r1_prompt3_ethical174_5,1,human,agent,0.53,26,314
deepseek-r1_prompt4_ethical174_1,1,human,agent,0.64,36,300
deepseek-r1_prompt4_ethical174_2,1,human,agent,0.82,29,319
deepseek-r1_prompt4_ethical174_3,1,human,agent,0.69,27,324
deepseek-r1_prompt4_ethical174_4,1,human,agent,0.53,25,362
deepseek-r1_prompt4_ethical174_5,1,human,agent,0.59,26,350
deepseek-r1_prompt0_ethical175_1,1,human,agent,0.55,26,242
deepseek-r1_prompt0_ethical175_2,1,human,agent,0.42,20,306
deepseek-r1_prompt0_ethical175_3,1,human,agent,0.47,17,313
deepseek-r1_prompt0_ethical175_4,1,human,agent,0.56,20,300
deepseek-r1_prompt0_ethical175_5,1,human,agent,0.32,16,292
deepseek-r1_prompt1_ethical175_1,1,human,agent,0.61,26,257
deepseek-r1_prompt1_ethical175_2,1,human,agent,0.49,20,306
deepseek-r1_prompt1_ethical175_3,1,human,agent,0.50,17,308
deepseek-r1_prompt1_ethical175_4,1,human,agent,0.54,20,304
deepseek-r1_prompt1_ethical175_5,1,human,agent,0.29,16,309
deepseek-r1_prompt2_ethical175_1,1,human,agent,0.64,26,265
deepseek-r1_prompt2_ethical175_2,1,human,agent,0.50,20,287
deepseek-r1_prompt2_ethical175_3,1,human,agent,0.58,17,303
deepseek-r1_prompt2_ethical175_4,1,human,agent,0.54,20,310
deepseek-r1_prompt2_ethical175_5,1,human,agent,0.32,16,348
deepseek-r1_prompt3_ethical175_1,1,human,agent,0.51,26,244
deepseek-r1_prompt3_ethical175_2,1,human,agent,0.42,20,317
deepseek-r1_prompt3_ethical175_3,1,human,agent,0.47,17,328
deepseek-r1_prompt3_ethical175_4,1,human,agent,0.53,20,325
deepseek-r1_prompt3_ethical175_5,1,human,agent,0.31,16,345
deepseek-r1_prompt4_ethical175_1,1,human,agent,0.59,26,256
deepseek-r1_prompt4_ethical175_2,1,human,agent,0.50,20,268
deepseek-r1_prompt4_ethical175_3,1,human,agent,0.55,17,342
deepseek-r1_prompt4_ethical175_4,1,human,agent,0.54,20,353
deepseek-r1_prompt4_ethical175_5,1,human,agent,0.30,16,340
deepseek-r1_prompt0_ethical176_1,1,human,agent,0.48,24,252
deepseek-r1_prompt0_ethical176_2,1,human,agent,0.70,19,325
deepseek-r1_prompt0_ethical176_3,1,human,agent,0.43,15,305
deepseek-r1_prompt0_ethical176_4,1,human,agent,0.59,21,293
deepseek-r1_prompt0_ethical176_5,1,human,agent,0.31,19,277
deepseek-r1_prompt1_ethical176_1,1,human,agent,0.51,24,221
deepseek-r1_prompt1_ethical176_2,1,human,agent,0.67,19,297
deepseek-r1_prompt1_ethical176_3,1,human,agent,0.44,15,356
deepseek-r1_prompt1_ethical176_4,1,human,agent,0.59,21,307
deepseek-r1_prompt1_ethical176_5,1,human,agent,0.33,19,305
deepseek-r1_prompt2_ethical176_1,1,human,agent,0.58,24,258
deepseek-r1_prompt2_ethical176_2,1,human,agent,0.81,19,281
deepseek-r1_prompt2_ethical176_3,1,human,agent,0.59,15,322
deepseek-r1_prompt2_ethical176_4,1,human,agent,0.61,21,285
deepseek-r1_prompt2_ethical176_5,1,human,agent,0.36,19,325
deepseek-r1_prompt3_ethical176_1,1,human,agent,0.47,24,263
deepseek-r1_prompt3_ethical176_2,1,human,agent,0.66,19,339
deepseek-r1_prompt3_ethical176_3,1,human,agent,0.47,15,319
deepseek-r1_prompt3_ethical176_4,1,human,agent,0.60,21,329
deepseek-r1_prompt3_ethical176_5,1,human,agent,0.30,19,314
deepseek-r1_prompt4_ethical176_1,1,human,agent,0.57,24,263
deepseek-r1_prompt4_ethical176_2,1,human,agent,0.79,19,287
deepseek-r1_prompt4_ethical176_3,1,human,agent,0.59,15,324
deepseek-r1_prompt4_ethical176_4,1,human,agent,0.63,21,355
deepseek-r1_prompt4_ethical176_5,1,human,agent,0.34,19,355
deepseek-r1_prompt0_ethical177_1,1,human,agent,0.35,35,283
deepseek-r1_prompt0_ethical177_2,1,human,agent,0.51,19,333
deepseek-r1_prompt0_ethical177_3,1,human,agent,0.48,24,314
deepseek-r1_prompt0_ethical177_4,1,human,agent,0.58,24,325
deepseek-r1_prompt0_ethical177_5,1,human,agent,0.41,19,334
deepseek-r1_prompt1_ethical177_1,1,human,agent,0.45,35,289
deepseek-r1_prompt1_ethical177_2,1,human,agent,0.54,19,326
deepseek-r1_prompt1_ethical177_3,1,human,agent,0.53,24,346
deepseek-r1_prompt1_ethical177_4,1,human,agent,0.67,24,334
deepseek-r1_prompt1_ethical177_5,1,human,agent,0.41,19,310
deepseek-r1_prompt2_ethical177_1,1,human,agent,0.59,35,251
deepseek-r1_prompt2_ethical177_2,1,human,agent,0.71,19,289
deepseek-r1_prompt2_ethical177_3,1,human,agent,0.67,24,317
deepseek-r1_prompt2_ethical177_4,1,human,agent,0.63,24,379
deepseek-r1_prompt2_ethical177_5,1,human,agent,0.50,19,344
deepseek-r1_prompt3_ethical177_1,1,human,agent,0.49,35,258
deepseek-r1_prompt3_ethical177_2,1,human,agent,0.51,19,351
deepseek-r1_prompt3_ethical177_3,1,human,agent,0.58,24,332
deepseek-r1_prompt3_ethical177_4,1,human,agent,0.58,24,329
deepseek-r1_prompt3_ethical177_5,1,human,agent,0.36,19,327
deepseek-r1_prompt4_ethical177_1,1,human,agent,0.55,35,268
deepseek-r1_prompt4_ethical177_2,1,human,agent,0.67,19,288
deepseek-r1_prompt4_ethical177_3,1,human,agent,0.67,24,315
deepseek-r1_prompt4_ethical177_4,1,human,agent,0.68,24,324
deepseek-r1_prompt4_ethical177_5,1,human,agent,0.48,19,316
deepseek-r1_prompt0_ethical178_1,1,human,agent,0.63,29,282
deepseek-r1_prompt0_ethical178_2,1,human,agent,0.36,20,314
deepseek-r1_prompt0_ethical178_3,1,human,agent,0.50,17,314
deepseek-r1_prompt0_ethical178_4,1,human,agent,0.75,22,283
deepseek-r1_prompt0_ethical178_5,1,human,agent,0.46,18,285
deepseek-r1_prompt1_ethical178_1,1,human,agent,0.65,29,248
deepseek-r1_prompt1_ethical178_2,1,human,agent,0.37,20,301
deepseek-r1_prompt1_ethical178_3,1,human,agent,0.44,17,315
deepseek-r1_prompt1_ethical178_4,1,human,agent,0.76,22,292
deepseek-r1_prompt1_ethical178_5,1,human,agent,0.43,18,293
deepseek-r1_prompt2_ethical178_1,1,human,agent,0.69,29,259
deepseek-r1_prompt2_ethical178_2,1,human,agent,0.46,20,282
deepseek-r1_prompt2_ethical178_3,1,human,agent,0.50,17,299
deepseek-r1_prompt2_ethical178_4,1,human,agent,0.82,22,301
deepseek-r1_prompt2_ethical178_5,1,human,agent,0.54,18,295
deepseek-r1_prompt3_ethical178_1,1,human,agent,0.69,29,304
deepseek-r1_prompt3_ethical178_2,1,human,agent,0.37,20,315
deepseek-r1_prompt3_ethical178_3,1,human,agent,0.42,17,349
deepseek-r1_prompt3_ethical178_4,1,human,agent,0.76,22,327
deepseek-r1_prompt3_ethical178_5,1,human,agent,0.49,18,310
deepseek-r1_prompt4_ethical178_1,1,human,agent,0.69,29,273
deepseek-r1_prompt4_ethical178_2,1,human,agent,0.42,20,293
deepseek-r1_prompt4_ethical178_3,1,human,agent,0.53,17,285
deepseek-r1_prompt4_ethical178_4,1,human,agent,0.77,22,324
deepseek-r1_prompt4_ethical178_5,1,human,agent,0.57,18,328
deepseek-r1_prompt0_ethical179_1,1,human,agent,0.49,27,318
deepseek-r1_prompt0_ethical179_2,1,human,agent,0.67,25,288
deepseek-r1_prompt0_ethical179_3,1,human,agent,0.43,21,300
deepseek-r1_prompt0_ethical179_4,1,human,agent,0.73,22,300
deepseek-r1_prompt0_ethical179_5,1,human,agent,0.35,27,295
deepseek-r1_prompt1_ethical179_1,1,human,agent,0.46,27,254
deepseek-r1_prompt1_ethical179_2,1,human,agent,0.60,25,327
deepseek-r1_prompt1_ethical179_3,1,human,agent,0.40,21,339
deepseek-r1_prompt1_ethical179_4,1,human,agent,0.59,22,339
deepseek-r1_prompt1_ethical179_5,1,human,agent,0.45,27,294
deepseek-r1_prompt2_ethical179_1,1,human,agent,0.56,27,268
deepseek-r1_prompt2_ethical179_2,1,human,agent,0.77,25,279
deepseek-r1_prompt2_ethical179_3,1,human,agent,0.53,21,302
deepseek-r1_prompt2_ethical179_4,1,human,agent,0.73,22,338
deepseek-r1_prompt2_ethical179_5,1,human,agent,0.55,27,305
deepseek-r1_prompt3_ethical179_1,1,human,agent,0.47,27,252
deepseek-r1_prompt3_ethical179_2,1,human,agent,0.60,25,311
deepseek-r1_prompt3_ethical179_3,1,human,agent,0.40,21,324
deepseek-r1_prompt3_ethical179_4,1,human,agent,0.67,22,323
deepseek-r1_prompt3_ethical179_5,1,human,agent,0.39,27,307
deepseek-r1_prompt4_ethical179_1,1,human,agent,0.61,27,299
deepseek-r1_prompt4_ethical179_2,1,human,agent,0.73,25,310
deepseek-r1_prompt4_ethical179_3,1,human,agent,0.47,21,345
deepseek-r1_prompt4_ethical179_4,1,human,agent,0.72,22,328
deepseek-r1_prompt4_ethical179_5,1,human,agent,0.50,27,332
deepseek-r1_prompt0_ethical18_1,1,human,agent,0.63,29,254
deepseek-r1_prompt0_ethical18_2,1,human,agent,0.51,23,308
deepseek-r1_prompt0_ethical18_3,1,human,agent,0.64,18,365
deepseek-r1_prompt0_ethical18_4,1,human,agent,0.56,21,372
deepseek-r1_prompt0_ethical18_5,1,human,agent,0.35,21,348
deepseek-r1_prompt1_ethical18_1,1,human,agent,0.49,29,242
deepseek-r1_prompt1_ethical18_2,1,human,agent,0.51,23,283
deepseek-r1_prompt1_ethical18_3,1,human,agent,0.60,18,358
deepseek-r1_prompt1_ethical18_4,1,human,agent,0.51,21,329
deepseek-r1_prompt1_ethical18_5,1,human,agent,0.38,21,302
deepseek-r1_prompt2_ethical18_1,1,human,agent,0.73,29,252
deepseek-r1_prompt2_ethical18_2,1,human,agent,0.59,23,280
deepseek-r1_prompt2_ethical18_3,1,human,agent,0.74,18,302
deepseek-r1_prompt2_ethical18_4,1,human,agent,0.63,21,313
deepseek-r1_prompt2_ethical18_5,1,human,agent,0.41,21,320
deepseek-r1_prompt3_ethical18_1,1,human,agent,0.49,29,256
deepseek-r1_prompt3_ethical18_2,1,human,agent,0.46,23,290
deepseek-r1_prompt3_ethical18_3,1,human,agent,0.66,18,350
deepseek-r1_prompt3_ethical18_4,1,human,agent,0.55,21,332
deepseek-r1_prompt3_ethical18_5,1,human,agent,0.37,21,320
deepseek-r1_prompt4_ethical18_1,1,human,agent,0.52,29,273
deepseek-r1_prompt4_ethical18_2,1,human,agent,0.58,23,288
deepseek-r1_prompt4_ethical18_3,1,human,agent,0.66,18,310
deepseek-r1_prompt4_ethical18_4,1,human,agent,0.63,21,301
deepseek-r1_prompt4_ethical18_5,1,human,agent,0.39,21,362
deepseek-r1_prompt0_ethical180_1,1,human,agent,0.26,21,310
deepseek-r1_prompt0_ethical180_2,1,human,agent,0.56,25,317
deepseek-r1_prompt0_ethical180_3,1,human,agent,0.47,19,305
deepseek-r1_prompt0_ethical180_4,1,human,agent,0.48,17,321
deepseek-r1_prompt0_ethical180_5,1,human,agent,0.34,14,281
deepseek-r1_prompt1_ethical180_1,1,human,agent,0.26,21,246
deepseek-r1_prompt1_ethical180_2,1,human,agent,0.58,25,307
deepseek-r1_prompt1_ethical180_3,1,human,agent,0.51,19,302
deepseek-r1_prompt1_ethical180_4,1,human,agent,0.45,17,301
deepseek-r1_prompt1_ethical180_5,1,human,agent,0.25,14,282
deepseek-r1_prompt2_ethical180_1,1,human,agent,0.44,21,239
deepseek-r1_prompt2_ethical180_2,1,human,agent,0.67,25,271
deepseek-r1_prompt2_ethical180_3,1,human,agent,0.55,19,293
deepseek-r1_prompt2_ethical180_4,1,human,agent,0.61,17,321
deepseek-r1_prompt2_ethical180_5,1,human,agent,0.22,14,328
deepseek-r1_prompt3_ethical180_1,1,human,agent,0.35,21,232
deepseek-r1_prompt3_ethical180_2,1,human,agent,0.51,25,357
deepseek-r1_prompt3_ethical180_3,1,human,agent,0.47,19,319
deepseek-r1_prompt3_ethical180_4,1,human,agent,0.53,17,324
deepseek-r1_prompt3_ethical180_5,1,human,agent,0.20,14,310
deepseek-r1_prompt4_ethical180_1,1,human,agent,0.40,21,246
deepseek-r1_prompt4_ethical180_2,1,human,agent,0.55,25,309
deepseek-r1_prompt4_ethical180_3,1,human,agent,0.54,19,369
deepseek-r1_prompt4_ethical180_4,1,human,agent,0.50,17,370
deepseek-r1_prompt4_ethical180_5,1,human,agent,0.19,14,361
deepseek-r1_prompt0_ethical181_1,1,human,agent,0.62,28,253
deepseek-r1_prompt0_ethical181_2,1,human,agent,0.40,21,278
deepseek-r1_prompt0_ethical181_3,1,human,agent,0.47,15,334
deepseek-r1_prompt0_ethical181_4,1,human,agent,0.44,20,327
deepseek-r1_prompt0_ethical181_5,1,human,agent,0.36,14,309
deepseek-r1_prompt1_ethical181_1,1,human,agent,0.59,28,291
deepseek-r1_prompt1_ethical181_2,1,human,agent,0.40,21,344
deepseek-r1_prompt1_ethical181_3,1,human,agent,0.54,15,349
deepseek-r1_prompt1_ethical181_4,1,human,agent,0.52,20,296
deepseek-r1_prompt1_ethical181_5,1,human,agent,0.35,14,305
deepseek-r1_prompt2_ethical181_1,1,human,agent,0.72,28,244
deepseek-r1_prompt2_ethical181_2,1,human,agent,0.44,21,257
deepseek-r1_prompt2_ethical181_3,1,human,agent,0.57,15,277
deepseek-r1_prompt2_ethical181_4,1,human,agent,0.57,20,265
deepseek-r1_prompt2_ethical181_5,1,human,agent,0.39,14,257
deepseek-r1_prompt3_ethical181_1,1,human,agent,0.64,28,262
deepseek-r1_prompt3_ethical181_2,1,human,agent,0.43,21,322
deepseek-r1_prompt3_ethical181_3,1,human,agent,0.50,15,316
deepseek-r1_prompt3_ethical181_4,1,human,agent,0.50,20,289
deepseek-r1_prompt3_ethical181_5,1,human,agent,0.33,14,324
deepseek-r1_prompt4_ethical181_1,1,human,agent,0.69,28,273
deepseek-r1_prompt4_ethical181_2,1,human,agent,0.44,21,277
deepseek-r1_prompt4_ethical181_3,1,human,agent,0.52,15,324
deepseek-r1_prompt4_ethical181_4,1,human,agent,0.55,20,344
deepseek-r1_prompt4_ethical181_5,1,human,agent,0.40,14,352
deepseek-r1_prompt0_ethical182_1,1,human,agent,0.37,24,284
deepseek-r1_prompt0_ethical182_2,1,human,agent,0.54,21,332
deepseek-r1_prompt0_ethical182_3,1,human,agent,0.32,15,309
deepseek-r1_prompt0_ethical182_4,1,human,agent,0.44,16,299
deepseek-r1_prompt0_ethical182_5,1,human,agent,0.26,15,318
deepseek-r1_prompt1_ethical182_1,1,human,agent,0.53,24,231
deepseek-r1_prompt1_ethical182_2,1,human,agent,0.56,21,273
deepseek-r1_prompt1_ethical182_3,1,human,agent,0.31,15,327
deepseek-r1_prompt1_ethical182_4,1,human,agent,0.49,16,310
deepseek-r1_prompt1_ethical182_5,1,human,agent,0.38,15,283
deepseek-r1_prompt2_ethical182_1,1,human,agent,0.54,24,278
deepseek-r1_prompt2_ethical182_2,1,human,agent,0.66,21,293
deepseek-r1_prompt2_ethical182_3,1,human,agent,0.43,15,336
deepseek-r1_prompt2_ethical182_4,1,human,agent,0.52,16,364
deepseek-r1_prompt2_ethical182_5,1,human,agent,0.26,15,345
deepseek-r1_prompt3_ethical182_1,1,human,agent,0.38,24,318
deepseek-r1_prompt3_ethical182_2,1,human,agent,0.56,21,333
deepseek-r1_prompt3_ethical182_3,1,human,agent,0.31,15,308
deepseek-r1_prompt3_ethical182_4,1,human,agent,0.44,16,306
deepseek-r1_prompt3_ethical182_5,1,human,agent,0.27,15,320
deepseek-r1_prompt4_ethical182_1,1,human,agent,0.52,24,313
deepseek-r1_prompt4_ethical182_2,1,human,agent,0.65,21,285
deepseek-r1_prompt4_ethical182_3,1,human,agent,0.31,15,317
deepseek-r1_prompt4_ethical182_4,1,human,agent,0.46,16,358
deepseek-r1_prompt4_ethical182_5,1,human,agent,0.29,15,354
deepseek-r1_prompt0_ethical183_1,1,human,agent,0.60,23,291
deepseek-r1_prompt0_ethical183_2,1,human,agent,0.62,22,345
deepseek-r1_prompt0_ethical183_3,1,human,agent,0.44,17,311
deepseek-r1_prompt0_ethical183_4,1,human,agent,0.51,24,342
deepseek-r1_prompt0_ethical183_5,1,human,agent,0.47,20,341
deepseek-r1_prompt1_ethical183_1,1,human,agent,0.63,23,268
deepseek-r1_prompt1_ethical183_2,1,human,agent,0.63,22,299
deepseek-r1_prompt1_ethical183_3,1,human,agent,0.44,17,379
deepseek-r1_prompt1_ethical183_4,1,human,agent,0.56,24,319
deepseek-r1_prompt1_ethical183_5,1,human,agent,0.42,20,304
deepseek-r1_prompt2_ethical183_1,1,human,agent,0.70,23,262
deepseek-r1_prompt2_ethical183_2,1,human,agent,0.72,22,298
deepseek-r1_prompt2_ethical183_3,1,human,agent,0.47,17,310
deepseek-r1_prompt2_ethical183_4,1,human,agent,0.65,24,308
deepseek-r1_prompt2_ethical183_5,1,human,agent,0.46,20,366
deepseek-r1_prompt3_ethical183_1,1,human,agent,0.59,23,267
deepseek-r1_prompt3_ethical183_2,1,human,agent,0.61,22,380
deepseek-r1_prompt3_ethical183_3,1,human,agent,0.46,17,343
deepseek-r1_prompt3_ethical183_4,1,human,agent,0.53,24,311
deepseek-r1_prompt3_ethical183_5,1,human,agent,0.38,20,326
deepseek-r1_prompt4_ethical183_1,1,human,agent,0.58,23,252
deepseek-r1_prompt4_ethical183_2,1,human,agent,0.68,22,271
deepseek-r1_prompt4_ethical183_3,1,human,agent,0.47,17,285
deepseek-r1_prompt4_ethical183_4,1,human,agent,0.54,24,305
deepseek-r1_prompt4_ethical183_5,1,human,agent,0.45,20,320
deepseek-r1_prompt0_ethical184_1,1,human,agent,0.64,26,295
deepseek-r1_prompt0_ethical184_2,1,human,agent,0.64,23,315
deepseek-r1_prompt0_ethical184_3,1,human,agent,0.38,21,303
deepseek-r1_prompt0_ethical184_4,1,human,agent,0.61,18,294
deepseek-r1_prompt0_ethical184_5,1,human,agent,0.29,13,295
deepseek-r1_prompt1_ethical184_1,1,human,agent,0.47,26,272
deepseek-r1_prompt1_ethical184_2,1,human,agent,0.70,23,323
deepseek-r1_prompt1_ethical184_3,1,human,agent,0.36,21,318
deepseek-r1_prompt1_ethical184_4,1,human,agent,0.57,18,302
deepseek-r1_prompt1_ethical184_5,1,human,agent,0.24,13,309
deepseek-r1_prompt2_ethical184_1,1,human,agent,0.58,26,273
deepseek-r1_prompt2_ethical184_2,1,human,agent,0.76,23,281
deepseek-r1_prompt2_ethical184_3,1,human,agent,0.42,21,307
deepseek-r1_prompt2_ethical184_4,1,human,agent,0.75,18,314
deepseek-r1_prompt2_ethical184_5,1,human,agent,0.31,13,337
deepseek-r1_prompt3_ethical184_1,1,human,agent,0.50,26,276
deepseek-r1_prompt3_ethical184_2,1,human,agent,0.71,23,301
deepseek-r1_prompt3_ethical184_3,1,human,agent,0.35,21,318
deepseek-r1_prompt3_ethical184_4,1,human,agent,0.63,18,313
deepseek-r1_prompt3_ethical184_5,1,human,agent,0.24,13,319
deepseek-r1_prompt4_ethical184_1,1,human,agent,0.57,26,287
deepseek-r1_prompt4_ethical184_2,1,human,agent,0.68,23,297
deepseek-r1_prompt4_ethical184_3,1,human,agent,0.41,21,375
deepseek-r1_prompt4_ethical184_4,1,human,agent,0.70,18,358
deepseek-r1_prompt4_ethical184_5,1,human,agent,0.26,13,349
deepseek-r1_prompt0_ethical185_1,1,human,agent,0.51,27,299
deepseek-r1_prompt0_ethical185_2,1,human,agent,0.27,17,310
deepseek-r1_prompt0_ethical185_3,1,human,agent,0.31,14,326
deepseek-r1_prompt0_ethical185_4,1,human,agent,0.49,16,295
deepseek-r1_prompt0_ethical185_5,1,human,agent,0.25,16,297
deepseek-r1_prompt1_ethical185_1,1,human,agent,0.50,27,265
deepseek-r1_prompt1_ethical185_2,1,human,agent,0.32,17,306
deepseek-r1_prompt1_ethical185_3,1,human,agent,0.30,14,313
deepseek-r1_prompt1_ethical185_4,1,human,agent,0.50,16,295
deepseek-r1_prompt1_ethical185_5,1,human,agent,0.37,16,301
deepseek-r1_prompt2_ethical185_1,1,human,agent,0.55,27,264
deepseek-r1_prompt2_ethical185_2,1,human,agent,0.45,17,289
deepseek-r1_prompt2_ethical185_3,1,human,agent,0.40,14,362
deepseek-r1_prompt2_ethical185_4,1,human,agent,0.56,16,357
deepseek-r1_prompt2_ethical185_5,1,human,agent,0.29,16,359
deepseek-r1_prompt3_ethical185_1,1,human,agent,0.45,27,288
deepseek-r1_prompt3_ethical185_2,1,human,agent,0.35,17,359
deepseek-r1_prompt3_ethical185_3,1,human,agent,0.31,14,321
deepseek-r1_prompt3_ethical185_4,1,human,agent,0.54,16,303
deepseek-r1_prompt3_ethical185_5,1,human,agent,0.24,16,299
deepseek-r1_prompt4_ethical185_1,1,human,agent,0.46,27,271
deepseek-r1_prompt4_ethical185_2,1,human,agent,0.47,17,291
deepseek-r1_prompt4_ethical185_3,1,human,agent,0.37,14,346
deepseek-r1_prompt4_ethical185_4,1,human,agent,0.55,16,318
deepseek-r1_prompt4_ethical185_5,1,human,agent,0.24,16,315
deepseek-r1_prompt0_ethical186_1,1,human,agent,0.48,32,278
deepseek-r1_prompt0_ethical186_2,1,human,agent,0.49,22,346
deepseek-r1_prompt0_ethical186_3,1,human,agent,0.54,21,333
deepseek-r1_prompt0_ethical186_4,1,human,agent,0.48,16,324
deepseek-r1_prompt0_ethical186_5,1,human,agent,0.26,16,312
deepseek-r1_prompt1_ethical186_1,1,human,agent,0.52,32,262
deepseek-r1_prompt1_ethical186_2,1,human,agent,0.53,22,327
deepseek-r1_prompt1_ethical186_3,1,human,agent,0.54,21,355
deepseek-r1_prompt1_ethical186_4,1,human,agent,0.48,16,330
deepseek-r1_prompt1_ethical186_5,1,human,agent,0.25,16,321
deepseek-r1_prompt2_ethical186_1,1,human,agent,0.77,32,272
deepseek-r1_prompt2_ethical186_2,1,human,agent,0.55,22,331
deepseek-r1_prompt2_ethical186_3,1,human,agent,0.56,21,353
deepseek-r1_prompt2_ethical186_4,1,human,agent,0.46,16,341
deepseek-r1_prompt2_ethical186_5,1,human,agent,0.26,16,337
deepseek-r1_prompt3_ethical186_1,1,human,agent,0.48,32,270
deepseek-r1_prompt3_ethical186_2,1,human,agent,0.51,22,300
deepseek-r1_prompt3_ethical186_3,1,human,agent,0.53,21,336
deepseek-r1_prompt3_ethical186_4,1,human,agent,0.41,16,321
deepseek-r1_prompt3_ethical186_5,1,human,agent,0.23,16,320
deepseek-r1_prompt4_ethical186_1,1,human,agent,0.58,32,293
deepseek-r1_prompt4_ethical186_2,1,human,agent,0.54,22,320
deepseek-r1_prompt4_ethical186_3,1,human,agent,0.56,21,377
deepseek-r1_prompt4_ethical186_4,1,human,agent,0.48,16,396
deepseek-r1_prompt4_ethical186_5,1,human,agent,0.27,16,372
deepseek-r1_prompt0_ethical187_1,1,human,agent,0.54,26,284
deepseek-r1_prompt0_ethical187_2,1,human,agent,0.66,23,335
deepseek-r1_prompt0_ethical187_3,1,human,agent,0.50,21,307
deepseek-r1_prompt0_ethical187_4,1,human,agent,0.67,18,320
deepseek-r1_prompt0_ethical187_5,1,human,agent,0.27,19,327
deepseek-r1_prompt1_ethical187_1,1,human,agent,0.56,26,291
deepseek-r1_prompt1_ethical187_2,1,human,agent,0.76,23,309
deepseek-r1_prompt1_ethical187_3,1,human,agent,0.61,21,334
deepseek-r1_prompt1_ethical187_4,1,human,agent,0.67,18,325
deepseek-r1_prompt1_ethical187_5,1,human,agent,0.25,19,283
deepseek-r1_prompt2_ethical187_1,1,human,agent,0.64,26,239
deepseek-r1_prompt2_ethical187_2,1,human,agent,0.77,23,290
deepseek-r1_prompt2_ethical187_3,1,human,agent,0.63,21,285
deepseek-r1_prompt2_ethical187_4,1,human,agent,0.75,18,318
deepseek-r1_prompt2_ethical187_5,1,human,agent,0.29,19,303
deepseek-r1_prompt3_ethical187_1,1,human,agent,0.60,26,248
deepseek-r1_prompt3_ethical187_2,1,human,agent,0.71,23,346
deepseek-r1_prompt3_ethical187_3,1,human,agent,0.59,21,326
deepseek-r1_prompt3_ethical187_4,1,human,agent,0.69,18,304
deepseek-r1_prompt3_ethical187_5,1,human,agent,0.30,19,306
deepseek-r1_prompt4_ethical187_1,1,human,agent,0.60,26,262
deepseek-r1_prompt4_ethical187_2,1,human,agent,0.85,23,305
deepseek-r1_prompt4_ethical187_3,1,human,agent,0.65,21,354
deepseek-r1_prompt4_ethical187_4,1,human,agent,0.74,18,363
deepseek-r1_prompt4_ethical187_5,1,human,agent,0.32,19,347
deepseek-r1_prompt0_ethical188_1,1,human,agent,0.52,32,257
deepseek-r1_prompt0_ethical188_2,1,human,agent,0.48,20,313
deepseek-r1_prompt0_ethical188_3,1,human,agent,0.31,15,298
deepseek-r1_prompt0_ethical188_4,1,human,agent,0.51,18,294
deepseek-r1_prompt0_ethical188_5,1,human,agent,0.35,19,310
deepseek-r1_prompt1_ethical188_1,1,human,agent,0.54,32,264
deepseek-r1_prompt1_ethical188_2,1,human,agent,0.60,20,312
deepseek-r1_prompt1_ethical188_3,1,human,agent,0.31,15,302
deepseek-r1_prompt1_ethical188_4,1,human,agent,0.47,18,292
deepseek-r1_prompt1_ethical188_5,1,human,agent,0.48,19,299
deepseek-r1_prompt2_ethical188_1,1,human,agent,0.59,32,247
deepseek-r1_prompt2_ethical188_2,1,human,agent,0.64,20,264
deepseek-r1_prompt2_ethical188_3,1,human,agent,0.43,15,309
deepseek-r1_prompt2_ethical188_4,1,human,agent,0.58,18,314
deepseek-r1_prompt2_ethical188_5,1,human,agent,0.38,19,357
deepseek-r1_prompt3_ethical188_1,1,human,agent,0.52,32,242
deepseek-r1_prompt3_ethical188_2,1,human,agent,0.56,20,328
deepseek-r1_prompt3_ethical188_3,1,human,agent,0.28,15,328
deepseek-r1_prompt3_ethical188_4,1,human,agent,0.53,18,300
deepseek-r1_prompt3_ethical188_5,1,human,agent,0.33,19,312
deepseek-r1_prompt4_ethical188_1,1,human,agent,0.62,32,264
deepseek-r1_prompt4_ethical188_2,1,human,agent,0.65,20,292
deepseek-r1_prompt4_ethical188_3,1,human,agent,0.37,15,306
deepseek-r1_prompt4_ethical188_4,1,human,agent,0.54,18,310
deepseek-r1_prompt4_ethical188_5,1,human,agent,0.40,19,351
deepseek-r1_prompt0_ethical189_1,1,human,agent,0.41,28,263
deepseek-r1_prompt0_ethical189_2,1,human,agent,0.60,23,320
deepseek-r1_prompt0_ethical189_3,1,human,agent,0.73,17,299
deepseek-r1_prompt0_ethical189_4,1,human,agent,0.46,17,302
deepseek-r1_prompt0_ethical189_5,1,human,agent,0.45,21,288
deepseek-r1_prompt1_ethical189_1,1,human,agent,0.38,28,282
deepseek-r1_prompt1_ethical189_2,1,human,agent,0.65,23,321
deepseek-r1_prompt1_ethical189_3,1,human,agent,0.78,17,372
deepseek-r1_prompt1_ethical189_4,1,human,agent,0.55,17,349
deepseek-r1_prompt1_ethical189_5,1,human,agent,0.47,21,319
deepseek-r1_prompt2_ethical189_1,1,human,agent,0.43,28,283
deepseek-r1_prompt2_ethical189_2,1,human,agent,0.68,23,291
deepseek-r1_prompt2_ethical189_3,1,human,agent,0.79,17,321
deepseek-r1_prompt2_ethical189_4,1,human,agent,0.54,17,349
deepseek-r1_prompt2_ethical189_5,1,human,agent,0.51,21,340
deepseek-r1_prompt3_ethical189_1,1,human,agent,0.33,28,263
deepseek-r1_prompt3_ethical189_2,1,human,agent,0.57,23,302
deepseek-r1_prompt3_ethical189_3,1,human,agent,0.78,17,319
deepseek-r1_prompt3_ethical189_4,1,human,agent,0.49,17,350
deepseek-r1_prompt3_ethical189_5,1,human,agent,0.47,21,322
deepseek-r1_prompt4_ethical189_1,1,human,agent,0.36,28,291
deepseek-r1_prompt4_ethical189_2,1,human,agent,0.70,23,288
deepseek-r1_prompt4_ethical189_3,1,human,agent,0.80,17,343
deepseek-r1_prompt4_ethical189_4,1,human,agent,0.56,17,346
deepseek-r1_prompt4_ethical189_5,1,human,agent,0.53,21,348
deepseek-r1_prompt0_ethical19_1,1,human,agent,0.50,25,318
deepseek-r1_prompt0_ethical19_2,1,human,agent,0.58,21,345
deepseek-r1_prompt0_ethical19_3,1,human,agent,0.27,14,326
deepseek-r1_prompt0_ethical19_4,1,human,agent,0.37,15,309
deepseek-r1_prompt0_ethical19_5,1,human,agent,0.22,12,312
deepseek-r1_prompt1_ethical19_1,1,human,agent,0.65,25,247
deepseek-r1_prompt1_ethical19_2,1,human,agent,0.59,21,258
deepseek-r1_prompt1_ethical19_3,1,human,agent,0.32,14,349
deepseek-r1_prompt1_ethical19_4,1,human,agent,0.34,15,332
deepseek-r1_prompt1_ethical19_5,1,human,agent,0.21,12,330
deepseek-r1_prompt2_ethical19_1,1,human,agent,0.67,25,275
deepseek-r1_prompt2_ethical19_2,1,human,agent,0.75,21,260
deepseek-r1_prompt2_ethical19_3,1,human,agent,0.43,14,335
deepseek-r1_prompt2_ethical19_4,1,human,agent,0.49,15,300
deepseek-r1_prompt2_ethical19_5,1,human,agent,0.22,12,345
deepseek-r1_prompt3_ethical19_1,1,human,agent,0.47,25,282
deepseek-r1_prompt3_ethical19_2,1,human,agent,0.56,21,358
deepseek-r1_prompt3_ethical19_3,1,human,agent,0.36,14,337
deepseek-r1_prompt3_ethical19_4,1,human,agent,0.42,15,318
deepseek-r1_prompt3_ethical19_5,1,human,agent,0.21,12,322
deepseek-r1_prompt4_ethical19_1,1,human,agent,0.63,25,262
deepseek-r1_prompt4_ethical19_2,1,human,agent,0.72,21,297
deepseek-r1_prompt4_ethical19_3,1,human,agent,0.43,14,320
deepseek-r1_prompt4_ethical19_4,1,human,agent,0.46,15,386
deepseek-r1_prompt4_ethical19_5,1,human,agent,0.21,12,361
deepseek-r1_prompt0_ethical190_1,1,human,agent,0.41,34,277
deepseek-r1_prompt0_ethical190_2,1,human,agent,0.36,19,335
deepseek-r1_prompt0_ethical190_3,1,human,agent,0.56,22,306
deepseek-r1_prompt0_ethical190_4,1,human,agent,0.50,19,298
deepseek-r1_prompt0_ethical190_5,1,human,agent,0.35,20,298
deepseek-r1_prompt1_ethical190_1,1,human,agent,0.55,34,233
deepseek-r1_prompt1_ethical190_2,1,human,agent,0.43,19,297
deepseek-r1_prompt1_ethical190_3,1,human,agent,0.72,22,319
deepseek-r1_prompt1_ethical190_4,1,human,agent,0.53,19,291
deepseek-r1_prompt1_ethical190_5,1,human,agent,0.37,20,304
deepseek-r1_prompt2_ethical190_1,1,human,agent,0.62,34,270
deepseek-r1_prompt2_ethical190_2,1,human,agent,0.51,19,284
deepseek-r1_prompt2_ethical190_3,1,human,agent,0.72,22,368
deepseek-r1_prompt2_ethical190_4,1,human,agent,0.59,19,366
deepseek-r1_prompt2_ethical190_5,1,human,agent,0.48,20,352
deepseek-r1_prompt3_ethical190_1,1,human,agent,0.55,34,320
deepseek-r1_prompt3_ethical190_2,1,human,agent,0.34,19,331
deepseek-r1_prompt3_ethical190_3,1,human,agent,0.52,22,309
deepseek-r1_prompt3_ethical190_4,1,human,agent,0.50,19,303
deepseek-r1_prompt3_ethical190_5,1,human,agent,0.35,20,301
deepseek-r1_prompt4_ethical190_1,1,human,agent,0.64,34,257
deepseek-r1_prompt4_ethical190_2,1,human,agent,0.42,19,311
deepseek-r1_prompt4_ethical190_3,1,human,agent,0.71,22,323
deepseek-r1_prompt4_ethical190_4,1,human,agent,0.58,19,339
deepseek-r1_prompt4_ethical190_5,1,human,agent,0.50,20,352
deepseek-r1_prompt0_ethical191_1,1,human,agent,0.41,28,280
deepseek-r1_prompt0_ethical191_2,1,human,agent,0.46,22,315
deepseek-r1_prompt0_ethical191_3,1,human,agent,0.45,24,315
deepseek-r1_prompt0_ethical191_4,1,human,agent,0.48,18,297
deepseek-r1_prompt0_ethical191_5,1,human,agent,0.37,22,322
deepseek-r1_prompt1_ethical191_1,1,human,agent,0.39,28,259
deepseek-r1_prompt1_ethical191_2,1,human,agent,0.45,22,269
deepseek-r1_prompt1_ethical191_3,1,human,agent,0.49,24,300
deepseek-r1_prompt1_ethical191_4,1,human,agent,0.47,18,345
deepseek-r1_prompt1_ethical191_5,1,human,agent,0.35,22,319
deepseek-r1_prompt2_ethical191_1,1,human,agent,0.48,28,258
deepseek-r1_prompt2_ethical191_2,1,human,agent,0.52,22,297
deepseek-r1_prompt2_ethical191_3,1,human,agent,0.55,24,315
deepseek-r1_prompt2_ethical191_4,1,human,agent,0.55,18,322
deepseek-r1_prompt2_ethical191_5,1,human,agent,0.39,22,353
deepseek-r1_prompt3_ethical191_1,1,human,agent,0.37,28,241
deepseek-r1_prompt3_ethical191_2,1,human,agent,0.41,22,334
deepseek-r1_prompt3_ethical191_3,1,human,agent,0.46,24,330
deepseek-r1_prompt3_ethical191_4,1,human,agent,0.48,18,344
deepseek-r1_prompt3_ethical191_5,1,human,agent,0.41,22,320
deepseek-r1_prompt4_ethical191_1,1,human,agent,0.52,28,287
deepseek-r1_prompt4_ethical191_2,1,human,agent,0.54,22,312
deepseek-r1_prompt4_ethical191_3,1,human,agent,0.52,24,342
deepseek-r1_prompt4_ethical191_4,1,human,agent,0.51,18,304
deepseek-r1_prompt4_ethical191_5,1,human,agent,0.41,22,313
deepseek-r1_prompt0_ethical192_1,1,human,agent,0.50,28,298
deepseek-r1_prompt0_ethical192_2,1,human,agent,0.65,19,337
deepseek-r1_prompt0_ethical192_3,1,human,agent,0.30,15,311
deepseek-r1_prompt0_ethical192_4,1,human,agent,0.57,15,305
deepseek-r1_prompt0_ethical192_5,1,human,agent,0.32,18,292
deepseek-r1_prompt1_ethical192_1,1,human,agent,0.61,28,289
deepseek-r1_prompt1_ethical192_2,1,human,agent,0.67,19,319
deepseek-r1_prompt1_ethical192_3,1,human,agent,0.27,15,317
deepseek-r1_prompt1_ethical192_4,1,human,agent,0.53,15,319
deepseek-r1_prompt1_ethical192_5,1,human,agent,0.34,18,307
deepseek-r1_prompt2_ethical192_1,1,human,agent,0.48,28,267
deepseek-r1_prompt2_ethical192_2,1,human,agent,0.74,19,310
deepseek-r1_prompt2_ethical192_3,1,human,agent,0.38,15,317
deepseek-r1_prompt2_ethical192_4,1,human,agent,0.62,15,343
deepseek-r1_prompt2_ethical192_5,1,human,agent,0.35,18,345
deepseek-r1_prompt3_ethical192_1,1,human,agent,0.50,28,264
deepseek-r1_prompt3_ethical192_2,1,human,agent,0.66,19,368
deepseek-r1_prompt3_ethical192_3,1,human,agent,0.30,15,307
deepseek-r1_prompt3_ethical192_4,1,human,agent,0.54,15,290
deepseek-r1_prompt3_ethical192_5,1,human,agent,0.30,18,288
deepseek-r1_prompt4_ethical192_1,1,human,agent,0.67,28,275
deepseek-r1_prompt4_ethical192_2,1,human,agent,0.71,19,287
deepseek-r1_prompt4_ethical192_3,1,human,agent,0.37,15,344
deepseek-r1_prompt4_ethical192_4,1,human,agent,0.56,15,360
deepseek-r1_prompt4_ethical192_5,1,human,agent,0.34,18,345
deepseek-r1_prompt0_ethical193_1,1,human,agent,0.61,23,260
deepseek-r1_prompt0_ethical193_2,1,human,agent,0.29,20,362
deepseek-r1_prompt0_ethical193_3,1,human,agent,0.52,16,330
deepseek-r1_prompt0_ethical193_4,1,human,agent,0.57,20,309
deepseek-r1_prompt0_ethical193_5,1,human,agent,0.31,15,314
deepseek-r1_prompt1_ethical193_1,1,human,agent,0.55,23,278
deepseek-r1_prompt1_ethical193_2,1,human,agent,0.30,20,349
deepseek-r1_prompt1_ethical193_3,1,human,agent,0.55,16,331
deepseek-r1_prompt1_ethical193_4,1,human,agent,0.61,20,304
deepseek-r1_prompt1_ethical193_5,1,human,agent,0.28,15,305
deepseek-r1_prompt2_ethical193_1,1,human,agent,0.72,23,264
deepseek-r1_prompt2_ethical193_2,1,human,agent,0.51,20,283
deepseek-r1_prompt2_ethical193_3,1,human,agent,0.63,16,298
deepseek-r1_prompt2_ethical193_4,1,human,agent,0.66,20,342
deepseek-r1_prompt2_ethical193_5,1,human,agent,0.37,15,346
deepseek-r1_prompt3_ethical193_1,1,human,agent,0.58,23,270
deepseek-r1_prompt3_ethical193_2,1,human,agent,0.32,20,328
deepseek-r1_prompt3_ethical193_3,1,human,agent,0.52,16,346
deepseek-r1_prompt3_ethical193_4,1,human,agent,0.55,20,306
deepseek-r1_prompt3_ethical193_5,1,human,agent,0.27,15,299
deepseek-r1_prompt4_ethical193_1,1,human,agent,0.61,23,280
deepseek-r1_prompt4_ethical193_2,1,human,agent,0.40,20,301
deepseek-r1_prompt4_ethical193_3,1,human,agent,0.64,16,313
deepseek-r1_prompt4_ethical193_4,1,human,agent,0.64,20,324
deepseek-r1_prompt4_ethical193_5,1,human,agent,0.32,15,318
deepseek-r1_prompt0_ethical194_1,1,human,agent,0.54,25,309
deepseek-r1_prompt0_ethical194_2,1,human,agent,0.40,18,331
deepseek-r1_prompt0_ethical194_3,1,human,agent,0.41,14,327
deepseek-r1_prompt0_ethical194_4,1,human,agent,0.57,18,303
deepseek-r1_prompt0_ethical194_5,1,human,agent,0.37,18,331
deepseek-r1_prompt1_ethical194_1,1,human,agent,0.49,25,252
deepseek-r1_prompt1_ethical194_2,1,human,agent,0.48,18,322
deepseek-r1_prompt1_ethical194_3,1,human,agent,0.28,14,345
deepseek-r1_prompt1_ethical194_4,1,human,agent,0.69,18,321
deepseek-r1_prompt1_ethical194_5,1,human,agent,0.39,18,308
deepseek-r1_prompt2_ethical194_1,1,human,agent,0.67,25,277
deepseek-r1_prompt2_ethical194_2,1,human,agent,0.54,18,255
deepseek-r1_prompt2_ethical194_3,1,human,agent,0.34,14,311
deepseek-r1_prompt2_ethical194_4,1,human,agent,0.72,18,335
deepseek-r1_prompt2_ethical194_5,1,human,agent,0.42,18,368
deepseek-r1_prompt3_ethical194_1,1,human,agent,0.50,25,246
deepseek-r1_prompt3_ethical194_2,1,human,agent,0.50,18,319
deepseek-r1_prompt3_ethical194_3,1,human,agent,0.32,14,340
deepseek-r1_prompt3_ethical194_4,1,human,agent,0.62,18,299
deepseek-r1_prompt3_ethical194_5,1,human,agent,0.40,18,281
deepseek-r1_prompt4_ethical194_1,1,human,agent,0.55,25,267
deepseek-r1_prompt4_ethical194_2,1,human,agent,0.61,18,317
deepseek-r1_prompt4_ethical194_3,1,human,agent,0.36,14,320
deepseek-r1_prompt4_ethical194_4,1,human,agent,0.77,18,374
deepseek-r1_prompt4_ethical194_5,1,human,agent,0.49,18,354
deepseek-r1_prompt0_ethical195_1,1,human,agent,0.41,29,286
deepseek-r1_prompt0_ethical195_2,1,human,agent,0.44,22,372
deepseek-r1_prompt0_ethical195_3,1,human,agent,0.58,17,329
deepseek-r1_prompt0_ethical195_4,1,human,agent,0.48,19,320
deepseek-r1_prompt0_ethical195_5,1,human,agent,0.42,14,301
deepseek-r1_prompt1_ethical195_1,1,human,agent,0.44,29,277
deepseek-r1_prompt1_ethical195_2,1,human,agent,0.40,22,333
deepseek-r1_prompt1_ethical195_3,1,human,agent,0.56,17,318
deepseek-r1_prompt1_ethical195_4,1,human,agent,0.43,19,325
deepseek-r1_prompt1_ethical195_5,1,human,agent,0.43,14,317
deepseek-r1_prompt2_ethical195_1,1,human,agent,0.44,29,256
deepseek-r1_prompt2_ethical195_2,1,human,agent,0.51,22,278
deepseek-r1_prompt2_ethical195_3,1,human,agent,0.64,17,346
deepseek-r1_prompt2_ethical195_4,1,human,agent,0.56,19,324
deepseek-r1_prompt2_ethical195_5,1,human,agent,0.50,14,358
deepseek-r1_prompt3_ethical195_1,1,human,agent,0.39,29,254
deepseek-r1_prompt3_ethical195_2,1,human,agent,0.43,22,295
deepseek-r1_prompt3_ethical195_3,1,human,agent,0.56,17,324
deepseek-r1_prompt3_ethical195_4,1,human,agent,0.47,19,320
deepseek-r1_prompt3_ethical195_5,1,human,agent,0.42,14,324
deepseek-r1_prompt4_ethical195_1,1,human,agent,0.52,29,254
deepseek-r1_prompt4_ethical195_2,1,human,agent,0.50,22,298
deepseek-r1_prompt4_ethical195_3,1,human,agent,0.62,17,345
deepseek-r1_prompt4_ethical195_4,1,human,agent,0.55,19,338
deepseek-r1_prompt4_ethical195_5,1,human,agent,0.42,14,359
deepseek-r1_prompt0_ethical196_1,1,human,agent,0.47,31,291
deepseek-r1_prompt0_ethical196_2,1,human,agent,0.63,19,319
deepseek-r1_prompt0_ethical196_3,1,human,agent,0.15,17,307
deepseek-r1_prompt0_ethical196_4,1,human,agent,0.23,25,292
deepseek-r1_prompt0_ethical196_5,1,human,agent,0.31,15,305
deepseek-r1_prompt1_ethical196_1,1,human,agent,0.42,31,310
deepseek-r1_prompt1_ethical196_2,1,human,agent,0.50,19,318
deepseek-r1_prompt1_ethical196_3,1,human,agent,0.08,17,307
deepseek-r1_prompt1_ethical196_4,1,human,agent,0.28,25,305
deepseek-r1_prompt1_ethical196_5,1,human,agent,0.31,15,326
deepseek-r1_prompt2_ethical196_1,1,human,agent,0.52,31,249
deepseek-r1_prompt2_ethical196_2,1,human,agent,0.60,19,303
deepseek-r1_prompt2_ethical196_3,1,human,agent,0.27,17,291
deepseek-r1_prompt2_ethical196_4,1,human,agent,0.48,25,270
deepseek-r1_prompt2_ethical196_5,1,human,agent,0.33,15,281
deepseek-r1_prompt3_ethical196_1,1,human,agent,0.51,31,311
deepseek-r1_prompt3_ethical196_2,1,human,agent,0.51,19,325
deepseek-r1_prompt3_ethical196_3,1,human,agent,0.15,17,326
deepseek-r1_prompt3_ethical196_4,1,human,agent,0.30,25,298
deepseek-r1_prompt3_ethical196_5,1,human,agent,0.34,15,295
deepseek-r1_prompt4_ethical196_1,1,human,agent,0.59,31,267
deepseek-r1_prompt4_ethical196_2,1,human,agent,0.54,19,294
deepseek-r1_prompt4_ethical196_3,1,human,agent,0.26,17,279
deepseek-r1_prompt4_ethical196_4,1,human,agent,0.40,25,295
deepseek-r1_prompt4_ethical196_5,1,human,agent,0.35,15,327
deepseek-r1_prompt0_ethical197_1,1,human,agent,0.71,24,263
deepseek-r1_prompt0_ethical197_2,1,human,agent,0.45,21,338
deepseek-r1_prompt0_ethical197_3,1,human,agent,0.75,17,318
deepseek-r1_prompt0_ethical197_4,1,human,agent,0.51,17,298
deepseek-r1_prompt0_ethical197_5,1,human,agent,0.34,19,260
deepseek-r1_prompt1_ethical197_1,1,human,agent,0.53,24,258
deepseek-r1_prompt1_ethical197_2,1,human,agent,0.38,21,288
deepseek-r1_prompt1_ethical197_3,1,human,agent,0.78,17,322
deepseek-r1_prompt1_ethical197_4,1,human,agent,0.57,17,294
deepseek-r1_prompt1_ethical197_5,1,human,agent,0.33,19,281
deepseek-r1_prompt2_ethical197_1,1,human,agent,0.61,24,311
deepseek-r1_prompt2_ethical197_2,1,human,agent,0.48,21,322
deepseek-r1_prompt2_ethical197_3,1,human,agent,0.75,17,377
deepseek-r1_prompt2_ethical197_4,1,human,agent,0.47,17,285
deepseek-r1_prompt2_ethical197_5,1,human,agent,0.34,19,303
deepseek-r1_prompt3_ethical197_1,1,human,agent,0.57,24,233
deepseek-r1_prompt3_ethical197_2,1,human,agent,0.42,21,327
deepseek-r1_prompt3_ethical197_3,1,human,agent,0.70,17,302
deepseek-r1_prompt3_ethical197_4,1,human,agent,0.47,17,310
deepseek-r1_prompt3_ethical197_5,1,human,agent,0.37,19,296
deepseek-r1_prompt4_ethical197_1,1,human,agent,0.64,24,281
deepseek-r1_prompt4_ethical197_2,1,human,agent,0.50,21,330
deepseek-r1_prompt4_ethical197_3,1,human,agent,0.81,17,335
deepseek-r1_prompt4_ethical197_4,1,human,agent,0.56,17,343
deepseek-r1_prompt4_ethical197_5,1,human,agent,0.38,19,355
deepseek-r1_prompt0_ethical198_1,1,human,agent,0.58,32,307
deepseek-r1_prompt0_ethical198_2,1,human,agent,0.59,21,313
deepseek-r1_prompt0_ethical198_3,1,human,agent,0.38,16,284
deepseek-r1_prompt0_ethical198_4,1,human,agent,0.37,16,319
deepseek-r1_prompt0_ethical198_5,1,human,agent,0.24,15,297
deepseek-r1_prompt1_ethical198_1,1,human,agent,0.61,32,303
deepseek-r1_prompt1_ethical198_2,1,human,agent,0.57,21,285
deepseek-r1_prompt1_ethical198_3,1,human,agent,0.40,16,299
deepseek-r1_prompt1_ethical198_4,1,human,agent,0.39,16,298
deepseek-r1_prompt1_ethical198_5,1,human,agent,0.30,15,281
deepseek-r1_prompt2_ethical198_1,1,human,agent,0.69,32,243
deepseek-r1_prompt2_ethical198_2,1,human,agent,0.71,21,310
deepseek-r1_prompt2_ethical198_3,1,human,agent,0.49,16,296
deepseek-r1_prompt2_ethical198_4,1,human,agent,0.54,16,301
deepseek-r1_prompt2_ethical198_5,1,human,agent,0.37,15,334
deepseek-r1_prompt3_ethical198_1,1,human,agent,0.58,32,266
deepseek-r1_prompt3_ethical198_2,1,human,agent,0.55,21,311
deepseek-r1_prompt3_ethical198_3,1,human,agent,0.38,16,337
deepseek-r1_prompt3_ethical198_4,1,human,agent,0.43,16,330
deepseek-r1_prompt3_ethical198_5,1,human,agent,0.26,15,312
deepseek-r1_prompt4_ethical198_1,1,human,agent,0.65,32,266
deepseek-r1_prompt4_ethical198_2,1,human,agent,0.63,21,314
deepseek-r1_prompt4_ethical198_3,1,human,agent,0.48,16,338
deepseek-r1_prompt4_ethical198_4,1,human,agent,0.51,16,347
deepseek-r1_prompt4_ethical198_5,1,human,agent,0.37,15,345
deepseek-r1_prompt0_ethical199_1,1,human,agent,0.50,25,302
deepseek-r1_prompt0_ethical199_2,1,human,agent,0.62,20,364
deepseek-r1_prompt0_ethical199_3,1,human,agent,0.36,16,309
deepseek-r1_prompt0_ethical199_4,1,human,agent,0.44,15,295
deepseek-r1_prompt0_ethical199_5,1,human,agent,0.42,25,303
deepseek-r1_prompt1_ethical199_1,1,human,agent,0.49,25,270
deepseek-r1_prompt1_ethical199_2,1,human,agent,0.61,20,318
deepseek-r1_prompt1_ethical199_3,1,human,agent,0.33,16,330
deepseek-r1_prompt1_ethical199_4,1,human,agent,0.52,15,279
deepseek-r1_prompt1_ethical199_5,1,human,agent,0.41,25,309
deepseek-r1_prompt2_ethical199_1,1,human,agent,0.58,25,254
deepseek-r1_prompt2_ethical199_2,1,human,agent,0.72,20,298
deepseek-r1_prompt2_ethical199_3,1,human,agent,0.41,16,310
deepseek-r1_prompt2_ethical199_4,1,human,agent,0.60,15,357
deepseek-r1_prompt2_ethical199_5,1,human,agent,0.56,25,347
deepseek-r1_prompt3_ethical199_1,1,human,agent,0.50,25,255
deepseek-r1_prompt3_ethical199_2,1,human,agent,0.57,20,342
deepseek-r1_prompt3_ethical199_3,1,human,agent,0.33,16,386
deepseek-r1_prompt3_ethical199_4,1,human,agent,0.45,15,363
deepseek-r1_prompt3_ethical199_5,1,human,agent,0.43,25,323
deepseek-r1_prompt4_ethical199_1,1,human,agent,0.63,25,283
deepseek-r1_prompt4_ethical199_2,1,human,agent,0.65,20,307
deepseek-r1_prompt4_ethical199_3,1,human,agent,0.39,16,326
deepseek-r1_prompt4_ethical199_4,1,human,agent,0.53,15,345
deepseek-r1_prompt4_ethical199_5,1,human,agent,0.60,25,385
deepseek-r1_prompt0_ethical2_1,1,human,agent,0.53,32,306
deepseek-r1_prompt0_ethical2_2,1,human,agent,0.57,21,347
deepseek-r1_prompt0_ethical2_3,1,human,agent,0.23,12,332
deepseek-r1_prompt0_ethical2_4,1,human,agent,0.56,20,329
deepseek-r1_prompt0_ethical2_5,1,human,agent,0.27,14,285
deepseek-r1_prompt1_ethical2_1,1,human,agent,0.64,32,252
deepseek-r1_prompt1_ethical2_2,1,human,agent,0.59,21,272
deepseek-r1_prompt1_ethical2_3,1,human,agent,0.27,12,341
deepseek-r1_prompt1_ethical2_4,1,human,agent,0.61,20,329
deepseek-r1_prompt1_ethical2_5,1,human,agent,0.33,14,295
deepseek-r1_prompt2_ethical2_1,1,human,agent,0.65,32,259
deepseek-r1_prompt2_ethical2_2,1,human,agent,0.70,21,243
deepseek-r1_prompt2_ethical2_3,1,human,agent,0.34,12,277
deepseek-r1_prompt2_ethical2_4,1,human,agent,0.57,20,294
deepseek-r1_prompt2_ethical2_5,1,human,agent,0.35,14,291
deepseek-r1_prompt3_ethical2_1,1,human,agent,0.56,32,245
deepseek-r1_prompt3_ethical2_2,1,human,agent,0.61,21,311
deepseek-r1_prompt3_ethical2_3,1,human,agent,0.24,12,303
deepseek-r1_prompt3_ethical2_4,1,human,agent,0.58,20,319
deepseek-r1_prompt3_ethical2_5,1,human,agent,0.33,14,314
deepseek-r1_prompt4_ethical2_1,1,human,agent,0.63,32,276
deepseek-r1_prompt4_ethical2_2,1,human,agent,0.69,21,291
deepseek-r1_prompt4_ethical2_3,1,human,agent,0.25,12,301
deepseek-r1_prompt4_ethical2_4,1,human,agent,0.68,20,371
deepseek-r1_prompt4_ethical2_5,1,human,agent,0.34,14,350
deepseek-r1_prompt0_ethical20_1,1,human,agent,0.53,19,291
deepseek-r1_prompt0_ethical20_2,1,human,agent,0.56,18,304
deepseek-r1_prompt0_ethical20_3,1,human,agent,0.23,13,322
deepseek-r1_prompt0_ethical20_4,1,human,agent,0.50,16,285
deepseek-r1_prompt0_ethical20_5,1,human,agent,0.34,16,298
deepseek-r1_prompt1_ethical20_1,1,human,agent,0.35,19,283
deepseek-r1_prompt1_ethical20_2,1,human,agent,0.54,18,343
deepseek-r1_prompt1_ethical20_3,1,human,agent,0.33,13,314
deepseek-r1_prompt1_ethical20_4,1,human,agent,0.56,16,321
deepseek-r1_prompt1_ethical20_5,1,human,agent,0.30,16,309
deepseek-r1_prompt2_ethical20_1,1,human,agent,0.62,19,254
deepseek-r1_prompt2_ethical20_2,1,human,agent,0.81,18,292
deepseek-r1_prompt2_ethical20_3,1,human,agent,0.36,13,298
deepseek-r1_prompt2_ethical20_4,1,human,agent,0.63,16,318
deepseek-r1_prompt2_ethical20_5,1,human,agent,0.40,16,327
deepseek-r1_prompt3_ethical20_1,1,human,agent,0.47,19,300
deepseek-r1_prompt3_ethical20_2,1,human,agent,0.77,18,351
deepseek-r1_prompt3_ethical20_3,1,human,agent,0.26,13,349
deepseek-r1_prompt3_ethical20_4,1,human,agent,0.54,16,323
deepseek-r1_prompt3_ethical20_5,1,human,agent,0.32,16,298
deepseek-r1_prompt4_ethical20_1,1,human,agent,0.50,19,303
deepseek-r1_prompt4_ethical20_2,1,human,agent,0.78,18,292
deepseek-r1_prompt4_ethical20_3,1,human,agent,0.31,13,331
deepseek-r1_prompt4_ethical20_4,1,human,agent,0.65,16,340
deepseek-r1_prompt4_ethical20_5,1,human,agent,0.39,16,334
deepseek-r1_prompt0_ethical200_1,1,human,agent,0.40,28,335
deepseek-r1_prompt0_ethical200_2,1,human,agent,0.52,28,311
deepseek-r1_prompt0_ethical200_3,1,human,agent,0.37,21,325
deepseek-r1_prompt0_ethical200_4,1,human,agent,0.35,18,304
deepseek-r1_prompt0_ethical200_5,1,human,agent,0.38,20,323
deepseek-r1_prompt1_ethical200_1,1,human,agent,0.44,28,334
deepseek-r1_prompt1_ethical200_2,1,human,agent,0.51,28,314
deepseek-r1_prompt1_ethical200_3,1,human,agent,0.39,21,328
deepseek-r1_prompt1_ethical200_4,1,human,agent,0.37,18,313
deepseek-r1_prompt1_ethical200_5,1,human,agent,0.35,20,306
deepseek-r1_prompt2_ethical200_1,1,human,agent,0.55,28,254
deepseek-r1_prompt2_ethical200_2,1,human,agent,0.50,28,292
deepseek-r1_prompt2_ethical200_3,1,human,agent,0.47,21,347
deepseek-r1_prompt2_ethical200_4,1,human,agent,0.44,18,352
deepseek-r1_prompt2_ethical200_5,1,human,agent,0.42,20,336
deepseek-r1_prompt3_ethical200_1,1,human,agent,0.39,28,285
deepseek-r1_prompt3_ethical200_2,1,human,agent,0.44,28,304
deepseek-r1_prompt3_ethical200_3,1,human,agent,0.32,21,330
deepseek-r1_prompt3_ethical200_4,1,human,agent,0.32,18,323
deepseek-r1_prompt3_ethical200_5,1,human,agent,0.31,20,309
deepseek-r1_prompt4_ethical200_1,1,human,agent,0.48,28,287
deepseek-r1_prompt4_ethical200_2,1,human,agent,0.57,28,348
deepseek-r1_prompt4_ethical200_3,1,human,agent,0.49,21,361
deepseek-r1_prompt4_ethical200_4,1,human,agent,0.42,18,364
deepseek-r1_prompt4_ethical200_5,1,human,agent,0.43,20,355
deepseek-r1_prompt0_ethical21_1,1,human,agent,0.41,21,267
deepseek-r1_prompt0_ethical21_2,1,human,agent,0.55,25,357
deepseek-r1_prompt0_ethical21_3,1,human,agent,0.47,14,330
deepseek-r1_prompt0_ethical21_4,1,human,agent,0.47,18,317
deepseek-r1_prompt0_ethical21_5,1,human,agent,0.23,16,292
deepseek-r1_prompt1_ethical21_1,1,human,agent,0.39,21,282
deepseek-r1_prompt1_ethical21_2,1,human,agent,0.66,25,340
deepseek-r1_prompt1_ethical21_3,1,human,agent,0.41,14,329
deepseek-r1_prompt1_ethical21_4,1,human,agent,0.52,18,316
deepseek-r1_prompt1_ethical21_5,1,human,agent,0.27,16,298
deepseek-r1_prompt2_ethical21_1,1,human,agent,0.55,21,276
deepseek-r1_prompt2_ethical21_2,1,human,agent,0.70,25,319
deepseek-r1_prompt2_ethical21_3,1,human,agent,0.47,14,359
deepseek-r1_prompt2_ethical21_4,1,human,agent,0.56,18,346
deepseek-r1_prompt2_ethical21_5,1,human,agent,0.30,16,335
deepseek-r1_prompt3_ethical21_1,1,human,agent,0.45,21,277
deepseek-r1_prompt3_ethical21_2,1,human,agent,0.66,25,354
deepseek-r1_prompt3_ethical21_3,1,human,agent,0.44,14,322
deepseek-r1_prompt3_ethical21_4,1,human,agent,0.52,18,314
deepseek-r1_prompt3_ethical21_5,1,human,agent,0.31,16,319
deepseek-r1_prompt4_ethical21_1,1,human,agent,0.57,21,271
deepseek-r1_prompt4_ethical21_2,1,human,agent,0.67,25,343
deepseek-r1_prompt4_ethical21_3,1,human,agent,0.49,14,378
deepseek-r1_prompt4_ethical21_4,1,human,agent,0.54,18,351
deepseek-r1_prompt4_ethical21_5,1,human,agent,0.32,16,307
deepseek-r1_prompt0_ethical22_1,1,human,agent,0.55,29,297
deepseek-r1_prompt0_ethical22_2,1,human,agent,0.41,18,316
deepseek-r1_prompt0_ethical22_3,1,human,agent,0.65,17,314
deepseek-r1_prompt0_ethical22_4,1,human,agent,0.52,21,294
deepseek-r1_prompt0_ethical22_5,1,human,agent,0.45,16,311
deepseek-r1_prompt1_ethical22_1,1,human,agent,0.54,29,311
deepseek-r1_prompt1_ethical22_2,1,human,agent,0.42,18,365
deepseek-r1_prompt1_ethical22_3,1,human,agent,0.58,17,323
deepseek-r1_prompt1_ethical22_4,1,human,agent,0.62,21,297
deepseek-r1_prompt1_ethical22_5,1,human,agent,0.41,16,300
deepseek-r1_prompt2_ethical22_1,1,human,agent,0.63,29,257
deepseek-r1_prompt2_ethical22_2,1,human,agent,0.51,18,286
deepseek-r1_prompt2_ethical22_3,1,human,agent,0.74,17,299
deepseek-r1_prompt2_ethical22_4,1,human,agent,0.63,21,331
deepseek-r1_prompt2_ethical22_5,1,human,agent,0.48,16,354
deepseek-r1_prompt3_ethical22_1,1,human,agent,0.52,29,254
deepseek-r1_prompt3_ethical22_2,1,human,agent,0.43,18,325
deepseek-r1_prompt3_ethical22_3,1,human,agent,0.63,17,345
deepseek-r1_prompt3_ethical22_4,1,human,agent,0.59,21,335
deepseek-r1_prompt3_ethical22_5,1,human,agent,0.43,16,305
deepseek-r1_prompt4_ethical22_1,1,human,agent,0.58,29,275
deepseek-r1_prompt4_ethical22_2,1,human,agent,0.48,18,317
deepseek-r1_prompt4_ethical22_3,1,human,agent,0.66,17,311
deepseek-r1_prompt4_ethical22_4,1,human,agent,0.61,21,311
deepseek-r1_prompt4_ethical22_5,1,human,agent,0.41,16,330
deepseek-r1_prompt0_ethical23_1,1,human,agent,0.38,29,298
deepseek-r1_prompt0_ethical23_2,1,human,agent,0.44,22,324
deepseek-r1_prompt0_ethical23_3,1,human,agent,0.41,16,306
deepseek-r1_prompt0_ethical23_4,1,human,agent,0.56,17,286
deepseek-r1_prompt0_ethical23_5,1,human,agent,0.40,24,279
deepseek-r1_prompt1_ethical23_1,1,human,agent,0.44,29,297
deepseek-r1_prompt1_ethical23_2,1,human,agent,0.55,22,340
deepseek-r1_prompt1_ethical23_3,1,human,agent,0.43,16,328
deepseek-r1_prompt1_ethical23_4,1,human,agent,0.59,17,323
deepseek-r1_prompt1_ethical23_5,1,human,agent,0.53,24,310
deepseek-r1_prompt2_ethical23_1,1,human,agent,0.54,29,280
deepseek-r1_prompt2_ethical23_2,1,human,agent,0.56,22,285
deepseek-r1_prompt2_ethical23_3,1,human,agent,0.48,16,289
deepseek-r1_prompt2_ethical23_4,1,human,agent,0.69,17,334
deepseek-r1_prompt2_ethical23_5,1,human,agent,0.42,24,309
deepseek-r1_prompt3_ethical23_1,1,human,agent,0.57,29,236
deepseek-r1_prompt3_ethical23_2,1,human,agent,0.49,22,359
deepseek-r1_prompt3_ethical23_3,1,human,agent,0.45,16,323
deepseek-r1_prompt3_ethical23_4,1,human,agent,0.61,17,322
deepseek-r1_prompt3_ethical23_5,1,human,agent,0.36,24,293
deepseek-r1_prompt4_ethical23_1,1,human,agent,0.54,29,291
deepseek-r1_prompt4_ethical23_2,1,human,agent,0.64,22,302
deepseek-r1_prompt4_ethical23_3,1,human,agent,0.51,16,290
deepseek-r1_prompt4_ethical23_4,1,human,agent,0.68,17,343
deepseek-r1_prompt4_ethical23_5,1,human,agent,0.45,24,357
deepseek-r1_prompt0_ethical24_1,1,human,agent,0.49,33,302
deepseek-r1_prompt0_ethical24_2,1,human,agent,0.51,22,292
deepseek-r1_prompt0_ethical24_3,1,human,agent,0.54,20,305
deepseek-r1_prompt0_ethical24_4,1,human,agent,0.52,17,301
deepseek-r1_prompt0_ethical24_5,1,human,agent,0.24,17,267
deepseek-r1_prompt1_ethical24_1,1,human,agent,0.57,33,259
deepseek-r1_prompt1_ethical24_2,1,human,agent,0.58,22,353
deepseek-r1_prompt1_ethical24_3,1,human,agent,0.59,20,287
deepseek-r1_prompt1_ethical24_4,1,human,agent,0.55,17,285
deepseek-r1_prompt1_ethical24_5,1,human,agent,0.30,17,282
deepseek-r1_prompt2_ethical24_1,1,human,agent,0.75,33,261
deepseek-r1_prompt2_ethical24_2,1,human,agent,0.70,22,316
deepseek-r1_prompt2_ethical24_3,1,human,agent,0.80,20,319
deepseek-r1_prompt2_ethical24_4,1,human,agent,0.75,17,334
deepseek-r1_prompt2_ethical24_5,1,human,agent,0.39,17,316
deepseek-r1_prompt3_ethical24_1,1,human,agent,0.65,33,306
deepseek-r1_prompt3_ethical24_2,1,human,agent,0.58,22,327
deepseek-r1_prompt3_ethical24_3,1,human,agent,0.63,20,299
deepseek-r1_prompt3_ethical24_4,1,human,agent,0.47,17,305
deepseek-r1_prompt3_ethical24_5,1,human,agent,0.35,17,318
deepseek-r1_prompt4_ethical24_1,1,human,agent,0.72,33,286
deepseek-r1_prompt4_ethical24_2,1,human,agent,0.66,22,299
deepseek-r1_prompt4_ethical24_3,1,human,agent,0.72,20,309
deepseek-r1_prompt4_ethical24_4,1,human,agent,0.68,17,377
deepseek-r1_prompt4_ethical24_5,1,human,agent,0.35,17,354
deepseek-r1_prompt0_ethical25_1,1,human,agent,0.50,21,275
deepseek-r1_prompt0_ethical25_2,1,human,agent,0.31,20,331
deepseek-r1_prompt0_ethical25_3,1,human,agent,0.37,16,331
deepseek-r1_prompt0_ethical25_4,1,human,agent,0.44,17,309
deepseek-r1_prompt0_ethical25_5,1,human,agent,0.52,18,313
deepseek-r1_prompt1_ethical25_1,1,human,agent,0.61,21,250
deepseek-r1_prompt1_ethical25_2,1,human,agent,0.35,20,320
deepseek-r1_prompt1_ethical25_3,1,human,agent,0.39,16,330
deepseek-r1_prompt1_ethical25_4,1,human,agent,0.42,17,328
deepseek-r1_prompt1_ethical25_5,1,human,agent,0.60,18,297
deepseek-r1_prompt2_ethical25_1,1,human,agent,0.53,21,251
deepseek-r1_prompt2_ethical25_2,1,human,agent,0.53,20,272
deepseek-r1_prompt2_ethical25_3,1,human,agent,0.52,16,296
deepseek-r1_prompt2_ethical25_4,1,human,agent,0.63,17,278
deepseek-r1_prompt2_ethical25_5,1,human,agent,0.52,18,286
deepseek-r1_prompt3_ethical25_1,1,human,agent,0.54,21,266
deepseek-r1_prompt3_ethical25_2,1,human,agent,0.46,20,305
deepseek-r1_prompt3_ethical25_3,1,human,agent,0.44,16,334
deepseek-r1_prompt3_ethical25_4,1,human,agent,0.52,17,374
deepseek-r1_prompt3_ethical25_5,1,human,agent,0.55,18,356
deepseek-r1_prompt4_ethical25_1,1,human,agent,0.55,21,273
deepseek-r1_prompt4_ethical25_2,1,human,agent,0.54,20,296
deepseek-r1_prompt4_ethical25_3,1,human,agent,0.48,16,329
deepseek-r1_prompt4_ethical25_4,1,human,agent,0.64,17,352
deepseek-r1_prompt4_ethical25_5,1,human,agent,0.57,18,353
deepseek-r1_prompt0_ethical26_1,1,human,agent,0.53,26,256
deepseek-r1_prompt0_ethical26_2,1,human,agent,0.49,19,325
deepseek-r1_prompt0_ethical26_3,1,human,agent,0.46,19,310
deepseek-r1_prompt0_ethical26_4,1,human,agent,0.40,15,304
deepseek-r1_prompt0_ethical26_5,1,human,agent,0.46,19,314
deepseek-r1_prompt1_ethical26_1,1,human,agent,0.48,26,261
deepseek-r1_prompt1_ethical26_2,1,human,agent,0.47,19,305
deepseek-r1_prompt1_ethical26_3,1,human,agent,0.55,19,311
deepseek-r1_prompt1_ethical26_4,1,human,agent,0.42,15,308
deepseek-r1_prompt1_ethical26_5,1,human,agent,0.42,19,311
deepseek-r1_prompt2_ethical26_1,1,human,agent,0.64,26,244
deepseek-r1_prompt2_ethical26_2,1,human,agent,0.54,19,288
deepseek-r1_prompt2_ethical26_3,1,human,agent,0.57,19,303
deepseek-r1_prompt2_ethical26_4,1,human,agent,0.48,15,327
deepseek-r1_prompt2_ethical26_5,1,human,agent,0.44,19,321
deepseek-r1_prompt3_ethical26_1,1,human,agent,0.55,26,250
deepseek-r1_prompt3_ethical26_2,1,human,agent,0.45,19,331
deepseek-r1_prompt3_ethical26_3,1,human,agent,0.54,19,322
deepseek-r1_prompt3_ethical26_4,1,human,agent,0.43,15,313
deepseek-r1_prompt3_ethical26_5,1,human,agent,0.44,19,316
deepseek-r1_prompt4_ethical26_1,1,human,agent,0.57,26,290
deepseek-r1_prompt4_ethical26_2,1,human,agent,0.51,19,286
deepseek-r1_prompt4_ethical26_3,1,human,agent,0.57,19,349
deepseek-r1_prompt4_ethical26_4,1,human,agent,0.42,15,363
deepseek-r1_prompt4_ethical26_5,1,human,agent,0.48,19,352
deepseek-r1_prompt0_ethical27_1,1,human,agent,0.44,26,276
deepseek-r1_prompt0_ethical27_2,1,human,agent,0.63,22,254
deepseek-r1_prompt0_ethical27_3,1,human,agent,0.54,19,302
deepseek-r1_prompt0_ethical27_4,1,human,agent,0.68,22,359
deepseek-r1_prompt0_ethical27_5,1,human,agent,0.31,22,365
deepseek-r1_prompt1_ethical27_1,1,human,agent,0.40,26,271
deepseek-r1_prompt1_ethical27_2,1,human,agent,0.56,22,281
deepseek-r1_prompt1_ethical27_3,1,human,agent,0.52,19,320
deepseek-r1_prompt1_ethical27_4,1,human,agent,0.63,22,360
deepseek-r1_prompt1_ethical27_5,1,human,agent,0.29,22,360
deepseek-r1_prompt2_ethical27_1,1,human,agent,0.49,26,256
deepseek-r1_prompt2_ethical27_2,1,human,agent,0.65,22,283
deepseek-r1_prompt2_ethical27_3,1,human,agent,0.57,19,286
deepseek-r1_prompt2_ethical27_4,1,human,agent,0.70,22,299
deepseek-r1_prompt2_ethical27_5,1,human,agent,0.38,22,361
deepseek-r1_prompt3_ethical27_1,1,human,agent,0.41,26,281
deepseek-r1_prompt3_ethical27_2,1,human,agent,0.56,22,347
deepseek-r1_prompt3_ethical27_3,1,human,agent,0.43,19,334
deepseek-r1_prompt3_ethical27_4,1,human,agent,0.64,22,332
deepseek-r1_prompt3_ethical27_5,1,human,agent,0.33,22,332
deepseek-r1_prompt4_ethical27_1,1,human,agent,0.46,26,262
deepseek-r1_prompt4_ethical27_2,1,human,agent,0.60,22,261
deepseek-r1_prompt4_ethical27_3,1,human,agent,0.56,19,323
deepseek-r1_prompt4_ethical27_4,1,human,agent,0.70,22,372
deepseek-r1_prompt4_ethical27_5,1,human,agent,0.36,22,360
deepseek-r1_prompt0_ethical28_1,1,human,agent,0.38,24,294
deepseek-r1_prompt0_ethical28_2,1,human,agent,0.64,22,347
deepseek-r1_prompt0_ethical28_3,1,human,agent,0.49,14,299
deepseek-r1_prompt0_ethical28_4,1,human,agent,0.54,21,326
deepseek-r1_prompt0_ethical28_5,1,human,agent,0.22,18,313
deepseek-r1_prompt1_ethical28_1,1,human,agent,0.34,24,242
deepseek-r1_prompt1_ethical28_2,1,human,agent,0.65,22,321
deepseek-r1_prompt1_ethical28_3,1,human,agent,0.37,14,333
deepseek-r1_prompt1_ethical28_4,1,human,agent,0.60,21,323
deepseek-r1_prompt1_ethical28_5,1,human,agent,0.25,18,318
deepseek-r1_prompt2_ethical28_1,1,human,agent,0.51,24,266
deepseek-r1_prompt2_ethical28_2,1,human,agent,0.71,22,310
deepseek-r1_prompt2_ethical28_3,1,human,agent,0.41,14,313
deepseek-r1_prompt2_ethical28_4,1,human,agent,0.66,21,321
deepseek-r1_prompt2_ethical28_5,1,human,agent,0.23,18,324
deepseek-r1_prompt3_ethical28_1,1,human,agent,0.42,24,288
deepseek-r1_prompt3_ethical28_2,1,human,agent,0.64,22,337
deepseek-r1_prompt3_ethical28_3,1,human,agent,0.35,14,351
deepseek-r1_prompt3_ethical28_4,1,human,agent,0.60,21,331
deepseek-r1_prompt3_ethical28_5,1,human,agent,0.22,18,330
deepseek-r1_prompt4_ethical28_1,1,human,agent,0.62,24,251
deepseek-r1_prompt4_ethical28_2,1,human,agent,0.74,22,308
deepseek-r1_prompt4_ethical28_3,1,human,agent,0.45,14,326
deepseek-r1_prompt4_ethical28_4,1,human,agent,0.65,21,364
deepseek-r1_prompt4_ethical28_5,1,human,agent,0.26,18,360
deepseek-r1_prompt0_ethical29_1,1,human,agent,0.58,26,255
deepseek-r1_prompt0_ethical29_2,1,human,agent,0.44,21,338
deepseek-r1_prompt0_ethical29_3,1,human,agent,0.44,16,315
deepseek-r1_prompt0_ethical29_4,1,human,agent,0.49,14,322
deepseek-r1_prompt0_ethical29_5,1,human,agent,0.36,17,297
deepseek-r1_prompt1_ethical29_1,1,human,agent,0.53,26,289
deepseek-r1_prompt1_ethical29_2,1,human,agent,0.44,21,324
deepseek-r1_prompt1_ethical29_3,1,human,agent,0.41,16,311
deepseek-r1_prompt1_ethical29_4,1,human,agent,0.49,14,301
deepseek-r1_prompt1_ethical29_5,1,human,agent,0.36,17,316
deepseek-r1_prompt2_ethical29_1,1,human,agent,0.61,26,276
deepseek-r1_prompt2_ethical29_2,1,human,agent,0.47,21,300
deepseek-r1_prompt2_ethical29_3,1,human,agent,0.47,16,341
deepseek-r1_prompt2_ethical29_4,1,human,agent,0.62,14,348
deepseek-r1_prompt2_ethical29_5,1,human,agent,0.37,17,378
deepseek-r1_prompt3_ethical29_1,1,human,agent,0.52,26,272
deepseek-r1_prompt3_ethical29_2,1,human,agent,0.41,21,269
deepseek-r1_prompt3_ethical29_3,1,human,agent,0.41,16,338
deepseek-r1_prompt3_ethical29_4,1,human,agent,0.47,14,330
deepseek-r1_prompt3_ethical29_5,1,human,agent,0.33,17,342
deepseek-r1_prompt4_ethical29_1,1,human,agent,0.59,26,258
deepseek-r1_prompt4_ethical29_2,1,human,agent,0.42,21,287
deepseek-r1_prompt4_ethical29_3,1,human,agent,0.54,16,314
deepseek-r1_prompt4_ethical29_4,1,human,agent,0.51,14,326
deepseek-r1_prompt4_ethical29_5,1,human,agent,0.33,17,315
deepseek-r1_prompt0_ethical3_1,1,human,agent,0.54,27,277
deepseek-r1_prompt0_ethical3_2,1,human,agent,0.65,23,330
deepseek-r1_prompt0_ethical3_3,1,human,agent,0.34,19,304
deepseek-r1_prompt0_ethical3_4,1,human,agent,0.37,16,304
deepseek-r1_prompt0_ethical3_5,1,human,agent,0.32,22,296
deepseek-r1_prompt1_ethical3_1,1,human,agent,0.56,27,246
deepseek-r1_prompt1_ethical3_2,1,human,agent,0.61,23,319
deepseek-r1_prompt1_ethical3_3,1,human,agent,0.33,19,316
deepseek-r1_prompt1_ethical3_4,1,human,agent,0.40,16,332
deepseek-r1_prompt1_ethical3_5,1,human,agent,0.35,22,310
deepseek-r1_prompt2_ethical3_1,1,human,agent,0.71,27,268
deepseek-r1_prompt2_ethical3_2,1,human,agent,0.77,23,297
deepseek-r1_prompt2_ethical3_3,1,human,agent,0.42,19,332
deepseek-r1_prompt2_ethical3_4,1,human,agent,0.44,16,313
deepseek-r1_prompt2_ethical3_5,1,human,agent,0.38,22,332
deepseek-r1_prompt3_ethical3_1,1,human,agent,0.61,27,273
deepseek-r1_prompt3_ethical3_2,1,human,agent,0.64,23,367
deepseek-r1_prompt3_ethical3_3,1,human,agent,0.34,19,305
deepseek-r1_prompt3_ethical3_4,1,human,agent,0.34,16,334
deepseek-r1_prompt3_ethical3_5,1,human,agent,0.35,22,325
deepseek-r1_prompt4_ethical3_1,1,human,agent,0.68,27,259
deepseek-r1_prompt4_ethical3_2,1,human,agent,0.74,23,304
deepseek-r1_prompt4_ethical3_3,1,human,agent,0.36,19,351
deepseek-r1_prompt4_ethical3_4,1,human,agent,0.46,16,329
deepseek-r1_prompt4_ethical3_5,1,human,agent,0.38,22,308
deepseek-r1_prompt0_ethical30_1,1,human,agent,0.30,27,272
deepseek-r1_prompt0_ethical30_2,1,human,agent,0.43,21,303
deepseek-r1_prompt0_ethical30_3,1,human,agent,0.28,17,287
deepseek-r1_prompt0_ethical30_4,1,human,agent,0.67,19,285
deepseek-r1_prompt0_ethical30_5,1,human,agent,0.36,15,317
deepseek-r1_prompt1_ethical30_1,1,human,agent,0.35,27,254
deepseek-r1_prompt1_ethical30_2,1,human,agent,0.44,21,330
deepseek-r1_prompt1_ethical30_3,1,human,agent,0.33,17,283
deepseek-r1_prompt1_ethical30_4,1,human,agent,0.59,19,270
deepseek-r1_prompt1_ethical30_5,1,human,agent,0.33,15,284
deepseek-r1_prompt2_ethical30_1,1,human,agent,0.40,27,268
deepseek-r1_prompt2_ethical30_2,1,human,agent,0.53,21,308
deepseek-r1_prompt2_ethical30_3,1,human,agent,0.37,17,335
deepseek-r1_prompt2_ethical30_4,1,human,agent,0.70,19,346
deepseek-r1_prompt2_ethical30_5,1,human,agent,0.36,15,307
deepseek-r1_prompt3_ethical30_1,1,human,agent,0.41,27,267
deepseek-r1_prompt3_ethical30_2,1,human,agent,0.43,21,359
deepseek-r1_prompt3_ethical30_3,1,human,agent,0.31,17,291
deepseek-r1_prompt3_ethical30_4,1,human,agent,0.54,19,304
deepseek-r1_prompt3_ethical30_5,1,human,agent,0.31,15,314
deepseek-r1_prompt4_ethical30_1,1,human,agent,0.39,27,282
deepseek-r1_prompt4_ethical30_2,1,human,agent,0.51,21,304
deepseek-r1_prompt4_ethical30_3,1,human,agent,0.34,17,335
deepseek-r1_prompt4_ethical30_4,1,human,agent,0.71,19,351
deepseek-r1_prompt4_ethical30_5,1,human,agent,0.34,15,355
deepseek-r1_prompt0_ethical31_1,1,human,agent,0.61,31,240
deepseek-r1_prompt0_ethical31_2,1,human,agent,0.55,23,291
deepseek-r1_prompt0_ethical31_3,1,human,agent,0.37,18,323
deepseek-r1_prompt0_ethical31_4,1,human,agent,0.60,16,306
deepseek-r1_prompt0_ethical31_5,1,human,agent,0.45,17,318
deepseek-r1_prompt1_ethical31_1,1,human,agent,0.60,31,257
deepseek-r1_prompt1_ethical31_2,1,human,agent,0.52,23,277
deepseek-r1_prompt1_ethical31_3,1,human,agent,0.44,18,376
deepseek-r1_prompt1_ethical31_4,1,human,agent,0.49,16,287
deepseek-r1_prompt1_ethical31_5,1,human,agent,0.49,17,306
deepseek-r1_prompt2_ethical31_1,1,human,agent,0.64,31,246
deepseek-r1_prompt2_ethical31_2,1,human,agent,0.59,23,297
deepseek-r1_prompt2_ethical31_3,1,human,agent,0.47,18,305
deepseek-r1_prompt2_ethical31_4,1,human,agent,0.65,16,361
deepseek-r1_prompt2_ethical31_5,1,human,agent,0.57,17,327
deepseek-r1_prompt3_ethical31_1,1,human,agent,0.56,31,264
deepseek-r1_prompt3_ethical31_2,1,human,agent,0.49,23,320
deepseek-r1_prompt3_ethical31_3,1,human,agent,0.47,18,354
deepseek-r1_prompt3_ethical31_4,1,human,agent,0.55,16,293
deepseek-r1_prompt3_ethical31_5,1,human,agent,0.47,17,314
deepseek-r1_prompt4_ethical31_1,1,human,agent,0.65,31,258
deepseek-r1_prompt4_ethical31_2,1,human,agent,0.59,23,280
deepseek-r1_prompt4_ethical31_3,1,human,agent,0.54,18,281
deepseek-r1_prompt4_ethical31_4,1,human,agent,0.70,16,310
deepseek-r1_prompt4_ethical31_5,1,human,agent,0.47,17,312
deepseek-r1_prompt0_ethical32_1,1,human,agent,0.51,29,283
deepseek-r1_prompt0_ethical32_2,1,human,agent,0.45,21,346
deepseek-r1_prompt0_ethical32_3,1,human,agent,0.23,17,312
deepseek-r1_prompt0_ethical32_4,1,human,agent,0.49,16,295
deepseek-r1_prompt0_ethical32_5,1,human,agent,0.36,13,312
deepseek-r1_prompt1_ethical32_1,1,human,agent,0.43,29,254
deepseek-r1_prompt1_ethical32_2,1,human,agent,0.48,21,336
deepseek-r1_prompt1_ethical32_3,1,human,agent,0.25,17,330
deepseek-r1_prompt1_ethical32_4,1,human,agent,0.48,16,305
deepseek-r1_prompt1_ethical32_5,1,human,agent,0.34,13,317
deepseek-r1_prompt2_ethical32_1,1,human,agent,0.65,29,235
deepseek-r1_prompt2_ethical32_2,1,human,agent,0.43,21,262
deepseek-r1_prompt2_ethical32_3,1,human,agent,0.25,17,308
deepseek-r1_prompt2_ethical32_4,1,human,agent,0.59,16,266
deepseek-r1_prompt2_ethical32_5,1,human,agent,0.39,13,286
deepseek-r1_prompt3_ethical32_1,1,human,agent,0.51,29,290
deepseek-r1_prompt3_ethical32_2,1,human,agent,0.42,21,342
deepseek-r1_prompt3_ethical32_3,1,human,agent,0.30,17,316
deepseek-r1_prompt3_ethical32_4,1,human,agent,0.49,16,309
deepseek-r1_prompt3_ethical32_5,1,human,agent,0.33,13,315
deepseek-r1_prompt4_ethical32_1,1,human,agent,0.68,29,268
deepseek-r1_prompt4_ethical32_2,1,human,agent,0.51,21,259
deepseek-r1_prompt4_ethical32_3,1,human,agent,0.36,17,291
deepseek-r1_prompt4_ethical32_4,1,human,agent,0.57,16,295
deepseek-r1_prompt4_ethical32_5,1,human,agent,0.37,13,260
deepseek-r1_prompt0_ethical33_1,1,human,agent,0.24,18,293
deepseek-r1_prompt0_ethical33_2,1,human,agent,0.50,23,359
deepseek-r1_prompt0_ethical33_3,1,human,agent,0.61,18,308
deepseek-r1_prompt0_ethical33_4,1,human,agent,0.60,18,285
deepseek-r1_prompt0_ethical33_5,1,human,agent,0.27,16,309
deepseek-r1_prompt1_ethical33_1,1,human,agent,0.25,18,269
deepseek-r1_prompt1_ethical33_2,1,human,agent,0.45,23,318
deepseek-r1_prompt1_ethical33_3,1,human,agent,0.72,18,316
deepseek-r1_prompt1_ethical33_4,1,human,agent,0.62,18,301
deepseek-r1_prompt1_ethical33_5,1,human,agent,0.26,16,308
deepseek-r1_prompt2_ethical33_1,1,human,agent,0.39,18,277
deepseek-r1_prompt2_ethical33_2,1,human,agent,0.49,23,310
deepseek-r1_prompt2_ethical33_3,1,human,agent,0.81,18,326
deepseek-r1_prompt2_ethical33_4,1,human,agent,0.58,18,338
deepseek-r1_prompt2_ethical33_5,1,human,agent,0.27,16,352
deepseek-r1_prompt3_ethical33_1,1,human,agent,0.39,18,265
deepseek-r1_prompt3_ethical33_2,1,human,agent,0.46,23,328
deepseek-r1_prompt3_ethical33_3,1,human,agent,0.75,18,318
deepseek-r1_prompt3_ethical33_4,1,human,agent,0.61,18,306
deepseek-r1_prompt3_ethical33_5,1,human,agent,0.22,16,306
deepseek-r1_prompt4_ethical33_1,1,human,agent,0.37,18,275
deepseek-r1_prompt4_ethical33_2,1,human,agent,0.51,23,302
deepseek-r1_prompt4_ethical33_3,1,human,agent,0.77,18,326
deepseek-r1_prompt4_ethical33_4,1,human,agent,0.59,18,359
deepseek-r1_prompt4_ethical33_5,1,human,agent,0.25,16,299
deepseek-r1_prompt0_ethical34_1,1,human,agent,0.60,30,324
deepseek-r1_prompt0_ethical34_2,1,human,agent,0.51,16,334
deepseek-r1_prompt0_ethical34_3,1,human,agent,0.37,17,308
deepseek-r1_prompt0_ethical34_4,1,human,agent,0.40,17,297
deepseek-r1_prompt0_ethical34_5,1,human,agent,0.23,18,311
deepseek-r1_prompt1_ethical34_1,1,human,agent,0.60,30,315
deepseek-r1_prompt1_ethical34_2,1,human,agent,0.48,16,304
deepseek-r1_prompt1_ethical34_3,1,human,agent,0.38,17,308
deepseek-r1_prompt1_ethical34_4,1,human,agent,0.45,17,293
deepseek-r1_prompt1_ethical34_5,1,human,agent,0.22,18,292
deepseek-r1_prompt2_ethical34_1,1,human,agent,0.62,30,271
deepseek-r1_prompt2_ethical34_2,1,human,agent,0.57,16,304
deepseek-r1_prompt2_ethical34_3,1,human,agent,0.39,17,291
deepseek-r1_prompt2_ethical34_4,1,human,agent,0.53,17,308
deepseek-r1_prompt2_ethical34_5,1,human,agent,0.26,18,325
deepseek-r1_prompt3_ethical34_1,1,human,agent,0.57,30,321
deepseek-r1_prompt3_ethical34_2,1,human,agent,0.44,16,320
deepseek-r1_prompt3_ethical34_3,1,human,agent,0.36,17,321
deepseek-r1_prompt3_ethical34_4,1,human,agent,0.33,17,298
deepseek-r1_prompt3_ethical34_5,1,human,agent,0.21,18,302
deepseek-r1_prompt4_ethical34_1,1,human,agent,0.60,30,288
deepseek-r1_prompt4_ethical34_2,1,human,agent,0.49,16,351
deepseek-r1_prompt4_ethical34_3,1,human,agent,0.37,17,347
deepseek-r1_prompt4_ethical34_4,1,human,agent,0.43,17,306
deepseek-r1_prompt4_ethical34_5,1,human,agent,0.23,18,288
deepseek-r1_prompt0_ethical35_1,1,human,agent,0.53,23,289
deepseek-r1_prompt0_ethical35_2,1,human,agent,0.62,22,286
deepseek-r1_prompt0_ethical35_3,1,human,agent,0.35,21,303
deepseek-r1_prompt0_ethical35_4,1,human,agent,0.33,18,291
deepseek-r1_prompt0_ethical35_5,1,human,agent,0.13,13,291
deepseek-r1_prompt1_ethical35_1,1,human,agent,0.36,23,214
deepseek-r1_prompt1_ethical35_2,1,human,agent,0.63,22,296
deepseek-r1_prompt1_ethical35_3,1,human,agent,0.49,21,333
deepseek-r1_prompt1_ethical35_4,1,human,agent,0.39,18,303
deepseek-r1_prompt1_ethical35_5,1,human,agent,0.15,13,320
deepseek-r1_prompt2_ethical35_1,1,human,agent,0.59,23,241
deepseek-r1_prompt2_ethical35_2,1,human,agent,0.67,22,231
deepseek-r1_prompt2_ethical35_3,1,human,agent,0.48,21,304
deepseek-r1_prompt2_ethical35_4,1,human,agent,0.49,18,300
deepseek-r1_prompt2_ethical35_5,1,human,agent,0.15,13,320
deepseek-r1_prompt3_ethical35_1,1,human,agent,0.49,23,299
deepseek-r1_prompt3_ethical35_2,1,human,agent,0.60,22,311
deepseek-r1_prompt3_ethical35_3,1,human,agent,0.51,21,354
deepseek-r1_prompt3_ethical35_4,1,human,agent,0.41,18,361
deepseek-r1_prompt3_ethical35_5,1,human,agent,0.15,13,331
deepseek-r1_prompt4_ethical35_1,1,human,agent,0.59,23,291
deepseek-r1_prompt4_ethical35_2,1,human,agent,0.74,22,311
deepseek-r1_prompt4_ethical35_3,1,human,agent,0.59,21,299
deepseek-r1_prompt4_ethical35_4,1,human,agent,0.55,18,366
deepseek-r1_prompt4_ethical35_5,1,human,agent,0.15,13,347
deepseek-r1_prompt0_ethical36_1,1,human,agent,0.39,21,265
deepseek-r1_prompt0_ethical36_2,1,human,agent,0.41,23,294
deepseek-r1_prompt0_ethical36_3,1,human,agent,0.49,16,330
deepseek-r1_prompt0_ethical36_4,1,human,agent,0.49,22,338
deepseek-r1_prompt0_ethical36_5,1,human,agent,0.22,18,310
deepseek-r1_prompt1_ethical36_1,1,human,agent,0.52,21,271
deepseek-r1_prompt1_ethical36_2,1,human,agent,0.44,23,309
deepseek-r1_prompt1_ethical36_3,1,human,agent,0.51,16,358
deepseek-r1_prompt1_ethical36_4,1,human,agent,0.49,22,318
deepseek-r1_prompt1_ethical36_5,1,human,agent,0.27,18,312
deepseek-r1_prompt2_ethical36_1,1,human,agent,0.51,21,271
deepseek-r1_prompt2_ethical36_2,1,human,agent,0.49,23,290
deepseek-r1_prompt2_ethical36_3,1,human,agent,0.63,16,311
deepseek-r1_prompt2_ethical36_4,1,human,agent,0.60,22,309
deepseek-r1_prompt2_ethical36_5,1,human,agent,0.34,18,331
deepseek-r1_prompt3_ethical36_1,1,human,agent,0.53,21,284
deepseek-r1_prompt3_ethical36_2,1,human,agent,0.49,23,351
deepseek-r1_prompt3_ethical36_3,1,human,agent,0.54,16,330
deepseek-r1_prompt3_ethical36_4,1,human,agent,0.52,22,329
deepseek-r1_prompt3_ethical36_5,1,human,agent,0.27,18,318
deepseek-r1_prompt4_ethical36_1,1,human,agent,0.49,21,271
deepseek-r1_prompt4_ethical36_2,1,human,agent,0.47,23,292
deepseek-r1_prompt4_ethical36_3,1,human,agent,0.65,16,335
deepseek-r1_prompt4_ethical36_4,1,human,agent,0.58,22,365
deepseek-r1_prompt4_ethical36_5,1,human,agent,0.30,18,337
deepseek-r1_prompt0_ethical37_1,1,human,agent,0.15,18,320
deepseek-r1_prompt0_ethical37_2,1,human,agent,0.37,19,291
deepseek-r1_prompt0_ethical37_3,1,human,agent,0.31,13,289
deepseek-r1_prompt0_ethical37_4,1,human,agent,0.31,16,271
deepseek-r1_prompt0_ethical37_5,1,human,agent,0.23,17,301
deepseek-r1_prompt1_ethical37_1,1,human,agent,0.28,18,236
deepseek-r1_prompt1_ethical37_2,1,human,agent,0.37,19,252
deepseek-r1_prompt1_ethical37_3,1,human,agent,0.36,13,300
deepseek-r1_prompt1_ethical37_4,1,human,agent,0.28,16,323
deepseek-r1_prompt1_ethical37_5,1,human,agent,0.21,17,301
deepseek-r1_prompt2_ethical37_1,1,human,agent,0.29,18,274
deepseek-r1_prompt2_ethical37_2,1,human,agent,0.49,19,313
deepseek-r1_prompt2_ethical37_3,1,human,agent,0.51,13,307
deepseek-r1_prompt2_ethical37_4,1,human,agent,0.41,16,345
deepseek-r1_prompt2_ethical37_5,1,human,agent,0.24,17,335
deepseek-r1_prompt3_ethical37_1,1,human,agent,0.19,18,312
deepseek-r1_prompt3_ethical37_2,1,human,agent,0.39,19,365
deepseek-r1_prompt3_ethical37_3,1,human,agent,0.37,13,283
deepseek-r1_prompt3_ethical37_4,1,human,agent,0.35,16,308
deepseek-r1_prompt3_ethical37_5,1,human,agent,0.35,17,317
deepseek-r1_prompt4_ethical37_1,1,human,agent,0.32,18,290
deepseek-r1_prompt4_ethical37_2,1,human,agent,0.55,19,269
deepseek-r1_prompt4_ethical37_3,1,human,agent,0.55,13,304
deepseek-r1_prompt4_ethical37_4,1,human,agent,0.46,16,307
deepseek-r1_prompt4_ethical37_5,1,human,agent,0.24,17,310
deepseek-r1_prompt0_ethical38_1,1,human,agent,0.63,27,269
deepseek-r1_prompt0_ethical38_2,1,human,agent,0.61,16,303
deepseek-r1_prompt0_ethical38_3,1,human,agent,0.29,17,307
deepseek-r1_prompt0_ethical38_4,1,human,agent,0.65,16,306
deepseek-r1_prompt0_ethical38_5,1,human,agent,0.34,15,305
deepseek-r1_prompt1_ethical38_1,1,human,agent,0.61,27,244
deepseek-r1_prompt1_ethical38_2,1,human,agent,0.55,16,283
deepseek-r1_prompt1_ethical38_3,1,human,agent,0.35,17,328
deepseek-r1_prompt1_ethical38_4,1,human,agent,0.64,16,300
deepseek-r1_prompt1_ethical38_5,1,human,agent,0.35,15,289
deepseek-r1_prompt2_ethical38_1,1,human,agent,0.64,27,248
deepseek-r1_prompt2_ethical38_2,1,human,agent,0.57,16,247
deepseek-r1_prompt2_ethical38_3,1,human,agent,0.39,17,249
deepseek-r1_prompt2_ethical38_4,1,human,agent,0.68,16,291
deepseek-r1_prompt2_ethical38_5,1,human,agent,0.36,15,298
deepseek-r1_prompt3_ethical38_1,1,human,agent,0.61,27,256
deepseek-r1_prompt3_ethical38_2,1,human,agent,0.52,16,258
deepseek-r1_prompt3_ethical38_3,1,human,agent,0.37,17,357
deepseek-r1_prompt3_ethical38_4,1,human,agent,0.59,16,307
deepseek-r1_prompt3_ethical38_5,1,human,agent,0.32,15,326
deepseek-r1_prompt4_ethical38_1,1,human,agent,0.68,27,263
deepseek-r1_prompt4_ethical38_2,1,human,agent,0.61,16,295
deepseek-r1_prompt4_ethical38_3,1,human,agent,0.32,17,294
deepseek-r1_prompt4_ethical38_4,1,human,agent,0.69,16,283
deepseek-r1_prompt4_ethical38_5,1,human,agent,0.33,15,342
deepseek-r1_prompt0_ethical39_1,1,human,agent,0.52,39,225
deepseek-r1_prompt0_ethical39_2,1,human,agent,0.56,22,290
deepseek-r1_prompt0_ethical39_3,1,human,agent,0.61,21,307
deepseek-r1_prompt0_ethical39_4,1,human,agent,0.68,21,306
deepseek-r1_prompt0_ethical39_5,1,human,agent,0.37,22,275
deepseek-r1_prompt1_ethical39_1,1,human,agent,0.49,39,227
deepseek-r1_prompt1_ethical39_2,1,human,agent,0.54,22,280
deepseek-r1_prompt1_ethical39_3,1,human,agent,0.67,21,311
deepseek-r1_prompt1_ethical39_4,1,human,agent,0.69,21,310
deepseek-r1_prompt1_ethical39_5,1,human,agent,0.30,22,302
deepseek-r1_prompt2_ethical39_1,1,human,agent,0.62,39,269
deepseek-r1_prompt2_ethical39_2,1,human,agent,0.57,22,287
deepseek-r1_prompt2_ethical39_3,1,human,agent,0.68,21,321
deepseek-r1_prompt2_ethical39_4,1,human,agent,0.70,21,315
deepseek-r1_prompt2_ethical39_5,1,human,agent,0.35,22,348
deepseek-r1_prompt3_ethical39_1,1,human,agent,0.47,39,245
deepseek-r1_prompt3_ethical39_2,1,human,agent,0.52,22,297
deepseek-r1_prompt3_ethical39_3,1,human,agent,0.61,21,362
deepseek-r1_prompt3_ethical39_4,1,human,agent,0.68,21,331
deepseek-r1_prompt3_ethical39_5,1,human,agent,0.30,22,313
deepseek-r1_prompt4_ethical39_1,1,human,agent,0.59,39,256
deepseek-r1_prompt4_ethical39_2,1,human,agent,0.59,22,340
deepseek-r1_prompt4_ethical39_3,1,human,agent,0.67,21,374
deepseek-r1_prompt4_ethical39_4,1,human,agent,0.71,21,361
deepseek-r1_prompt4_ethical39_5,1,human,agent,0.37,22,342
deepseek-r1_prompt0_ethical4_1,1,human,agent,0.43,27,268
deepseek-r1_prompt0_ethical4_2,1,human,agent,0.49,31,383
deepseek-r1_prompt0_ethical4_3,1,human,agent,0.47,20,350
deepseek-r1_prompt0_ethical4_4,1,human,agent,0.47,17,324
deepseek-r1_prompt0_ethical4_5,1,human,agent,0.26,20,334
deepseek-r1_prompt1_ethical4_1,1,human,agent,0.48,27,288
deepseek-r1_prompt1_ethical4_2,1,human,agent,0.46,31,355
deepseek-r1_prompt1_ethical4_3,1,human,agent,0.53,20,325
deepseek-r1_prompt1_ethical4_4,1,human,agent,0.58,17,339
deepseek-r1_prompt1_ethical4_5,1,human,agent,0.39,20,295
deepseek-r1_prompt2_ethical4_1,1,human,agent,0.55,27,258
deepseek-r1_prompt2_ethical4_2,1,human,agent,0.53,31,285
deepseek-r1_prompt2_ethical4_3,1,human,agent,0.62,20,295
deepseek-r1_prompt2_ethical4_4,1,human,agent,0.59,17,338
deepseek-r1_prompt2_ethical4_5,1,human,agent,0.31,20,284
deepseek-r1_prompt3_ethical4_1,1,human,agent,0.45,27,296
deepseek-r1_prompt3_ethical4_2,1,human,agent,0.52,31,378
deepseek-r1_prompt3_ethical4_3,1,human,agent,0.53,20,309
deepseek-r1_prompt3_ethical4_4,1,human,agent,0.53,17,307
deepseek-r1_prompt3_ethical4_5,1,human,agent,0.31,20,328
deepseek-r1_prompt4_ethical4_1,1,human,agent,0.57,27,255
deepseek-r1_prompt4_ethical4_2,1,human,agent,0.59,31,267
deepseek-r1_prompt4_ethical4_3,1,human,agent,0.62,20,314
deepseek-r1_prompt4_ethical4_4,1,human,agent,0.53,17,322
deepseek-r1_prompt4_ethical4_5,1,human,agent,0.33,20,320
deepseek-r1_prompt0_ethical40_1,1,human,agent,0.35,29,276
deepseek-r1_prompt0_ethical40_2,1,human,agent,0.44,20,305
deepseek-r1_prompt0_ethical40_3,1,human,agent,0.37,18,316
deepseek-r1_prompt0_ethical40_4,1,human,agent,0.58,19,301
deepseek-r1_prompt0_ethical40_5,1,human,agent,0.53,23,294
deepseek-r1_prompt1_ethical40_1,1,human,agent,0.38,29,258
deepseek-r1_prompt1_ethical40_2,1,human,agent,0.47,20,333
deepseek-r1_prompt1_ethical40_3,1,human,agent,0.45,18,322
deepseek-r1_prompt1_ethical40_4,1,human,agent,0.61,19,306
deepseek-r1_prompt1_ethical40_5,1,human,agent,0.50,23,287
deepseek-r1_prompt2_ethical40_1,1,human,agent,0.46,29,245
deepseek-r1_prompt2_ethical40_2,1,human,agent,0.47,20,298
deepseek-r1_prompt2_ethical40_3,1,human,agent,0.58,18,335
deepseek-r1_prompt2_ethical40_4,1,human,agent,0.74,19,360
deepseek-r1_prompt2_ethical40_5,1,human,agent,0.56,23,340
deepseek-r1_prompt3_ethical40_1,1,human,agent,0.38,29,259
deepseek-r1_prompt3_ethical40_2,1,human,agent,0.50,20,344
deepseek-r1_prompt3_ethical40_3,1,human,agent,0.42,18,301
deepseek-r1_prompt3_ethical40_4,1,human,agent,0.64,19,331
deepseek-r1_prompt3_ethical40_5,1,human,agent,0.50,23,333
deepseek-r1_prompt4_ethical40_1,1,human,agent,0.50,29,273
deepseek-r1_prompt4_ethical40_2,1,human,agent,0.54,20,290
deepseek-r1_prompt4_ethical40_3,1,human,agent,0.57,18,339
deepseek-r1_prompt4_ethical40_4,1,human,agent,0.71,19,366
deepseek-r1_prompt4_ethical40_5,1,human,agent,0.56,23,348
deepseek-r1_prompt0_ethical41_1,1,human,agent,0.56,25,279
deepseek-r1_prompt0_ethical41_2,1,human,agent,0.42,21,297
deepseek-r1_prompt0_ethical41_3,1,human,agent,0.39,14,290
deepseek-r1_prompt0_ethical41_4,1,human,agent,0.19,14,294
deepseek-r1_prompt0_ethical41_5,1,human,agent,0.33,17,293
deepseek-r1_prompt1_ethical41_1,1,human,agent,0.44,25,253
deepseek-r1_prompt1_ethical41_2,1,human,agent,0.49,21,340
deepseek-r1_prompt1_ethical41_3,1,human,agent,0.33,14,310
deepseek-r1_prompt1_ethical41_4,1,human,agent,0.10,14,298
deepseek-r1_prompt1_ethical41_5,1,human,agent,0.25,17,308
deepseek-r1_prompt2_ethical41_1,1,human,agent,0.62,25,260
deepseek-r1_prompt2_ethical41_2,1,human,agent,0.60,21,307
deepseek-r1_prompt2_ethical41_3,1,human,agent,0.39,14,363
deepseek-r1_prompt2_ethical41_4,1,human,agent,0.09,14,356
deepseek-r1_prompt2_ethical41_5,1,human,agent,0.26,17,320
deepseek-r1_prompt3_ethical41_1,1,human,agent,0.40,25,250
deepseek-r1_prompt3_ethical41_2,1,human,agent,0.46,21,281
deepseek-r1_prompt3_ethical41_3,1,human,agent,0.41,14,302
deepseek-r1_prompt3_ethical41_4,1,human,agent,0.10,14,288
deepseek-r1_prompt3_ethical41_5,1,human,agent,0.26,17,280
deepseek-r1_prompt4_ethical41_1,1,human,agent,0.46,25,257
deepseek-r1_prompt4_ethical41_2,1,human,agent,0.54,21,281
deepseek-r1_prompt4_ethical41_3,1,human,agent,0.36,14,333
deepseek-r1_prompt4_ethical41_4,1,human,agent,0.11,14,363
deepseek-r1_prompt4_ethical41_5,1,human,agent,0.28,17,322
deepseek-r1_prompt0_ethical42_1,1,human,agent,0.37,22,243
deepseek-r1_prompt0_ethical42_2,1,human,agent,0.41,19,290
deepseek-r1_prompt0_ethical42_3,1,human,agent,0.46,21,289
deepseek-r1_prompt0_ethical42_4,1,human,agent,0.45,18,308
deepseek-r1_prompt0_ethical42_5,1,human,agent,0.14,14,310
deepseek-r1_prompt1_ethical42_1,1,human,agent,0.38,22,229
deepseek-r1_prompt1_ethical42_2,1,human,agent,0.46,19,342
deepseek-r1_prompt1_ethical42_3,1,human,agent,0.49,21,294
deepseek-r1_prompt1_ethical42_4,1,human,agent,0.47,18,315
deepseek-r1_prompt1_ethical42_5,1,human,agent,0.16,14,286
deepseek-r1_prompt2_ethical42_1,1,human,agent,0.46,22,259
deepseek-r1_prompt2_ethical42_2,1,human,agent,0.44,19,256
deepseek-r1_prompt2_ethical42_3,1,human,agent,0.52,21,233
deepseek-r1_prompt2_ethical42_4,1,human,agent,0.55,18,255
deepseek-r1_prompt2_ethical42_5,1,human,agent,0.17,14,320
deepseek-r1_prompt3_ethical42_1,1,human,agent,0.30,22,267
deepseek-r1_prompt3_ethical42_2,1,human,agent,0.45,19,307
deepseek-r1_prompt3_ethical42_3,1,human,agent,0.54,21,321
deepseek-r1_prompt3_ethical42_4,1,human,agent,0.36,18,307
deepseek-r1_prompt3_ethical42_5,1,human,agent,0.13,14,319
deepseek-r1_prompt4_ethical42_1,1,human,agent,0.42,22,260
deepseek-r1_prompt4_ethical42_2,1,human,agent,0.45,19,287
deepseek-r1_prompt4_ethical42_3,1,human,agent,0.54,21,358
deepseek-r1_prompt4_ethical42_4,1,human,agent,0.48,18,358
deepseek-r1_prompt4_ethical42_5,1,human,agent,0.14,14,309
deepseek-r1_prompt0_ethical43_1,1,human,agent,0.31,21,286
deepseek-r1_prompt0_ethical43_2,1,human,agent,0.41,20,324
deepseek-r1_prompt0_ethical43_3,1,human,agent,0.39,19,326
deepseek-r1_prompt0_ethical43_4,1,human,agent,0.54,17,297
deepseek-r1_prompt0_ethical43_5,1,human,agent,0.27,18,292
deepseek-r1_prompt1_ethical43_1,1,human,agent,0.29,21,267
deepseek-r1_prompt1_ethical43_2,1,human,agent,0.45,20,315
deepseek-r1_prompt1_ethical43_3,1,human,agent,0.40,19,308
deepseek-r1_prompt1_ethical43_4,1,human,agent,0.54,17,300
deepseek-r1_prompt1_ethical43_5,1,human,agent,0.30,18,320
deepseek-r1_prompt2_ethical43_1,1,human,agent,0.38,21,273
deepseek-r1_prompt2_ethical43_2,1,human,agent,0.54,20,267
deepseek-r1_prompt2_ethical43_3,1,human,agent,0.52,19,301
deepseek-r1_prompt2_ethical43_4,1,human,agent,0.64,17,290
deepseek-r1_prompt2_ethical43_5,1,human,agent,0.44,18,304
deepseek-r1_prompt3_ethical43_1,1,human,agent,0.36,21,240
deepseek-r1_prompt3_ethical43_2,1,human,agent,0.42,20,320
deepseek-r1_prompt3_ethical43_3,1,human,agent,0.44,19,352
deepseek-r1_prompt3_ethical43_4,1,human,agent,0.53,17,327
deepseek-r1_prompt3_ethical43_5,1,human,agent,0.27,18,332
deepseek-r1_prompt4_ethical43_1,1,human,agent,0.37,21,249
deepseek-r1_prompt4_ethical43_2,1,human,agent,0.43,20,261
deepseek-r1_prompt4_ethical43_3,1,human,agent,0.49,19,292
deepseek-r1_prompt4_ethical43_4,1,human,agent,0.57,17,301
deepseek-r1_prompt4_ethical43_5,1,human,agent,0.37,18,328
deepseek-r1_prompt0_ethical44_1,1,human,agent,0.28,21,273
deepseek-r1_prompt0_ethical44_2,1,human,agent,0.57,24,288
deepseek-r1_prompt0_ethical44_3,1,human,agent,0.30,16,299
deepseek-r1_prompt0_ethical44_4,1,human,agent,0.53,19,307
deepseek-r1_prompt0_ethical44_5,1,human,agent,0.34,19,302
deepseek-r1_prompt1_ethical44_1,1,human,agent,0.32,21,268
deepseek-r1_prompt1_ethical44_2,1,human,agent,0.59,24,296
deepseek-r1_prompt1_ethical44_3,1,human,agent,0.24,16,298
deepseek-r1_prompt1_ethical44_4,1,human,agent,0.55,19,286
deepseek-r1_prompt1_ethical44_5,1,human,agent,0.32,19,301
deepseek-r1_prompt2_ethical44_1,1,human,agent,0.52,21,291
deepseek-r1_prompt2_ethical44_2,1,human,agent,0.58,24,349
deepseek-r1_prompt2_ethical44_3,1,human,agent,0.32,16,367
deepseek-r1_prompt2_ethical44_4,1,human,agent,0.55,19,315
deepseek-r1_prompt2_ethical44_5,1,human,agent,0.34,19,305
deepseek-r1_prompt3_ethical44_1,1,human,agent,0.32,21,274
deepseek-r1_prompt3_ethical44_2,1,human,agent,0.54,24,315
deepseek-r1_prompt3_ethical44_3,1,human,agent,0.31,16,312
deepseek-r1_prompt3_ethical44_4,1,human,agent,0.51,19,293
deepseek-r1_prompt3_ethical44_5,1,human,agent,0.32,19,325
deepseek-r1_prompt4_ethical44_1,1,human,agent,0.46,21,295
deepseek-r1_prompt4_ethical44_2,1,human,agent,0.59,24,280
deepseek-r1_prompt4_ethical44_3,1,human,agent,0.33,16,349
deepseek-r1_prompt4_ethical44_4,1,human,agent,0.54,19,298
deepseek-r1_prompt4_ethical44_5,1,human,agent,0.37,19,323
deepseek-r1_prompt0_ethical45_1,1,human,agent,0.49,32,299
deepseek-r1_prompt0_ethical45_2,1,human,agent,0.40,25,298
deepseek-r1_prompt0_ethical45_3,1,human,agent,0.40,15,318
deepseek-r1_prompt0_ethical45_4,1,human,agent,0.35,16,268
deepseek-r1_prompt0_ethical45_5,1,human,agent,0.33,19,277
deepseek-r1_prompt1_ethical45_1,1,human,agent,0.43,32,244
deepseek-r1_prompt1_ethical45_2,1,human,agent,0.52,25,268
deepseek-r1_prompt1_ethical45_3,1,human,agent,0.52,15,291
deepseek-r1_prompt1_ethical45_4,1,human,agent,0.35,16,327
deepseek-r1_prompt1_ethical45_5,1,human,agent,0.23,19,332
deepseek-r1_prompt2_ethical45_1,1,human,agent,0.65,32,273
deepseek-r1_prompt2_ethical45_2,1,human,agent,0.70,25,302
deepseek-r1_prompt2_ethical45_3,1,human,agent,0.56,15,319
deepseek-r1_prompt2_ethical45_4,1,human,agent,0.41,16,348
deepseek-r1_prompt2_ethical45_5,1,human,agent,0.22,19,315
deepseek-r1_prompt3_ethical45_1,1,human,agent,0.52,32,299
deepseek-r1_prompt3_ethical45_2,1,human,agent,0.52,25,362
deepseek-r1_prompt3_ethical45_3,1,human,agent,0.45,15,349
deepseek-r1_prompt3_ethical45_4,1,human,agent,0.35,16,301
deepseek-r1_prompt3_ethical45_5,1,human,agent,0.21,19,329
deepseek-r1_prompt4_ethical45_1,1,human,agent,0.67,32,271
deepseek-r1_prompt4_ethical45_2,1,human,agent,0.62,25,285
deepseek-r1_prompt4_ethical45_3,1,human,agent,0.52,15,304
deepseek-r1_prompt4_ethical45_4,1,human,agent,0.46,16,355
deepseek-r1_prompt4_ethical45_5,1,human,agent,0.27,19,356
deepseek-r1_prompt0_ethical46_1,1,human,agent,0.58,33,242
deepseek-r1_prompt0_ethical46_2,1,human,agent,0.61,18,292
deepseek-r1_prompt0_ethical46_3,1,human,agent,0.39,19,310
deepseek-r1_prompt0_ethical46_4,1,human,agent,0.59,19,285
deepseek-r1_prompt0_ethical46_5,1,human,agent,0.33,18,291
deepseek-r1_prompt1_ethical46_1,1,human,agent,0.62,33,254
deepseek-r1_prompt1_ethical46_2,1,human,agent,0.55,18,311
deepseek-r1_prompt1_ethical46_3,1,human,agent,0.44,19,319
deepseek-r1_prompt1_ethical46_4,1,human,agent,0.59,19,368
deepseek-r1_prompt1_ethical46_5,1,human,agent,0.34,18,327
deepseek-r1_prompt2_ethical46_1,1,human,agent,0.64,33,280
deepseek-r1_prompt2_ethical46_2,1,human,agent,0.60,18,290
deepseek-r1_prompt2_ethical46_3,1,human,agent,0.49,19,326
deepseek-r1_prompt2_ethical46_4,1,human,agent,0.61,19,340
deepseek-r1_prompt2_ethical46_5,1,human,agent,0.35,18,361
deepseek-r1_prompt3_ethical46_1,1,human,agent,0.67,33,250
deepseek-r1_prompt3_ethical46_2,1,human,agent,0.60,18,318
deepseek-r1_prompt3_ethical46_3,1,human,agent,0.45,19,332
deepseek-r1_prompt3_ethical46_4,1,human,agent,0.56,19,294
deepseek-r1_prompt3_ethical46_5,1,human,agent,0.35,18,307
deepseek-r1_prompt4_ethical46_1,1,human,agent,0.64,33,252
deepseek-r1_prompt4_ethical46_2,1,human,agent,0.61,18,300
deepseek-r1_prompt4_ethical46_3,1,human,agent,0.48,19,310
deepseek-r1_prompt4_ethical46_4,1,human,agent,0.62,19,322
deepseek-r1_prompt4_ethical46_5,1,human,agent,0.38,18,361
deepseek-r1_prompt0_ethical47_1,1,human,agent,0.49,25,253
deepseek-r1_prompt0_ethical47_2,1,human,agent,0.36,18,301
deepseek-r1_prompt0_ethical47_3,1,human,agent,0.65,17,312
deepseek-r1_prompt0_ethical47_4,1,human,agent,0.49,14,325
deepseek-r1_prompt0_ethical47_5,1,human,agent,0.23,14,300
deepseek-r1_prompt1_ethical47_1,1,human,agent,0.49,25,247
deepseek-r1_prompt1_ethical47_2,1,human,agent,0.31,18,275
deepseek-r1_prompt1_ethical47_3,1,human,agent,0.54,17,308
deepseek-r1_prompt1_ethical47_4,1,human,agent,0.52,14,307
deepseek-r1_prompt1_ethical47_5,1,human,agent,0.21,14,334
deepseek-r1_prompt2_ethical47_1,1,human,agent,0.68,25,249
deepseek-r1_prompt2_ethical47_2,1,human,agent,0.52,18,263
deepseek-r1_prompt2_ethical47_3,1,human,agent,0.73,17,275
deepseek-r1_prompt2_ethical47_4,1,human,agent,0.73,14,314
deepseek-r1_prompt2_ethical47_5,1,human,agent,0.30,14,323
deepseek-r1_prompt3_ethical47_1,1,human,agent,0.53,25,259
deepseek-r1_prompt3_ethical47_2,1,human,agent,0.48,18,306
deepseek-r1_prompt3_ethical47_3,1,human,agent,0.59,17,331
deepseek-r1_prompt3_ethical47_4,1,human,agent,0.59,14,346
deepseek-r1_prompt3_ethical47_5,1,human,agent,0.23,14,371
deepseek-r1_prompt4_ethical47_1,1,human,agent,0.69,25,276
deepseek-r1_prompt4_ethical47_2,1,human,agent,0.50,18,289
deepseek-r1_prompt4_ethical47_3,1,human,agent,0.68,17,314
deepseek-r1_prompt4_ethical47_4,1,human,agent,0.66,14,352
deepseek-r1_prompt4_ethical47_5,1,human,agent,0.29,14,294
deepseek-r1_prompt0_ethical48_1,1,human,agent,0.28,27,277
deepseek-r1_prompt0_ethical48_2,1,human,agent,0.59,22,351
deepseek-r1_prompt0_ethical48_3,1,human,agent,0.54,16,303
deepseek-r1_prompt0_ethical48_4,1,human,agent,0.65,20,310
deepseek-r1_prompt0_ethical48_5,1,human,agent,0.38,19,318
deepseek-r1_prompt1_ethical48_1,1,human,agent,0.35,27,259
deepseek-r1_prompt1_ethical48_2,1,human,agent,0.54,22,312
deepseek-r1_prompt1_ethical48_3,1,human,agent,0.61,16,310
deepseek-r1_prompt1_ethical48_4,1,human,agent,0.58,20,301
deepseek-r1_prompt1_ethical48_5,1,human,agent,0.36,19,281
deepseek-r1_prompt2_ethical48_1,1,human,agent,0.36,27,264
deepseek-r1_prompt2_ethical48_2,1,human,agent,0.65,22,281
deepseek-r1_prompt2_ethical48_3,1,human,agent,0.68,16,332
deepseek-r1_prompt2_ethical48_4,1,human,agent,0.68,20,335
deepseek-r1_prompt2_ethical48_5,1,human,agent,0.38,19,286
deepseek-r1_prompt3_ethical48_1,1,human,agent,0.36,27,269
deepseek-r1_prompt3_ethical48_2,1,human,agent,0.63,22,300
deepseek-r1_prompt3_ethical48_3,1,human,agent,0.64,16,320
deepseek-r1_prompt3_ethical48_4,1,human,agent,0.62,20,314
deepseek-r1_prompt3_ethical48_5,1,human,agent,0.33,19,298
deepseek-r1_prompt4_ethical48_1,1,human,agent,0.40,27,253
deepseek-r1_prompt4_ethical48_2,1,human,agent,0.61,22,296
deepseek-r1_prompt4_ethical48_3,1,human,agent,0.66,16,286
deepseek-r1_prompt4_ethical48_4,1,human,agent,0.62,20,276
deepseek-r1_prompt4_ethical48_5,1,human,agent,0.42,19,314
deepseek-r1_prompt0_ethical49_1,1,human,agent,0.58,28,263
deepseek-r1_prompt0_ethical49_2,1,human,agent,0.54,26,308
deepseek-r1_prompt0_ethical49_3,1,human,agent,0.40,22,307
deepseek-r1_prompt0_ethical49_4,1,human,agent,0.48,17,299
deepseek-r1_prompt0_ethical49_5,1,human,agent,0.36,17,283
deepseek-r1_prompt1_ethical49_1,1,human,agent,0.51,28,269
deepseek-r1_prompt1_ethical49_2,1,human,agent,0.56,26,297
deepseek-r1_prompt1_ethical49_3,1,human,agent,0.44,22,335
deepseek-r1_prompt1_ethical49_4,1,human,agent,0.45,17,352
deepseek-r1_prompt1_ethical49_5,1,human,agent,0.39,17,309
deepseek-r1_prompt2_ethical49_1,1,human,agent,0.63,28,281
deepseek-r1_prompt2_ethical49_2,1,human,agent,0.67,26,292
deepseek-r1_prompt2_ethical49_3,1,human,agent,0.51,22,343
deepseek-r1_prompt2_ethical49_4,1,human,agent,0.45,17,346
deepseek-r1_prompt2_ethical49_5,1,human,agent,0.40,17,363
deepseek-r1_prompt3_ethical49_1,1,human,agent,0.50,28,245
deepseek-r1_prompt3_ethical49_2,1,human,agent,0.62,26,306
deepseek-r1_prompt3_ethical49_3,1,human,agent,0.43,22,312
deepseek-r1_prompt3_ethical49_4,1,human,agent,0.42,17,318
deepseek-r1_prompt3_ethical49_5,1,human,agent,0.39,17,316
deepseek-r1_prompt4_ethical49_1,1,human,agent,0.67,28,281
deepseek-r1_prompt4_ethical49_2,1,human,agent,0.74,26,308
deepseek-r1_prompt4_ethical49_3,1,human,agent,0.56,22,345
deepseek-r1_prompt4_ethical49_4,1,human,agent,0.55,17,327
deepseek-r1_prompt4_ethical49_5,1,human,agent,0.44,17,343
deepseek-r1_prompt0_ethical5_1,1,human,agent,0.67,23,301
deepseek-r1_prompt0_ethical5_2,1,human,agent,0.49,23,328
deepseek-r1_prompt0_ethical5_3,1,human,agent,0.50,15,292
deepseek-r1_prompt0_ethical5_4,1,human,agent,0.47,17,272
deepseek-r1_prompt0_ethical5_5,1,human,agent,0.21,18,287
deepseek-r1_prompt1_ethical5_1,1,human,agent,0.65,23,302
deepseek-r1_prompt1_ethical5_2,1,human,agent,0.50,23,347
deepseek-r1_prompt1_ethical5_3,1,human,agent,0.49,15,314
deepseek-r1_prompt1_ethical5_4,1,human,agent,0.42,17,301
deepseek-r1_prompt1_ethical5_5,1,human,agent,0.20,18,276
deepseek-r1_prompt2_ethical5_1,1,human,agent,0.66,23,257
deepseek-r1_prompt2_ethical5_2,1,human,agent,0.65,23,260
deepseek-r1_prompt2_ethical5_3,1,human,agent,0.59,15,303
deepseek-r1_prompt2_ethical5_4,1,human,agent,0.57,17,350
deepseek-r1_prompt2_ethical5_5,1,human,agent,0.29,18,335
deepseek-r1_prompt3_ethical5_1,1,human,agent,0.59,23,271
deepseek-r1_prompt3_ethical5_2,1,human,agent,0.57,23,294
deepseek-r1_prompt3_ethical5_3,1,human,agent,0.47,15,317
deepseek-r1_prompt3_ethical5_4,1,human,agent,0.44,17,309
deepseek-r1_prompt3_ethical5_5,1,human,agent,0.20,18,316
deepseek-r1_prompt4_ethical5_1,1,human,agent,0.66,23,307
deepseek-r1_prompt4_ethical5_2,1,human,agent,0.64,23,356
deepseek-r1_prompt4_ethical5_3,1,human,agent,0.51,15,321
deepseek-r1_prompt4_ethical5_4,1,human,agent,0.48,17,325
deepseek-r1_prompt4_ethical5_5,1,human,agent,0.25,18,313
deepseek-r1_prompt0_ethical50_1,1,human,agent,0.46,28,312
deepseek-r1_prompt0_ethical50_2,1,human,agent,0.39,24,330
deepseek-r1_prompt0_ethical50_3,1,human,agent,0.32,13,319
deepseek-r1_prompt0_ethical50_4,1,human,agent,0.59,21,317
deepseek-r1_prompt0_ethical50_5,1,human,agent,0.23,16,308
deepseek-r1_prompt1_ethical50_1,1,human,agent,0.43,28,249
deepseek-r1_prompt1_ethical50_2,1,human,agent,0.44,24,310
deepseek-r1_prompt1_ethical50_3,1,human,agent,0.31,13,367
deepseek-r1_prompt1_ethical50_4,1,human,agent,0.60,21,327
deepseek-r1_prompt1_ethical50_5,1,human,agent,0.24,16,318
deepseek-r1_prompt2_ethical50_1,1,human,agent,0.57,28,272
deepseek-r1_prompt2_ethical50_2,1,human,agent,0.46,24,309
deepseek-r1_prompt2_ethical50_3,1,human,agent,0.38,13,333
deepseek-r1_prompt2_ethical50_4,1,human,agent,0.60,21,352
deepseek-r1_prompt2_ethical50_5,1,human,agent,0.22,16,315
deepseek-r1_prompt3_ethical50_1,1,human,agent,0.52,28,279
deepseek-r1_prompt3_ethical50_2,1,human,agent,0.37,24,349
deepseek-r1_prompt3_ethical50_3,1,human,agent,0.31,13,351
deepseek-r1_prompt3_ethical50_4,1,human,agent,0.61,21,348
deepseek-r1_prompt3_ethical50_5,1,human,agent,0.25,16,325
deepseek-r1_prompt4_ethical50_1,1,human,agent,0.73,28,262
deepseek-r1_prompt4_ethical50_2,1,human,agent,0.45,24,338
deepseek-r1_prompt4_ethical50_3,1,human,agent,0.35,13,360
deepseek-r1_prompt4_ethical50_4,1,human,agent,0.67,21,328
deepseek-r1_prompt4_ethical50_5,1,human,agent,0.23,16,317
deepseek-r1_prompt0_ethical51_1,1,human,agent,0.39,26,366
deepseek-r1_prompt0_ethical51_2,1,human,agent,0.54,20,330
deepseek-r1_prompt0_ethical51_3,1,human,agent,0.35,16,309
deepseek-r1_prompt0_ethical51_4,1,human,agent,0.51,20,311
deepseek-r1_prompt0_ethical51_5,1,human,agent,0.29,19,305
deepseek-r1_prompt1_ethical51_1,1,human,agent,0.42,26,294
deepseek-r1_prompt1_ethical51_2,1,human,agent,0.60,20,299
deepseek-r1_prompt1_ethical51_3,1,human,agent,0.38,16,383
deepseek-r1_prompt1_ethical51_4,1,human,agent,0.42,20,331
deepseek-r1_prompt1_ethical51_5,1,human,agent,0.32,19,324
deepseek-r1_prompt2_ethical51_1,1,human,agent,0.50,26,292
deepseek-r1_prompt2_ethical51_2,1,human,agent,0.70,20,285
deepseek-r1_prompt2_ethical51_3,1,human,agent,0.44,16,373
deepseek-r1_prompt2_ethical51_4,1,human,agent,0.54,20,346
deepseek-r1_prompt2_ethical51_5,1,human,agent,0.37,19,359
deepseek-r1_prompt3_ethical51_1,1,human,agent,0.55,26,289
deepseek-r1_prompt3_ethical51_2,1,human,agent,0.59,20,340
deepseek-r1_prompt3_ethical51_3,1,human,agent,0.39,16,396
deepseek-r1_prompt3_ethical51_4,1,human,agent,0.48,20,342
deepseek-r1_prompt3_ethical51_5,1,human,agent,0.33,19,324
deepseek-r1_prompt4_ethical51_1,1,human,agent,0.60,26,300
deepseek-r1_prompt4_ethical51_2,1,human,agent,0.66,20,305
deepseek-r1_prompt4_ethical51_3,1,human,agent,0.49,16,353
deepseek-r1_prompt4_ethical51_4,1,human,agent,0.57,20,360
deepseek-r1_prompt4_ethical51_5,1,human,agent,0.39,19,365
deepseek-r1_prompt0_ethical52_1,1,human,agent,0.63,31,264
deepseek-r1_prompt0_ethical52_2,1,human,agent,0.55,22,362
deepseek-r1_prompt0_ethical52_3,1,human,agent,0.50,17,285
deepseek-r1_prompt0_ethical52_4,1,human,agent,0.59,19,329
deepseek-r1_prompt0_ethical52_5,1,human,agent,0.40,19,318
deepseek-r1_prompt1_ethical52_1,1,human,agent,0.57,31,247
deepseek-r1_prompt1_ethical52_2,1,human,agent,0.57,22,275
deepseek-r1_prompt1_ethical52_3,1,human,agent,0.56,17,309
deepseek-r1_prompt1_ethical52_4,1,human,agent,0.56,19,334
deepseek-r1_prompt1_ethical52_5,1,human,agent,0.43,19,325
deepseek-r1_prompt2_ethical52_1,1,human,agent,0.73,31,276
deepseek-r1_prompt2_ethical52_2,1,human,agent,0.68,22,269
deepseek-r1_prompt2_ethical52_3,1,human,agent,0.65,17,292
deepseek-r1_prompt2_ethical52_4,1,human,agent,0.63,19,309
deepseek-r1_prompt2_ethical52_5,1,human,agent,0.51,19,337
deepseek-r1_prompt3_ethical52_1,1,human,agent,0.63,31,275
deepseek-r1_prompt3_ethical52_2,1,human,agent,0.53,22,348
deepseek-r1_prompt3_ethical52_3,1,human,agent,0.53,17,323
deepseek-r1_prompt3_ethical52_4,1,human,agent,0.58,19,321
deepseek-r1_prompt3_ethical52_5,1,human,agent,0.40,19,344
deepseek-r1_prompt4_ethical52_1,1,human,agent,0.70,31,256
deepseek-r1_prompt4_ethical52_2,1,human,agent,0.60,22,305
deepseek-r1_prompt4_ethical52_3,1,human,agent,0.58,17,329
deepseek-r1_prompt4_ethical52_4,1,human,agent,0.62,19,321
deepseek-r1_prompt4_ethical52_5,1,human,agent,0.45,19,337
deepseek-r1_prompt0_ethical53_1,1,human,agent,0.30,21,280
deepseek-r1_prompt0_ethical53_2,1,human,agent,0.46,19,328
deepseek-r1_prompt0_ethical53_3,1,human,agent,0.31,15,312
deepseek-r1_prompt0_ethical53_4,1,human,agent,0.48,19,310
deepseek-r1_prompt0_ethical53_5,1,human,agent,0.40,20,303
deepseek-r1_prompt1_ethical53_1,1,human,agent,0.33,21,262
deepseek-r1_prompt1_ethical53_2,1,human,agent,0.46,19,311
deepseek-r1_prompt1_ethical53_3,1,human,agent,0.36,15,296
deepseek-r1_prompt1_ethical53_4,1,human,agent,0.56,19,324
deepseek-r1_prompt1_ethical53_5,1,human,agent,0.37,20,283
deepseek-r1_prompt2_ethical53_1,1,human,agent,0.39,21,292
deepseek-r1_prompt2_ethical53_2,1,human,agent,0.56,19,312
deepseek-r1_prompt2_ethical53_3,1,human,agent,0.45,15,330
deepseek-r1_prompt2_ethical53_4,1,human,agent,0.65,19,330
deepseek-r1_prompt2_ethical53_5,1,human,agent,0.46,20,348
deepseek-r1_prompt3_ethical53_1,1,human,agent,0.35,21,242
deepseek-r1_prompt3_ethical53_2,1,human,agent,0.45,19,281
deepseek-r1_prompt3_ethical53_3,1,human,agent,0.40,15,298
deepseek-r1_prompt3_ethical53_4,1,human,agent,0.63,19,340
deepseek-r1_prompt3_ethical53_5,1,human,agent,0.38,20,296
deepseek-r1_prompt4_ethical53_1,1,human,agent,0.36,21,270
deepseek-r1_prompt4_ethical53_2,1,human,agent,0.54,19,284
deepseek-r1_prompt4_ethical53_3,1,human,agent,0.49,15,307
deepseek-r1_prompt4_ethical53_4,1,human,agent,0.66,19,346
deepseek-r1_prompt4_ethical53_5,1,human,agent,0.46,20,343
deepseek-r1_prompt0_ethical54_1,1,human,agent,0.47,26,261
deepseek-r1_prompt0_ethical54_2,1,human,agent,0.38,20,328
deepseek-r1_prompt0_ethical54_3,1,human,agent,0.43,18,328
deepseek-r1_prompt0_ethical54_4,1,human,agent,0.59,17,306
deepseek-r1_prompt0_ethical54_5,1,human,agent,0.34,16,307
deepseek-r1_prompt1_ethical54_1,1,human,agent,0.48,26,269
deepseek-r1_prompt1_ethical54_2,1,human,agent,0.31,20,320
deepseek-r1_prompt1_ethical54_3,1,human,agent,0.40,18,315
deepseek-r1_prompt1_ethical54_4,1,human,agent,0.71,17,303
deepseek-r1_prompt1_ethical54_5,1,human,agent,0.32,16,340
deepseek-r1_prompt2_ethical54_1,1,human,agent,0.56,26,266
deepseek-r1_prompt2_ethical54_2,1,human,agent,0.47,20,296
deepseek-r1_prompt2_ethical54_3,1,human,agent,0.48,18,360
deepseek-r1_prompt2_ethical54_4,1,human,agent,0.71,17,340
deepseek-r1_prompt2_ethical54_5,1,human,agent,0.32,16,346
deepseek-r1_prompt3_ethical54_1,1,human,agent,0.55,26,265
deepseek-r1_prompt3_ethical54_2,1,human,agent,0.42,20,366
deepseek-r1_prompt3_ethical54_3,1,human,agent,0.48,18,332
deepseek-r1_prompt3_ethical54_4,1,human,agent,0.66,17,353
deepseek-r1_prompt3_ethical54_5,1,human,agent,0.32,16,327
deepseek-r1_prompt4_ethical54_1,1,human,agent,0.58,26,268
deepseek-r1_prompt4_ethical54_2,1,human,agent,0.57,20,287
deepseek-r1_prompt4_ethical54_3,1,human,agent,0.54,18,319
deepseek-r1_prompt4_ethical54_4,1,human,agent,0.69,17,337
deepseek-r1_prompt4_ethical54_5,1,human,agent,0.35,16,381
deepseek-r1_prompt0_ethical55_1,1,human,agent,0.49,19,254
deepseek-r1_prompt0_ethical55_2,1,human,agent,0.60,16,289
deepseek-r1_prompt0_ethical55_3,1,human,agent,0.34,14,333
deepseek-r1_prompt0_ethical55_4,1,human,agent,0.44,17,307
deepseek-r1_prompt0_ethical55_5,1,human,agent,0.30,14,301
deepseek-r1_prompt1_ethical55_1,1,human,agent,0.45,19,256
deepseek-r1_prompt1_ethical55_2,1,human,agent,0.55,16,316
deepseek-r1_prompt1_ethical55_3,1,human,agent,0.30,14,323
deepseek-r1_prompt1_ethical55_4,1,human,agent,0.48,17,293
deepseek-r1_prompt1_ethical55_5,1,human,agent,0.32,14,283
deepseek-r1_prompt2_ethical55_1,1,human,agent,0.55,19,293
deepseek-r1_prompt2_ethical55_2,1,human,agent,0.56,16,304
deepseek-r1_prompt2_ethical55_3,1,human,agent,0.42,14,349
deepseek-r1_prompt2_ethical55_4,1,human,agent,0.53,17,339
deepseek-r1_prompt2_ethical55_5,1,human,agent,0.32,14,367
deepseek-r1_prompt3_ethical55_1,1,human,agent,0.36,19,274
deepseek-r1_prompt3_ethical55_2,1,human,agent,0.47,16,286
deepseek-r1_prompt3_ethical55_3,1,human,agent,0.28,14,354
deepseek-r1_prompt3_ethical55_4,1,human,agent,0.61,17,382
deepseek-r1_prompt3_ethical55_5,1,human,agent,0.28,14,361
deepseek-r1_prompt4_ethical55_1,1,human,agent,0.46,19,259
deepseek-r1_prompt4_ethical55_2,1,human,agent,0.52,16,267
deepseek-r1_prompt4_ethical55_3,1,human,agent,0.38,14,300
deepseek-r1_prompt4_ethical55_4,1,human,agent,0.51,17,374
deepseek-r1_prompt4_ethical55_5,1,human,agent,0.32,14,350
deepseek-r1_prompt0_ethical56_1,1,human,agent,0.24,16,209
deepseek-r1_prompt0_ethical56_2,1,human,agent,0.09,14,278
deepseek-r1_prompt0_ethical56_3,1,human,agent,0.57,24,295
deepseek-r1_prompt0_ethical56_4,1,human,agent,0.39,18,297
deepseek-r1_prompt0_ethical56_5,1,human,agent,0.22,16,277
deepseek-r1_prompt1_ethical56_1,1,human,agent,0.20,16,244
deepseek-r1_prompt1_ethical56_2,1,human,agent,0.09,14,355
deepseek-r1_prompt1_ethical56_3,1,human,agent,0.55,24,344
deepseek-r1_prompt1_ethical56_4,1,human,agent,0.31,18,287
deepseek-r1_prompt1_ethical56_5,1,human,agent,0.24,16,292
deepseek-r1_prompt2_ethical56_1,1,human,agent,0.28,16,264
deepseek-r1_prompt2_ethical56_2,1,human,agent,0.14,14,271
deepseek-r1_prompt2_ethical56_3,1,human,agent,0.66,24,294
deepseek-r1_prompt2_ethical56_4,1,human,agent,0.41,18,340
deepseek-r1_prompt2_ethical56_5,1,human,agent,0.24,16,283
deepseek-r1_prompt3_ethical56_1,1,human,agent,0.18,16,277
deepseek-r1_prompt3_ethical56_2,1,human,agent,0.08,14,351
deepseek-r1_prompt3_ethical56_3,1,human,agent,0.57,24,335
deepseek-r1_prompt3_ethical56_4,1,human,agent,0.36,18,307
deepseek-r1_prompt3_ethical56_5,1,human,agent,0.24,16,293
deepseek-r1_prompt4_ethical56_1,1,human,agent,0.27,16,284
deepseek-r1_prompt4_ethical56_2,1,human,agent,0.13,14,269
deepseek-r1_prompt4_ethical56_3,1,human,agent,0.62,24,307
deepseek-r1_prompt4_ethical56_4,1,human,agent,0.47,18,357
deepseek-r1_prompt4_ethical56_5,1,human,agent,0.24,16,358
deepseek-r1_prompt0_ethical57_1,1,human,agent,0.47,24,273
deepseek-r1_prompt0_ethical57_2,1,human,agent,0.43,21,293
deepseek-r1_prompt0_ethical57_3,1,human,agent,0.46,20,319
deepseek-r1_prompt0_ethical57_4,1,human,agent,0.52,18,327
deepseek-r1_prompt0_ethical57_5,1,human,agent,0.19,14,272
deepseek-r1_prompt1_ethical57_1,1,human,agent,0.55,24,234
deepseek-r1_prompt1_ethical57_2,1,human,agent,0.45,21,278
deepseek-r1_prompt1_ethical57_3,1,human,agent,0.52,20,315
deepseek-r1_prompt1_ethical57_4,1,human,agent,0.60,18,311
deepseek-r1_prompt1_ethical57_5,1,human,agent,0.24,14,304
deepseek-r1_prompt2_ethical57_1,1,human,agent,0.58,24,249
deepseek-r1_prompt2_ethical57_2,1,human,agent,0.50,21,256
deepseek-r1_prompt2_ethical57_3,1,human,agent,0.52,20,292
deepseek-r1_prompt2_ethical57_4,1,human,agent,0.62,18,365
deepseek-r1_prompt2_ethical57_5,1,human,agent,0.25,14,332
deepseek-r1_prompt3_ethical57_1,1,human,agent,0.53,24,251
deepseek-r1_prompt3_ethical57_2,1,human,agent,0.45,21,314
deepseek-r1_prompt3_ethical57_3,1,human,agent,0.44,20,325
deepseek-r1_prompt3_ethical57_4,1,human,agent,0.52,18,322
deepseek-r1_prompt3_ethical57_5,1,human,agent,0.21,14,324
deepseek-r1_prompt4_ethical57_1,1,human,agent,0.60,24,262
deepseek-r1_prompt4_ethical57_2,1,human,agent,0.52,21,315
deepseek-r1_prompt4_ethical57_3,1,human,agent,0.49,20,356
deepseek-r1_prompt4_ethical57_4,1,human,agent,0.63,18,337
deepseek-r1_prompt4_ethical57_5,1,human,agent,0.23,14,324
deepseek-r1_prompt0_ethical58_1,1,human,agent,0.60,33,290
deepseek-r1_prompt0_ethical58_2,1,human,agent,0.62,22,311
deepseek-r1_prompt0_ethical58_3,1,human,agent,0.64,18,329
deepseek-r1_prompt0_ethical58_4,1,human,agent,0.40,15,310
deepseek-r1_prompt0_ethical58_5,1,human,agent,0.28,15,293
deepseek-r1_prompt1_ethical58_1,1,human,agent,0.56,33,252
deepseek-r1_prompt1_ethical58_2,1,human,agent,0.56,22,316
deepseek-r1_prompt1_ethical58_3,1,human,agent,0.62,18,351
deepseek-r1_prompt1_ethical58_4,1,human,agent,0.43,15,317
deepseek-r1_prompt1_ethical58_5,1,human,agent,0.32,15,289
deepseek-r1_prompt2_ethical58_1,1,human,agent,0.63,33,250
deepseek-r1_prompt2_ethical58_2,1,human,agent,0.62,22,247
deepseek-r1_prompt2_ethical58_3,1,human,agent,0.69,18,298
deepseek-r1_prompt2_ethical58_4,1,human,agent,0.47,15,288
deepseek-r1_prompt2_ethical58_5,1,human,agent,0.38,15,292
deepseek-r1_prompt3_ethical58_1,1,human,agent,0.63,33,270
deepseek-r1_prompt3_ethical58_2,1,human,agent,0.59,22,309
deepseek-r1_prompt3_ethical58_3,1,human,agent,0.58,18,339
deepseek-r1_prompt3_ethical58_4,1,human,agent,0.33,15,327
deepseek-r1_prompt3_ethical58_5,1,human,agent,0.30,15,346
deepseek-r1_prompt4_ethical58_1,1,human,agent,0.64,33,251
deepseek-r1_prompt4_ethical58_2,1,human,agent,0.68,22,271
deepseek-r1_prompt4_ethical58_3,1,human,agent,0.62,18,297
deepseek-r1_prompt4_ethical58_4,1,human,agent,0.42,15,314
deepseek-r1_prompt4_ethical58_5,1,human,agent,0.35,15,345
deepseek-r1_prompt0_ethical59_1,1,human,agent,0.43,32,240
deepseek-r1_prompt0_ethical59_2,1,human,agent,0.46,23,350
deepseek-r1_prompt0_ethical59_3,1,human,agent,0.41,16,304
deepseek-r1_prompt0_ethical59_4,1,human,agent,0.37,17,310
deepseek-r1_prompt0_ethical59_5,1,human,agent,0.33,18,288
deepseek-r1_prompt1_ethical59_1,1,human,agent,0.48,32,268
deepseek-r1_prompt1_ethical59_2,1,human,agent,0.48,23,307
deepseek-r1_prompt1_ethical59_3,1,human,agent,0.42,16,355
deepseek-r1_prompt1_ethical59_4,1,human,agent,0.38,17,300
deepseek-r1_prompt1_ethical59_5,1,human,agent,0.35,18,310
deepseek-r1_prompt2_ethical59_1,1,human,agent,0.53,32,256
deepseek-r1_prompt2_ethical59_2,1,human,agent,0.52,23,290
deepseek-r1_prompt2_ethical59_3,1,human,agent,0.41,16,298
deepseek-r1_prompt2_ethical59_4,1,human,agent,0.44,17,353
deepseek-r1_prompt2_ethical59_5,1,human,agent,0.55,18,364
deepseek-r1_prompt3_ethical59_1,1,human,agent,0.48,32,262
deepseek-r1_prompt3_ethical59_2,1,human,agent,0.48,23,281
deepseek-r1_prompt3_ethical59_3,1,human,agent,0.38,16,344
deepseek-r1_prompt3_ethical59_4,1,human,agent,0.40,17,323
deepseek-r1_prompt3_ethical59_5,1,human,agent,0.40,18,323
deepseek-r1_prompt4_ethical59_1,1,human,agent,0.51,32,255
deepseek-r1_prompt4_ethical59_2,1,human,agent,0.52,23,285
deepseek-r1_prompt4_ethical59_3,1,human,agent,0.44,16,326
deepseek-r1_prompt4_ethical59_4,1,human,agent,0.46,17,362
deepseek-r1_prompt4_ethical59_5,1,human,agent,0.50,18,362
deepseek-r1_prompt0_ethical6_1,1,human,agent,0.50,28,248
deepseek-r1_prompt0_ethical6_2,1,human,agent,0.45,21,314
deepseek-r1_prompt0_ethical6_3,1,human,agent,0.74,19,324
deepseek-r1_prompt0_ethical6_4,1,human,agent,0.61,18,298
deepseek-r1_prompt0_ethical6_5,1,human,agent,0.21,15,296
deepseek-r1_prompt1_ethical6_1,1,human,agent,0.46,28,284
deepseek-r1_prompt1_ethical6_2,1,human,agent,0.49,21,311
deepseek-r1_prompt1_ethical6_3,1,human,agent,0.75,19,305
deepseek-r1_prompt1_ethical6_4,1,human,agent,0.71,18,315
deepseek-r1_prompt1_ethical6_5,1,human,agent,0.19,15,297
deepseek-r1_prompt2_ethical6_1,1,human,agent,0.59,28,262
deepseek-r1_prompt2_ethical6_2,1,human,agent,0.47,21,296
deepseek-r1_prompt2_ethical6_3,1,human,agent,0.81,19,316
deepseek-r1_prompt2_ethical6_4,1,human,agent,0.70,18,318
deepseek-r1_prompt2_ethical6_5,1,human,agent,0.21,15,338
deepseek-r1_prompt3_ethical6_1,1,human,agent,0.54,28,269
deepseek-r1_prompt3_ethical6_2,1,human,agent,0.52,21,325
deepseek-r1_prompt3_ethical6_3,1,human,agent,0.76,19,307
deepseek-r1_prompt3_ethical6_4,1,human,agent,0.65,18,309
deepseek-r1_prompt3_ethical6_5,1,human,agent,0.23,15,304
deepseek-r1_prompt4_ethical6_1,1,human,agent,0.57,28,240
deepseek-r1_prompt4_ethical6_2,1,human,agent,0.55,21,301
deepseek-r1_prompt4_ethical6_3,1,human,agent,0.79,19,333
deepseek-r1_prompt4_ethical6_4,1,human,agent,0.67,18,381
deepseek-r1_prompt4_ethical6_5,1,human,agent,0.24,15,338
deepseek-r1_prompt0_ethical60_1,1,human,agent,0.36,24,267
deepseek-r1_prompt0_ethical60_2,1,human,agent,0.47,17,308
deepseek-r1_prompt0_ethical60_3,1,human,agent,0.36,18,297
deepseek-r1_prompt0_ethical60_4,1,human,agent,0.55,15,300
deepseek-r1_prompt0_ethical60_5,1,human,agent,0.30,14,282
deepseek-r1_prompt1_ethical60_1,1,human,agent,0.41,24,265
deepseek-r1_prompt1_ethical60_2,1,human,agent,0.54,17,304
deepseek-r1_prompt1_ethical60_3,1,human,agent,0.45,18,344
deepseek-r1_prompt1_ethical60_4,1,human,agent,0.59,15,309
deepseek-r1_prompt1_ethical60_5,1,human,agent,0.32,14,284
deepseek-r1_prompt2_ethical60_1,1,human,agent,0.52,24,261
deepseek-r1_prompt2_ethical60_2,1,human,agent,0.58,17,278
deepseek-r1_prompt2_ethical60_3,1,human,agent,0.53,18,312
deepseek-r1_prompt2_ethical60_4,1,human,agent,0.71,15,287
deepseek-r1_prompt2_ethical60_5,1,human,agent,0.39,14,338
deepseek-r1_prompt3_ethical60_1,1,human,agent,0.44,24,281
deepseek-r1_prompt3_ethical60_2,1,human,agent,0.49,17,348
deepseek-r1_prompt3_ethical60_3,1,human,agent,0.43,18,374
deepseek-r1_prompt3_ethical60_4,1,human,agent,0.61,15,351
deepseek-r1_prompt3_ethical60_5,1,human,agent,0.33,14,312
deepseek-r1_prompt4_ethical60_1,1,human,agent,0.52,24,279
deepseek-r1_prompt4_ethical60_2,1,human,agent,0.60,17,310
deepseek-r1_prompt4_ethical60_3,1,human,agent,0.47,18,321
deepseek-r1_prompt4_ethical60_4,1,human,agent,0.66,15,343
deepseek-r1_prompt4_ethical60_5,1,human,agent,0.38,14,332
deepseek-r1_prompt0_ethical61_1,1,human,agent,0.34,20,276
deepseek-r1_prompt0_ethical61_2,1,human,agent,0.55,19,318
deepseek-r1_prompt0_ethical61_3,1,human,agent,0.22,16,286
deepseek-r1_prompt0_ethical61_4,1,human,agent,0.47,16,268
deepseek-r1_prompt0_ethical61_5,1,human,agent,0.27,14,310
deepseek-r1_prompt1_ethical61_1,1,human,agent,0.30,20,237
deepseek-r1_prompt1_ethical61_2,1,human,agent,0.57,19,297
deepseek-r1_prompt1_ethical61_3,1,human,agent,0.29,16,337
deepseek-r1_prompt1_ethical61_4,1,human,agent,0.59,16,281
deepseek-r1_prompt1_ethical61_5,1,human,agent,0.15,14,280
deepseek-r1_prompt2_ethical61_1,1,human,agent,0.40,20,267
deepseek-r1_prompt2_ethical61_2,1,human,agent,0.72,19,279
deepseek-r1_prompt2_ethical61_3,1,human,agent,0.38,16,311
deepseek-r1_prompt2_ethical61_4,1,human,agent,0.52,16,318
deepseek-r1_prompt2_ethical61_5,1,human,agent,0.16,14,316
deepseek-r1_prompt3_ethical61_1,1,human,agent,0.36,20,265
deepseek-r1_prompt3_ethical61_2,1,human,agent,0.65,19,279
deepseek-r1_prompt3_ethical61_3,1,human,agent,0.30,16,305
deepseek-r1_prompt3_ethical61_4,1,human,agent,0.47,16,299
deepseek-r1_prompt3_ethical61_5,1,human,agent,0.18,14,297
deepseek-r1_prompt4_ethical61_1,1,human,agent,0.46,20,271
deepseek-r1_prompt4_ethical61_2,1,human,agent,0.66,19,320
deepseek-r1_prompt4_ethical61_3,1,human,agent,0.30,16,332
deepseek-r1_prompt4_ethical61_4,1,human,agent,0.58,16,355
deepseek-r1_prompt4_ethical61_5,1,human,agent,0.18,14,358
deepseek-r1_prompt0_ethical62_1,1,human,agent,0.53,21,285
deepseek-r1_prompt0_ethical62_2,1,human,agent,0.39,21,312
deepseek-r1_prompt0_ethical62_3,1,human,agent,0.50,17,316
deepseek-r1_prompt0_ethical62_4,1,human,agent,0.46,21,310
deepseek-r1_prompt0_ethical62_5,1,human,agent,0.22,17,295
deepseek-r1_prompt1_ethical62_1,1,human,agent,0.51,21,233
deepseek-r1_prompt1_ethical62_2,1,human,agent,0.32,21,344
deepseek-r1_prompt1_ethical62_3,1,human,agent,0.57,17,309
deepseek-r1_prompt1_ethical62_4,1,human,agent,0.49,21,314
deepseek-r1_prompt1_ethical62_5,1,human,agent,0.29,17,284
deepseek-r1_prompt2_ethical62_1,1,human,agent,0.51,21,268
deepseek-r1_prompt2_ethical62_2,1,human,agent,0.45,21,279
deepseek-r1_prompt2_ethical62_3,1,human,agent,0.60,17,335
deepseek-r1_prompt2_ethical62_4,1,human,agent,0.45,21,335
deepseek-r1_prompt2_ethical62_5,1,human,agent,0.27,17,329
deepseek-r1_prompt3_ethical62_1,1,human,agent,0.52,21,268
deepseek-r1_prompt3_ethical62_2,1,human,agent,0.37,21,358
deepseek-r1_prompt3_ethical62_3,1,human,agent,0.55,17,318
deepseek-r1_prompt3_ethical62_4,1,human,agent,0.46,21,320
deepseek-r1_prompt3_ethical62_5,1,human,agent,0.25,17,317
deepseek-r1_prompt4_ethical62_1,1,human,agent,0.62,21,285
deepseek-r1_prompt4_ethical62_2,1,human,agent,0.47,21,317
deepseek-r1_prompt4_ethical62_3,1,human,agent,0.64,17,348
deepseek-r1_prompt4_ethical62_4,1,human,agent,0.48,21,362
deepseek-r1_prompt4_ethical62_5,1,human,agent,0.29,17,343
deepseek-r1_prompt0_ethical63_1,1,human,agent,0.33,26,248
deepseek-r1_prompt0_ethical63_2,1,human,agent,0.63,26,291
deepseek-r1_prompt0_ethical63_3,1,human,agent,0.49,14,344
deepseek-r1_prompt0_ethical63_4,1,human,agent,0.49,18,301
deepseek-r1_prompt0_ethical63_5,1,human,agent,0.27,16,275
deepseek-r1_prompt1_ethical63_1,1,human,agent,0.40,26,258
deepseek-r1_prompt1_ethical63_2,1,human,agent,0.65,26,278
deepseek-r1_prompt1_ethical63_3,1,human,agent,0.40,14,340
deepseek-r1_prompt1_ethical63_4,1,human,agent,0.38,18,311
deepseek-r1_prompt1_ethical63_5,1,human,agent,0.27,16,278
deepseek-r1_prompt2_ethical63_1,1,human,agent,0.48,26,273
deepseek-r1_prompt2_ethical63_2,1,human,agent,0.72,26,292
deepseek-r1_prompt2_ethical63_3,1,human,agent,0.55,14,304
deepseek-r1_prompt2_ethical63_4,1,human,agent,0.45,18,321
deepseek-r1_prompt2_ethical63_5,1,human,agent,0.33,16,338
deepseek-r1_prompt3_ethical63_1,1,human,agent,0.42,26,266
deepseek-r1_prompt3_ethical63_2,1,human,agent,0.69,26,327
deepseek-r1_prompt3_ethical63_3,1,human,agent,0.49,14,362
deepseek-r1_prompt3_ethical63_4,1,human,agent,0.43,18,337
deepseek-r1_prompt3_ethical63_5,1,human,agent,0.29,16,309
deepseek-r1_prompt4_ethical63_1,1,human,agent,0.52,26,306
deepseek-r1_prompt4_ethical63_2,1,human,agent,0.72,26,288
deepseek-r1_prompt4_ethical63_3,1,human,agent,0.54,14,323
deepseek-r1_prompt4_ethical63_4,1,human,agent,0.45,18,345
deepseek-r1_prompt4_ethical63_5,1,human,agent,0.32,16,377
deepseek-r1_prompt0_ethical64_1,1,human,agent,0.50,33,287
deepseek-r1_prompt0_ethical64_2,1,human,agent,0.53,21,331
deepseek-r1_prompt0_ethical64_3,1,human,agent,0.39,20,312
deepseek-r1_prompt0_ethical64_4,1,human,agent,0.34,21,285
deepseek-r1_prompt0_ethical64_5,1,human,agent,0.28,17,281
deepseek-r1_prompt1_ethical64_1,1,human,agent,0.64,33,278
deepseek-r1_prompt1_ethical64_2,1,human,agent,0.51,21,348
deepseek-r1_prompt1_ethical64_3,1,human,agent,0.43,20,293
deepseek-r1_prompt1_ethical64_4,1,human,agent,0.39,21,294
deepseek-r1_prompt1_ethical64_5,1,human,agent,0.31,17,294
deepseek-r1_prompt2_ethical64_1,1,human,agent,0.61,33,270
deepseek-r1_prompt2_ethical64_2,1,human,agent,0.69,21,309
deepseek-r1_prompt2_ethical64_3,1,human,agent,0.60,20,372
deepseek-r1_prompt2_ethical64_4,1,human,agent,0.43,21,359
deepseek-r1_prompt2_ethical64_5,1,human,agent,0.36,17,337
deepseek-r1_prompt3_ethical64_1,1,human,agent,0.54,33,284
deepseek-r1_prompt3_ethical64_2,1,human,agent,0.57,21,346
deepseek-r1_prompt3_ethical64_3,1,human,agent,0.44,20,326
deepseek-r1_prompt3_ethical64_4,1,human,agent,0.31,21,318
deepseek-r1_prompt3_ethical64_5,1,human,agent,0.27,17,309
deepseek-r1_prompt4_ethical64_1,1,human,agent,0.64,33,263
deepseek-r1_prompt4_ethical64_2,1,human,agent,0.59,21,293
deepseek-r1_prompt4_ethical64_3,1,human,agent,0.60,20,321
deepseek-r1_prompt4_ethical64_4,1,human,agent,0.45,21,323
deepseek-r1_prompt4_ethical64_5,1,human,agent,0.37,17,316
deepseek-r1_prompt0_ethical65_1,1,human,agent,0.57,32,229
deepseek-r1_prompt0_ethical65_2,1,human,agent,0.50,20,321
deepseek-r1_prompt0_ethical65_3,1,human,agent,0.64,20,328
deepseek-r1_prompt0_ethical65_4,1,human,agent,0.58,19,320
deepseek-r1_prompt0_ethical65_5,1,human,agent,0.53,20,335
deepseek-r1_prompt1_ethical65_1,1,human,agent,0.61,32,233
deepseek-r1_prompt1_ethical65_2,1,human,agent,0.58,20,283
deepseek-r1_prompt1_ethical65_3,1,human,agent,0.62,20,313
deepseek-r1_prompt1_ethical65_4,1,human,agent,0.64,19,328
deepseek-r1_prompt1_ethical65_5,1,human,agent,0.55,20,312
deepseek-r1_prompt2_ethical65_1,1,human,agent,0.65,32,268
deepseek-r1_prompt2_ethical65_2,1,human,agent,0.59,20,307
deepseek-r1_prompt2_ethical65_3,1,human,agent,0.66,20,310
deepseek-r1_prompt2_ethical65_4,1,human,agent,0.65,19,320
deepseek-r1_prompt2_ethical65_5,1,human,agent,0.55,20,342
deepseek-r1_prompt3_ethical65_1,1,human,agent,0.62,32,273
deepseek-r1_prompt3_ethical65_2,1,human,agent,0.55,20,329
deepseek-r1_prompt3_ethical65_3,1,human,agent,0.63,20,361
deepseek-r1_prompt3_ethical65_4,1,human,agent,0.60,19,311
deepseek-r1_prompt3_ethical65_5,1,human,agent,0.50,20,343
deepseek-r1_prompt4_ethical65_1,1,human,agent,0.69,32,290
deepseek-r1_prompt4_ethical65_2,1,human,agent,0.58,20,301
deepseek-r1_prompt4_ethical65_3,1,human,agent,0.73,20,332
deepseek-r1_prompt4_ethical65_4,1,human,agent,0.68,19,373
deepseek-r1_prompt4_ethical65_5,1,human,agent,0.51,20,352
deepseek-r1_prompt0_ethical66_1,1,human,agent,0.43,29,285
deepseek-r1_prompt0_ethical66_2,1,human,agent,0.68,26,369
deepseek-r1_prompt0_ethical66_3,1,human,agent,0.42,20,279
deepseek-r1_prompt0_ethical66_4,1,human,agent,0.52,18,316
deepseek-r1_prompt0_ethical66_5,1,human,agent,0.27,18,292
deepseek-r1_prompt1_ethical66_1,1,human,agent,0.49,29,270
deepseek-r1_prompt1_ethical66_2,1,human,agent,0.69,26,327
deepseek-r1_prompt1_ethical66_3,1,human,agent,0.49,20,387
deepseek-r1_prompt1_ethical66_4,1,human,agent,0.48,18,336
deepseek-r1_prompt1_ethical66_5,1,human,agent,0.31,18,340
deepseek-r1_prompt2_ethical66_1,1,human,agent,0.63,29,281
deepseek-r1_prompt2_ethical66_2,1,human,agent,0.71,26,297
deepseek-r1_prompt2_ethical66_3,1,human,agent,0.63,20,310
deepseek-r1_prompt2_ethical66_4,1,human,agent,0.61,18,382
deepseek-r1_prompt2_ethical66_5,1,human,agent,0.38,18,347
deepseek-r1_prompt3_ethical66_1,1,human,agent,0.51,29,254
deepseek-r1_prompt3_ethical66_2,1,human,agent,0.60,26,375
deepseek-r1_prompt3_ethical66_3,1,human,agent,0.50,20,326
deepseek-r1_prompt3_ethical66_4,1,human,agent,0.51,18,322
deepseek-r1_prompt3_ethical66_5,1,human,agent,0.33,18,341
deepseek-r1_prompt4_ethical66_1,1,human,agent,0.58,29,265
deepseek-r1_prompt4_ethical66_2,1,human,agent,0.64,26,254
deepseek-r1_prompt4_ethical66_3,1,human,agent,0.59,20,290
deepseek-r1_prompt4_ethical66_4,1,human,agent,0.56,18,327
deepseek-r1_prompt4_ethical66_5,1,human,agent,0.35,18,310
deepseek-r1_prompt0_ethical67_1,1,human,agent,0.33,22,228
deepseek-r1_prompt0_ethical67_2,1,human,agent,0.50,16,354
deepseek-r1_prompt0_ethical67_3,1,human,agent,0.55,16,292
deepseek-r1_prompt0_ethical67_4,1,human,agent,0.60,19,297
deepseek-r1_prompt0_ethical67_5,1,human,agent,0.26,16,313
deepseek-r1_prompt1_ethical67_1,1,human,agent,0.32,22,221
deepseek-r1_prompt1_ethical67_2,1,human,agent,0.48,16,306
deepseek-r1_prompt1_ethical67_3,1,human,agent,0.59,16,336
deepseek-r1_prompt1_ethical67_4,1,human,agent,0.57,19,316
deepseek-r1_prompt1_ethical67_5,1,human,agent,0.29,16,297
deepseek-r1_prompt2_ethical67_1,1,human,agent,0.44,22,250
deepseek-r1_prompt2_ethical67_2,1,human,agent,0.56,16,250
deepseek-r1_prompt2_ethical67_3,1,human,agent,0.65,16,301
deepseek-r1_prompt2_ethical67_4,1,human,agent,0.71,19,358
deepseek-r1_prompt2_ethical67_5,1,human,agent,0.29,16,359
deepseek-r1_prompt3_ethical67_1,1,human,agent,0.32,22,250
deepseek-r1_prompt3_ethical67_2,1,human,agent,0.51,16,305
deepseek-r1_prompt3_ethical67_3,1,human,agent,0.64,16,376
deepseek-r1_prompt3_ethical67_4,1,human,agent,0.65,19,342
deepseek-r1_prompt3_ethical67_5,1,human,agent,0.25,16,313
deepseek-r1_prompt4_ethical67_1,1,human,agent,0.39,22,286
deepseek-r1_prompt4_ethical67_2,1,human,agent,0.50,16,350
deepseek-r1_prompt4_ethical67_3,1,human,agent,0.66,16,377
deepseek-r1_prompt4_ethical67_4,1,human,agent,0.70,19,363
deepseek-r1_prompt4_ethical67_5,1,human,agent,0.28,16,356
deepseek-r1_prompt0_ethical68_1,1,human,agent,0.49,25,313
deepseek-r1_prompt0_ethical68_2,1,human,agent,0.58,22,304
deepseek-r1_prompt0_ethical68_3,1,human,agent,0.27,16,311
deepseek-r1_prompt0_ethical68_4,1,human,agent,0.51,20,321
deepseek-r1_prompt0_ethical68_5,1,human,agent,0.40,19,299
deepseek-r1_prompt1_ethical68_1,1,human,agent,0.47,25,288
deepseek-r1_prompt1_ethical68_2,1,human,agent,0.49,22,292
deepseek-r1_prompt1_ethical68_3,1,human,agent,0.26,16,342
deepseek-r1_prompt1_ethical68_4,1,human,agent,0.55,20,295
deepseek-r1_prompt1_ethical68_5,1,human,agent,0.39,19,319
deepseek-r1_prompt2_ethical68_1,1,human,agent,0.55,25,254
deepseek-r1_prompt2_ethical68_2,1,human,agent,0.78,22,266
deepseek-r1_prompt2_ethical68_3,1,human,agent,0.46,16,315
deepseek-r1_prompt2_ethical68_4,1,human,agent,0.69,20,326
deepseek-r1_prompt2_ethical68_5,1,human,agent,0.45,19,348
deepseek-r1_prompt3_ethical68_1,1,human,agent,0.46,25,292
deepseek-r1_prompt3_ethical68_2,1,human,agent,0.63,22,319
deepseek-r1_prompt3_ethical68_3,1,human,agent,0.37,16,328
deepseek-r1_prompt3_ethical68_4,1,human,agent,0.65,20,327
deepseek-r1_prompt3_ethical68_5,1,human,agent,0.35,19,322
deepseek-r1_prompt4_ethical68_1,1,human,agent,0.69,25,301
deepseek-r1_prompt4_ethical68_2,1,human,agent,0.77,22,284
deepseek-r1_prompt4_ethical68_3,1,human,agent,0.46,16,356
deepseek-r1_prompt4_ethical68_4,1,human,agent,0.70,20,347
deepseek-r1_prompt4_ethical68_5,1,human,agent,0.44,19,350
deepseek-r1_prompt0_ethical69_1,1,human,agent,0.44,26,274
deepseek-r1_prompt0_ethical69_2,1,human,agent,0.52,29,328
deepseek-r1_prompt0_ethical69_3,1,human,agent,0.57,15,308
deepseek-r1_prompt0_ethical69_4,1,human,agent,0.47,24,300
deepseek-r1_prompt0_ethical69_5,1,human,agent,0.33,19,305
deepseek-r1_prompt1_ethical69_1,1,human,agent,0.50,26,280
deepseek-r1_prompt1_ethical69_2,1,human,agent,0.52,29,328
deepseek-r1_prompt1_ethical69_3,1,human,agent,0.47,15,327
deepseek-r1_prompt1_ethical69_4,1,human,agent,0.53,24,305
deepseek-r1_prompt1_ethical69_5,1,human,agent,0.36,19,318
deepseek-r1_prompt2_ethical69_1,1,human,agent,0.54,26,286
deepseek-r1_prompt2_ethical69_2,1,human,agent,0.69,29,281
deepseek-r1_prompt2_ethical69_3,1,human,agent,0.57,15,276
deepseek-r1_prompt2_ethical69_4,1,human,agent,0.63,24,320
deepseek-r1_prompt2_ethical69_5,1,human,agent,0.49,19,302
deepseek-r1_prompt3_ethical69_1,1,human,agent,0.50,26,282
deepseek-r1_prompt3_ethical69_2,1,human,agent,0.64,29,338
deepseek-r1_prompt3_ethical69_3,1,human,agent,0.48,15,363
deepseek-r1_prompt3_ethical69_4,1,human,agent,0.60,24,367
deepseek-r1_prompt3_ethical69_5,1,human,agent,0.35,19,303
deepseek-r1_prompt4_ethical69_1,1,human,agent,0.57,26,261
deepseek-r1_prompt4_ethical69_2,1,human,agent,0.65,29,301
deepseek-r1_prompt4_ethical69_3,1,human,agent,0.51,15,348
deepseek-r1_prompt4_ethical69_4,1,human,agent,0.72,24,373
deepseek-r1_prompt4_ethical69_5,1,human,agent,0.47,19,353
deepseek-r1_prompt0_ethical7_1,1,human,agent,0.30,22,271
deepseek-r1_prompt0_ethical7_2,1,human,agent,0.63,22,306
deepseek-r1_prompt0_ethical7_3,1,human,agent,0.49,18,364
deepseek-r1_prompt0_ethical7_4,1,human,agent,0.42,18,309
deepseek-r1_prompt0_ethical7_5,1,human,agent,0.32,15,340
deepseek-r1_prompt1_ethical7_1,1,human,agent,0.33,22,281
deepseek-r1_prompt1_ethical7_2,1,human,agent,0.66,22,293
deepseek-r1_prompt1_ethical7_3,1,human,agent,0.62,18,324
deepseek-r1_prompt1_ethical7_4,1,human,agent,0.44,18,329
deepseek-r1_prompt1_ethical7_5,1,human,agent,0.34,15,333
deepseek-r1_prompt2_ethical7_1,1,human,agent,0.39,22,287
deepseek-r1_prompt2_ethical7_2,1,human,agent,0.80,22,339
deepseek-r1_prompt2_ethical7_3,1,human,agent,0.60,18,357
deepseek-r1_prompt2_ethical7_4,1,human,agent,0.45,18,318
deepseek-r1_prompt2_ethical7_5,1,human,agent,0.35,15,318
deepseek-r1_prompt3_ethical7_1,1,human,agent,0.35,22,277
deepseek-r1_prompt3_ethical7_2,1,human,agent,0.67,22,317
deepseek-r1_prompt3_ethical7_3,1,human,agent,0.59,18,324
deepseek-r1_prompt3_ethical7_4,1,human,agent,0.44,18,306
deepseek-r1_prompt3_ethical7_5,1,human,agent,0.29,15,306
deepseek-r1_prompt4_ethical7_1,1,human,agent,0.38,22,270
deepseek-r1_prompt4_ethical7_2,1,human,agent,0.80,22,318
deepseek-r1_prompt4_ethical7_3,1,human,agent,0.64,18,345
deepseek-r1_prompt4_ethical7_4,1,human,agent,0.48,18,323
deepseek-r1_prompt4_ethical7_5,1,human,agent,0.36,15,312
deepseek-r1_prompt0_ethical70_1,1,human,agent,0.55,28,293
deepseek-r1_prompt0_ethical70_2,1,human,agent,0.60,24,347
deepseek-r1_prompt0_ethical70_3,1,human,agent,0.70,19,312
deepseek-r1_prompt0_ethical70_4,1,human,agent,0.49,19,303
deepseek-r1_prompt0_ethical70_5,1,human,agent,0.36,17,285
deepseek-r1_prompt1_ethical70_1,1,human,agent,0.63,28,271
deepseek-r1_prompt1_ethical70_2,1,human,agent,0.62,24,334
deepseek-r1_prompt1_ethical70_3,1,human,agent,0.81,19,318
deepseek-r1_prompt1_ethical70_4,1,human,agent,0.51,19,306
deepseek-r1_prompt1_ethical70_5,1,human,agent,0.37,17,331
deepseek-r1_prompt2_ethical70_1,1,human,agent,0.70,28,247
deepseek-r1_prompt2_ethical70_2,1,human,agent,0.66,24,252
deepseek-r1_prompt2_ethical70_3,1,human,agent,0.79,19,299
deepseek-r1_prompt2_ethical70_4,1,human,agent,0.54,19,326
deepseek-r1_prompt2_ethical70_5,1,human,agent,0.36,17,300
deepseek-r1_prompt3_ethical70_1,1,human,agent,0.62,28,277
deepseek-r1_prompt3_ethical70_2,1,human,agent,0.59,24,320
deepseek-r1_prompt3_ethical70_3,1,human,agent,0.81,19,296
deepseek-r1_prompt3_ethical70_4,1,human,agent,0.49,19,298
deepseek-r1_prompt3_ethical70_5,1,human,agent,0.34,17,279
deepseek-r1_prompt4_ethical70_1,1,human,agent,0.64,28,272
deepseek-r1_prompt4_ethical70_2,1,human,agent,0.66,24,284
deepseek-r1_prompt4_ethical70_3,1,human,agent,0.81,19,329
deepseek-r1_prompt4_ethical70_4,1,human,agent,0.50,19,360
deepseek-r1_prompt4_ethical70_5,1,human,agent,0.37,17,307
deepseek-r1_prompt0_ethical71_1,1,human,agent,0.39,25,288
deepseek-r1_prompt0_ethical71_2,1,human,agent,0.37,25,327
deepseek-r1_prompt0_ethical71_3,1,human,agent,0.60,23,296
deepseek-r1_prompt0_ethical71_4,1,human,agent,0.30,19,292
deepseek-r1_prompt0_ethical71_5,1,human,agent,0.37,21,322
deepseek-r1_prompt1_ethical71_1,1,human,agent,0.45,25,282
deepseek-r1_prompt1_ethical71_2,1,human,agent,0.36,25,337
deepseek-r1_prompt1_ethical71_3,1,human,agent,0.65,23,326
deepseek-r1_prompt1_ethical71_4,1,human,agent,0.33,19,322
deepseek-r1_prompt1_ethical71_5,1,human,agent,0.43,21,329
deepseek-r1_prompt2_ethical71_1,1,human,agent,0.53,25,240
deepseek-r1_prompt2_ethical71_2,1,human,agent,0.47,25,300
deepseek-r1_prompt2_ethical71_3,1,human,agent,0.73,23,329
deepseek-r1_prompt2_ethical71_4,1,human,agent,0.55,19,345
deepseek-r1_prompt2_ethical71_5,1,human,agent,0.44,21,342
deepseek-r1_prompt3_ethical71_1,1,human,agent,0.46,25,303
deepseek-r1_prompt3_ethical71_2,1,human,agent,0.39,25,303
deepseek-r1_prompt3_ethical71_3,1,human,agent,0.67,23,364
deepseek-r1_prompt3_ethical71_4,1,human,agent,0.42,19,349
deepseek-r1_prompt3_ethical71_5,1,human,agent,0.42,21,329
deepseek-r1_prompt4_ethical71_1,1,human,agent,0.62,25,268
deepseek-r1_prompt4_ethical71_2,1,human,agent,0.51,25,297
deepseek-r1_prompt4_ethical71_3,1,human,agent,0.82,23,333
deepseek-r1_prompt4_ethical71_4,1,human,agent,0.50,19,318
deepseek-r1_prompt4_ethical71_5,1,human,agent,0.42,21,363
deepseek-r1_prompt0_ethical72_1,1,human,agent,0.55,25,315
deepseek-r1_prompt0_ethical72_2,1,human,agent,0.37,18,311
deepseek-r1_prompt0_ethical72_3,1,human,agent,0.29,16,323
deepseek-r1_prompt0_ethical72_4,1,human,agent,0.27,16,298
deepseek-r1_prompt0_ethical72_5,1,human,agent,0.45,18,292
deepseek-r1_prompt1_ethical72_1,1,human,agent,0.65,25,283
deepseek-r1_prompt1_ethical72_2,1,human,agent,0.44,18,307
deepseek-r1_prompt1_ethical72_3,1,human,agent,0.34,16,321
deepseek-r1_prompt1_ethical72_4,1,human,agent,0.37,16,312
deepseek-r1_prompt1_ethical72_5,1,human,agent,0.29,18,310
deepseek-r1_prompt2_ethical72_1,1,human,agent,0.58,25,282
deepseek-r1_prompt2_ethical72_2,1,human,agent,0.58,18,298
deepseek-r1_prompt2_ethical72_3,1,human,agent,0.57,16,294
deepseek-r1_prompt2_ethical72_4,1,human,agent,0.49,16,312
deepseek-r1_prompt2_ethical72_5,1,human,agent,0.40,18,302
deepseek-r1_prompt3_ethical72_1,1,human,agent,0.68,25,294
deepseek-r1_prompt3_ethical72_2,1,human,agent,0.48,18,324
deepseek-r1_prompt3_ethical72_3,1,human,agent,0.47,16,299
deepseek-r1_prompt3_ethical72_4,1,human,agent,0.37,16,309
deepseek-r1_prompt3_ethical72_5,1,human,agent,0.35,18,337
deepseek-r1_prompt4_ethical72_1,1,human,agent,0.72,25,263
deepseek-r1_prompt4_ethical72_2,1,human,agent,0.55,18,307
deepseek-r1_prompt4_ethical72_3,1,human,agent,0.55,16,288
deepseek-r1_prompt4_ethical72_4,1,human,agent,0.44,16,360
deepseek-r1_prompt4_ethical72_5,1,human,agent,0.35,18,310
deepseek-r1_prompt0_ethical73_1,1,human,agent,0.58,36,321
deepseek-r1_prompt0_ethical73_2,1,human,agent,0.35,17,266
deepseek-r1_prompt0_ethical73_3,1,human,agent,0.48,17,278
deepseek-r1_prompt0_ethical73_4,1,human,agent,0.45,18,290
deepseek-r1_prompt0_ethical73_5,1,human,agent,0.35,15,280
deepseek-r1_prompt1_ethical73_1,1,human,agent,0.58,36,289
deepseek-r1_prompt1_ethical73_2,1,human,agent,0.41,17,341
deepseek-r1_prompt1_ethical73_3,1,human,agent,0.48,17,288
deepseek-r1_prompt1_ethical73_4,1,human,agent,0.40,18,296
deepseek-r1_prompt1_ethical73_5,1,human,agent,0.37,15,306
deepseek-r1_prompt2_ethical73_1,1,human,agent,0.78,36,269
deepseek-r1_prompt2_ethical73_2,1,human,agent,0.52,17,320
deepseek-r1_prompt2_ethical73_3,1,human,agent,0.58,17,360
deepseek-r1_prompt2_ethical73_4,1,human,agent,0.52,18,341
deepseek-r1_prompt2_ethical73_5,1,human,agent,0.43,15,328
deepseek-r1_prompt3_ethical73_1,1,human,agent,0.73,36,258
deepseek-r1_prompt3_ethical73_2,1,human,agent,0.49,17,337
deepseek-r1_prompt3_ethical73_3,1,human,agent,0.48,17,347
deepseek-r1_prompt3_ethical73_4,1,human,agent,0.48,18,328
deepseek-r1_prompt3_ethical73_5,1,human,agent,0.39,15,338
deepseek-r1_prompt4_ethical73_1,1,human,agent,0.80,36,278
deepseek-r1_prompt4_ethical73_2,1,human,agent,0.50,17,285
deepseek-r1_prompt4_ethical73_3,1,human,agent,0.53,17,288
deepseek-r1_prompt4_ethical73_4,1,human,agent,0.58,18,300
deepseek-r1_prompt4_ethical73_5,1,human,agent,0.41,15,288
deepseek-r1_prompt0_ethical74_1,1,human,agent,0.72,23,208
deepseek-r1_prompt0_ethical74_2,1,human,agent,0.52,17,285
deepseek-r1_prompt0_ethical74_3,1,human,agent,0.51,16,316
deepseek-r1_prompt0_ethical74_4,1,human,agent,0.55,17,298
deepseek-r1_prompt0_ethical74_5,1,human,agent,0.19,13,304
deepseek-r1_prompt1_ethical74_1,1,human,agent,0.48,23,266
deepseek-r1_prompt1_ethical74_2,1,human,agent,0.53,17,320
deepseek-r1_prompt1_ethical74_3,1,human,agent,0.48,16,363
deepseek-r1_prompt1_ethical74_4,1,human,agent,0.58,17,321
deepseek-r1_prompt1_ethical74_5,1,human,agent,0.24,13,318
deepseek-r1_prompt2_ethical74_1,1,human,agent,0.61,23,245
deepseek-r1_prompt2_ethical74_2,1,human,agent,0.55,17,289
deepseek-r1_prompt2_ethical74_3,1,human,agent,0.57,16,317
deepseek-r1_prompt2_ethical74_4,1,human,agent,0.69,17,363
deepseek-r1_prompt2_ethical74_5,1,human,agent,0.29,13,363
deepseek-r1_prompt3_ethical74_1,1,human,agent,0.42,23,280
deepseek-r1_prompt3_ethical74_2,1,human,agent,0.52,17,327
deepseek-r1_prompt3_ethical74_3,1,human,agent,0.50,16,343
deepseek-r1_prompt3_ethical74_4,1,human,agent,0.58,17,331
deepseek-r1_prompt3_ethical74_5,1,human,agent,0.22,13,297
deepseek-r1_prompt4_ethical74_1,1,human,agent,0.48,23,263
deepseek-r1_prompt4_ethical74_2,1,human,agent,0.59,17,282
deepseek-r1_prompt4_ethical74_3,1,human,agent,0.51,16,331
deepseek-r1_prompt4_ethical74_4,1,human,agent,0.63,17,360
deepseek-r1_prompt4_ethical74_5,1,human,agent,0.32,13,348
deepseek-r1_prompt0_ethical75_1,1,human,agent,0.50,33,302
deepseek-r1_prompt0_ethical75_2,1,human,agent,0.54,21,326
deepseek-r1_prompt0_ethical75_3,1,human,agent,0.26,13,312
deepseek-r1_prompt0_ethical75_4,1,human,agent,0.37,17,303
deepseek-r1_prompt0_ethical75_5,1,human,agent,0.39,14,300
deepseek-r1_prompt1_ethical75_1,1,human,agent,0.50,33,261
deepseek-r1_prompt1_ethical75_2,1,human,agent,0.59,21,349
deepseek-r1_prompt1_ethical75_3,1,human,agent,0.34,13,313
deepseek-r1_prompt1_ethical75_4,1,human,agent,0.42,17,319
deepseek-r1_prompt1_ethical75_5,1,human,agent,0.41,14,309
deepseek-r1_prompt2_ethical75_1,1,human,agent,0.57,33,279
deepseek-r1_prompt2_ethical75_2,1,human,agent,0.68,21,276
deepseek-r1_prompt2_ethical75_3,1,human,agent,0.39,13,300
deepseek-r1_prompt2_ethical75_4,1,human,agent,0.39,17,300
deepseek-r1_prompt2_ethical75_5,1,human,agent,0.44,14,332
deepseek-r1_prompt3_ethical75_1,1,human,agent,0.44,33,270
deepseek-r1_prompt3_ethical75_2,1,human,agent,0.54,21,309
deepseek-r1_prompt3_ethical75_3,1,human,agent,0.34,13,324
deepseek-r1_prompt3_ethical75_4,1,human,agent,0.41,17,316
deepseek-r1_prompt3_ethical75_5,1,human,agent,0.36,14,317
deepseek-r1_prompt4_ethical75_1,1,human,agent,0.58,33,259
deepseek-r1_prompt4_ethical75_2,1,human,agent,0.58,21,282
deepseek-r1_prompt4_ethical75_3,1,human,agent,0.37,13,278
deepseek-r1_prompt4_ethical75_4,1,human,agent,0.37,17,331
deepseek-r1_prompt4_ethical75_5,1,human,agent,0.42,14,306
deepseek-r1_prompt0_ethical76_1,1,human,agent,0.36,29,274
deepseek-r1_prompt0_ethical76_2,1,human,agent,0.56,19,279
deepseek-r1_prompt0_ethical76_3,1,human,agent,0.41,17,320
deepseek-r1_prompt0_ethical76_4,1,human,agent,0.52,17,302
deepseek-r1_prompt0_ethical76_5,1,human,agent,0.51,19,291
deepseek-r1_prompt1_ethical76_1,1,human,agent,0.45,29,265
deepseek-r1_prompt1_ethical76_2,1,human,agent,0.53,19,346
deepseek-r1_prompt1_ethical76_3,1,human,agent,0.48,17,364
deepseek-r1_prompt1_ethical76_4,1,human,agent,0.47,17,313
deepseek-r1_prompt1_ethical76_5,1,human,agent,0.51,19,306
deepseek-r1_prompt2_ethical76_1,1,human,agent,0.59,29,261
deepseek-r1_prompt2_ethical76_2,1,human,agent,0.63,19,296
deepseek-r1_prompt2_ethical76_3,1,human,agent,0.58,17,314
deepseek-r1_prompt2_ethical76_4,1,human,agent,0.54,17,335
deepseek-r1_prompt2_ethical76_5,1,human,agent,0.50,19,368
deepseek-r1_prompt3_ethical76_1,1,human,agent,0.44,29,265
deepseek-r1_prompt3_ethical76_2,1,human,agent,0.54,19,341
deepseek-r1_prompt3_ethical76_3,1,human,agent,0.44,17,314
deepseek-r1_prompt3_ethical76_4,1,human,agent,0.46,17,309
deepseek-r1_prompt3_ethical76_5,1,human,agent,0.50,19,315
deepseek-r1_prompt4_ethical76_1,1,human,agent,0.55,29,256
deepseek-r1_prompt4_ethical76_2,1,human,agent,0.60,19,277
deepseek-r1_prompt4_ethical76_3,1,human,agent,0.56,17,297
deepseek-r1_prompt4_ethical76_4,1,human,agent,0.54,17,302
deepseek-r1_prompt4_ethical76_5,1,human,agent,0.51,19,361
deepseek-r1_prompt0_ethical77_1,1,human,agent,0.55,27,282
deepseek-r1_prompt0_ethical77_2,1,human,agent,0.53,24,301
deepseek-r1_prompt0_ethical77_3,1,human,agent,0.51,17,290
deepseek-r1_prompt0_ethical77_4,1,human,agent,0.26,15,289
deepseek-r1_prompt0_ethical77_5,1,human,agent,0.31,15,292
deepseek-r1_prompt1_ethical77_1,1,human,agent,0.49,27,222
deepseek-r1_prompt1_ethical77_2,1,human,agent,0.61,24,357
deepseek-r1_prompt1_ethical77_3,1,human,agent,0.66,17,297
deepseek-r1_prompt1_ethical77_4,1,human,agent,0.31,15,302
deepseek-r1_prompt1_ethical77_5,1,human,agent,0.33,15,304
deepseek-r1_prompt2_ethical77_1,1,human,agent,0.54,27,256
deepseek-r1_prompt2_ethical77_2,1,human,agent,0.67,24,280
deepseek-r1_prompt2_ethical77_3,1,human,agent,0.64,17,339
deepseek-r1_prompt2_ethical77_4,1,human,agent,0.45,15,354
deepseek-r1_prompt2_ethical77_5,1,human,agent,0.36,15,355
deepseek-r1_prompt3_ethical77_1,1,human,agent,0.51,27,299
deepseek-r1_prompt3_ethical77_2,1,human,agent,0.67,24,325
deepseek-r1_prompt3_ethical77_3,1,human,agent,0.56,17,321
deepseek-r1_prompt3_ethical77_4,1,human,agent,0.31,15,308
deepseek-r1_prompt3_ethical77_5,1,human,agent,0.32,15,307
deepseek-r1_prompt4_ethical77_1,1,human,agent,0.57,27,271
deepseek-r1_prompt4_ethical77_2,1,human,agent,0.67,24,338
deepseek-r1_prompt4_ethical77_3,1,human,agent,0.60,17,332
deepseek-r1_prompt4_ethical77_4,1,human,agent,0.39,15,381
deepseek-r1_prompt4_ethical77_5,1,human,agent,0.35,15,343
deepseek-r1_prompt0_ethical78_1,1,human,agent,0.61,26,289
deepseek-r1_prompt0_ethical78_2,1,human,agent,0.46,17,307
deepseek-r1_prompt0_ethical78_3,1,human,agent,0.21,13,321
deepseek-r1_prompt0_ethical78_4,1,human,agent,0.46,16,329
deepseek-r1_prompt0_ethical78_5,1,human,agent,0.32,17,325
deepseek-r1_prompt1_ethical78_1,1,human,agent,0.51,26,233
deepseek-r1_prompt1_ethical78_2,1,human,agent,0.45,17,339
deepseek-r1_prompt1_ethical78_3,1,human,agent,0.24,13,314
deepseek-r1_prompt1_ethical78_4,1,human,agent,0.47,16,310
deepseek-r1_prompt1_ethical78_5,1,human,agent,0.37,17,307
deepseek-r1_prompt2_ethical78_1,1,human,agent,0.55,26,265
deepseek-r1_prompt2_ethical78_2,1,human,agent,0.55,17,291
deepseek-r1_prompt2_ethical78_3,1,human,agent,0.32,13,343
deepseek-r1_prompt2_ethical78_4,1,human,agent,0.51,16,336
deepseek-r1_prompt2_ethical78_5,1,human,agent,0.38,17,340
deepseek-r1_prompt3_ethical78_1,1,human,agent,0.49,26,273
deepseek-r1_prompt3_ethical78_2,1,human,agent,0.47,17,337
deepseek-r1_prompt3_ethical78_3,1,human,agent,0.27,13,323
deepseek-r1_prompt3_ethical78_4,1,human,agent,0.45,16,313
deepseek-r1_prompt3_ethical78_5,1,human,agent,0.33,17,314
deepseek-r1_prompt4_ethical78_1,1,human,agent,0.63,26,272
deepseek-r1_prompt4_ethical78_2,1,human,agent,0.57,17,294
deepseek-r1_prompt4_ethical78_3,1,human,agent,0.30,13,315
deepseek-r1_prompt4_ethical78_4,1,human,agent,0.48,16,347
deepseek-r1_prompt4_ethical78_5,1,human,agent,0.39,17,354
deepseek-r1_prompt0_ethical79_1,1,human,agent,0.62,27,249
deepseek-r1_prompt0_ethical79_2,1,human,agent,0.67,21,280
deepseek-r1_prompt0_ethical79_3,1,human,agent,0.70,22,308
deepseek-r1_prompt0_ethical79_4,1,human,agent,0.59,20,313
deepseek-r1_prompt0_ethical79_5,1,human,agent,0.39,17,286
deepseek-r1_prompt1_ethical79_1,1,human,agent,0.60,27,233
deepseek-r1_prompt1_ethical79_2,1,human,agent,0.67,21,256
deepseek-r1_prompt1_ethical79_3,1,human,agent,0.71,22,352
deepseek-r1_prompt1_ethical79_4,1,human,agent,0.59,20,317
deepseek-r1_prompt1_ethical79_5,1,human,agent,0.34,17,307
deepseek-r1_prompt2_ethical79_1,1,human,agent,0.75,27,220
deepseek-r1_prompt2_ethical79_2,1,human,agent,0.74,21,261
deepseek-r1_prompt2_ethical79_3,1,human,agent,0.69,22,272
deepseek-r1_prompt2_ethical79_4,1,human,agent,0.61,20,293
deepseek-r1_prompt2_ethical79_5,1,human,agent,0.44,17,346
deepseek-r1_prompt3_ethical79_1,1,human,agent,0.58,27,275
deepseek-r1_prompt3_ethical79_2,1,human,agent,0.58,21,308
deepseek-r1_prompt3_ethical79_3,1,human,agent,0.66,22,299
deepseek-r1_prompt3_ethical79_4,1,human,agent,0.59,20,302
deepseek-r1_prompt3_ethical79_5,1,human,agent,0.38,17,302
deepseek-r1_prompt4_ethical79_1,1,human,agent,0.72,27,250
deepseek-r1_prompt4_ethical79_2,1,human,agent,0.67,21,270
deepseek-r1_prompt4_ethical79_3,1,human,agent,0.74,22,297
deepseek-r1_prompt4_ethical79_4,1,human,agent,0.58,20,362
deepseek-r1_prompt4_ethical79_5,1,human,agent,0.42,17,356
deepseek-r1_prompt0_ethical8_1,1,human,agent,0.55,29,268
deepseek-r1_prompt0_ethical8_2,1,human,agent,0.64,23,325
deepseek-r1_prompt0_ethical8_3,1,human,agent,0.45,13,290
deepseek-r1_prompt0_ethical8_4,1,human,agent,0.46,15,271
deepseek-r1_prompt0_ethical8_5,1,human,agent,0.54,13,286
deepseek-r1_prompt1_ethical8_1,1,human,agent,0.52,29,250
deepseek-r1_prompt1_ethical8_2,1,human,agent,0.63,23,293
deepseek-r1_prompt1_ethical8_3,1,human,agent,0.47,13,284
deepseek-r1_prompt1_ethical8_4,1,human,agent,0.50,15,256
deepseek-r1_prompt1_ethical8_5,1,human,agent,0.44,13,269
deepseek-r1_prompt2_ethical8_1,1,human,agent,0.57,29,245
deepseek-r1_prompt2_ethical8_2,1,human,agent,0.66,23,271
deepseek-r1_prompt2_ethical8_3,1,human,agent,0.47,13,304
deepseek-r1_prompt2_ethical8_4,1,human,agent,0.42,15,299
deepseek-r1_prompt2_ethical8_5,1,human,agent,0.49,13,277
deepseek-r1_prompt3_ethical8_1,1,human,agent,0.52,29,260
deepseek-r1_prompt3_ethical8_2,1,human,agent,0.57,23,361
deepseek-r1_prompt3_ethical8_3,1,human,agent,0.43,13,323
deepseek-r1_prompt3_ethical8_4,1,human,agent,0.43,15,307
deepseek-r1_prompt3_ethical8_5,1,human,agent,0.48,13,331
deepseek-r1_prompt4_ethical8_1,1,human,agent,0.57,29,276
deepseek-r1_prompt4_ethical8_2,1,human,agent,0.66,23,296
deepseek-r1_prompt4_ethical8_3,1,human,agent,0.42,13,281
deepseek-r1_prompt4_ethical8_4,1,human,agent,0.47,15,324
deepseek-r1_prompt4_ethical8_5,1,human,agent,0.50,13,336
deepseek-r1_prompt0_ethical80_1,1,human,agent,0.38,27,280
deepseek-r1_prompt0_ethical80_2,1,human,agent,0.55,19,316
deepseek-r1_prompt0_ethical80_3,1,human,agent,0.48,18,313
deepseek-r1_prompt0_ethical80_4,1,human,agent,0.48,19,316
deepseek-r1_prompt0_ethical80_5,1,human,agent,0.28,17,306
deepseek-r1_prompt1_ethical80_1,1,human,agent,0.44,27,236
deepseek-r1_prompt1_ethical80_2,1,human,agent,0.62,19,312
deepseek-r1_prompt1_ethical80_3,1,human,agent,0.55,18,338
deepseek-r1_prompt1_ethical80_4,1,human,agent,0.48,19,316
deepseek-r1_prompt1_ethical80_5,1,human,agent,0.29,17,319
deepseek-r1_prompt2_ethical80_1,1,human,agent,0.55,27,249
deepseek-r1_prompt2_ethical80_2,1,human,agent,0.68,19,302
deepseek-r1_prompt2_ethical80_3,1,human,agent,0.63,18,277
deepseek-r1_prompt2_ethical80_4,1,human,agent,0.57,19,292
deepseek-r1_prompt2_ethical80_5,1,human,agent,0.38,17,283
deepseek-r1_prompt3_ethical80_1,1,human,agent,0.41,27,277
deepseek-r1_prompt3_ethical80_2,1,human,agent,0.60,19,273
deepseek-r1_prompt3_ethical80_3,1,human,agent,0.60,18,345
deepseek-r1_prompt3_ethical80_4,1,human,agent,0.53,19,344
deepseek-r1_prompt3_ethical80_5,1,human,agent,0.32,17,323
deepseek-r1_prompt4_ethical80_1,1,human,agent,0.52,27,274
deepseek-r1_prompt4_ethical80_2,1,human,agent,0.67,19,332
deepseek-r1_prompt4_ethical80_3,1,human,agent,0.63,18,327
deepseek-r1_prompt4_ethical80_4,1,human,agent,0.58,19,321
deepseek-r1_prompt4_ethical80_5,1,human,agent,0.37,17,327
deepseek-r1_prompt0_ethical81_1,1,human,agent,0.46,28,285
deepseek-r1_prompt0_ethical81_2,1,human,agent,0.55,19,264
deepseek-r1_prompt0_ethical81_3,1,human,agent,0.25,17,298
deepseek-r1_prompt0_ethical81_4,1,human,agent,0.38,16,308
deepseek-r1_prompt0_ethical81_5,1,human,agent,0.24,14,292
deepseek-r1_prompt1_ethical81_1,1,human,agent,0.41,28,258
deepseek-r1_prompt1_ethical81_2,1,human,agent,0.60,19,282
deepseek-r1_prompt1_ethical81_3,1,human,agent,0.29,17,304
deepseek-r1_prompt1_ethical81_4,1,human,agent,0.46,16,282
deepseek-r1_prompt1_ethical81_5,1,human,agent,0.25,14,302
deepseek-r1_prompt2_ethical81_1,1,human,agent,0.61,28,242
deepseek-r1_prompt2_ethical81_2,1,human,agent,0.61,19,292
deepseek-r1_prompt2_ethical81_3,1,human,agent,0.36,17,352
deepseek-r1_prompt2_ethical81_4,1,human,agent,0.51,16,362
deepseek-r1_prompt2_ethical81_5,1,human,agent,0.28,14,320
deepseek-r1_prompt3_ethical81_1,1,human,agent,0.52,28,310
deepseek-r1_prompt3_ethical81_2,1,human,agent,0.52,19,299
deepseek-r1_prompt3_ethical81_3,1,human,agent,0.23,17,313
deepseek-r1_prompt3_ethical81_4,1,human,agent,0.41,16,297
deepseek-r1_prompt3_ethical81_5,1,human,agent,0.38,14,317
deepseek-r1_prompt4_ethical81_1,1,human,agent,0.71,28,269
deepseek-r1_prompt4_ethical81_2,1,human,agent,0.66,19,325
deepseek-r1_prompt4_ethical81_3,1,human,agent,0.35,17,347
deepseek-r1_prompt4_ethical81_4,1,human,agent,0.53,16,359
deepseek-r1_prompt4_ethical81_5,1,human,agent,0.32,14,360
deepseek-r1_prompt0_ethical82_1,1,human,agent,0.55,29,290
deepseek-r1_prompt0_ethical82_2,1,human,agent,0.54,24,330
deepseek-r1_prompt0_ethical82_3,1,human,agent,0.53,23,314
deepseek-r1_prompt0_ethical82_4,1,human,agent,0.35,19,283
deepseek-r1_prompt0_ethical82_5,1,human,agent,0.26,21,310
deepseek-r1_prompt1_ethical82_1,1,human,agent,0.56,29,270
deepseek-r1_prompt1_ethical82_2,1,human,agent,0.53,24,313
deepseek-r1_prompt1_ethical82_3,1,human,agent,0.59,23,362
deepseek-r1_prompt1_ethical82_4,1,human,agent,0.51,19,306
deepseek-r1_prompt1_ethical82_5,1,human,agent,0.30,21,305
deepseek-r1_prompt2_ethical82_1,1,human,agent,0.65,29,271
deepseek-r1_prompt2_ethical82_2,1,human,agent,0.61,24,306
deepseek-r1_prompt2_ethical82_3,1,human,agent,0.76,23,352
deepseek-r1_prompt2_ethical82_4,1,human,agent,0.56,19,365
deepseek-r1_prompt2_ethical82_5,1,human,agent,0.31,21,336
deepseek-r1_prompt3_ethical82_1,1,human,agent,0.53,29,267
deepseek-r1_prompt3_ethical82_2,1,human,agent,0.53,24,343
deepseek-r1_prompt3_ethical82_3,1,human,agent,0.61,23,387
deepseek-r1_prompt3_ethical82_4,1,human,agent,0.41,19,357
deepseek-r1_prompt3_ethical82_5,1,human,agent,0.27,21,355
deepseek-r1_prompt4_ethical82_1,1,human,agent,0.63,29,287
deepseek-r1_prompt4_ethical82_2,1,human,agent,0.61,24,309
deepseek-r1_prompt4_ethical82_3,1,human,agent,0.77,23,339
deepseek-r1_prompt4_ethical82_4,1,human,agent,0.56,19,347
deepseek-r1_prompt4_ethical82_5,1,human,agent,0.31,21,344
deepseek-r1_prompt0_ethical83_1,1,human,agent,0.60,31,310
deepseek-r1_prompt0_ethical83_2,1,human,agent,0.37,18,319
deepseek-r1_prompt0_ethical83_3,1,human,agent,0.41,16,304
deepseek-r1_prompt0_ethical83_4,1,human,agent,0.61,17,298
deepseek-r1_prompt0_ethical83_5,1,human,agent,0.47,21,289
deepseek-r1_prompt1_ethical83_1,1,human,agent,0.52,31,252
deepseek-r1_prompt1_ethical83_2,1,human,agent,0.47,18,281
deepseek-r1_prompt1_ethical83_3,1,human,agent,0.45,16,331
deepseek-r1_prompt1_ethical83_4,1,human,agent,0.59,17,332
deepseek-r1_prompt1_ethical83_5,1,human,agent,0.30,21,304
deepseek-r1_prompt2_ethical83_1,1,human,agent,0.61,31,263
deepseek-r1_prompt2_ethical83_2,1,human,agent,0.50,18,270
deepseek-r1_prompt2_ethical83_3,1,human,agent,0.52,16,322
deepseek-r1_prompt2_ethical83_4,1,human,agent,0.60,17,361
deepseek-r1_prompt2_ethical83_5,1,human,agent,0.41,21,328
deepseek-r1_prompt3_ethical83_1,1,human,agent,0.53,31,272
deepseek-r1_prompt3_ethical83_2,1,human,agent,0.43,18,351
deepseek-r1_prompt3_ethical83_3,1,human,agent,0.49,16,333
deepseek-r1_prompt3_ethical83_4,1,human,agent,0.50,17,298
deepseek-r1_prompt3_ethical83_5,1,human,agent,0.34,21,312
deepseek-r1_prompt4_ethical83_1,1,human,agent,0.66,31,299
deepseek-r1_prompt4_ethical83_2,1,human,agent,0.53,18,290
deepseek-r1_prompt4_ethical83_3,1,human,agent,0.45,16,354
deepseek-r1_prompt4_ethical83_4,1,human,agent,0.59,17,363
deepseek-r1_prompt4_ethical83_5,1,human,agent,0.41,21,377
deepseek-r1_prompt0_ethical84_1,1,human,agent,0.51,24,258
deepseek-r1_prompt0_ethical84_2,1,human,agent,0.51,19,335
deepseek-r1_prompt0_ethical84_3,1,human,agent,0.46,19,311
deepseek-r1_prompt0_ethical84_4,1,human,agent,0.45,19,316
deepseek-r1_prompt0_ethical84_5,1,human,agent,0.45,20,331
deepseek-r1_prompt1_ethical84_1,1,human,agent,0.44,24,247
deepseek-r1_prompt1_ethical84_2,1,human,agent,0.46,19,271
deepseek-r1_prompt1_ethical84_3,1,human,agent,0.40,19,328
deepseek-r1_prompt1_ethical84_4,1,human,agent,0.41,19,310
deepseek-r1_prompt1_ethical84_5,1,human,agent,0.36,20,315
deepseek-r1_prompt2_ethical84_1,1,human,agent,0.55,24,260
deepseek-r1_prompt2_ethical84_2,1,human,agent,0.59,19,287
deepseek-r1_prompt2_ethical84_3,1,human,agent,0.54,19,331
deepseek-r1_prompt2_ethical84_4,1,human,agent,0.49,19,348
deepseek-r1_prompt2_ethical84_5,1,human,agent,0.45,20,367
deepseek-r1_prompt3_ethical84_1,1,human,agent,0.56,24,239
deepseek-r1_prompt3_ethical84_2,1,human,agent,0.46,19,349
deepseek-r1_prompt3_ethical84_3,1,human,agent,0.34,19,319
deepseek-r1_prompt3_ethical84_4,1,human,agent,0.41,19,313
deepseek-r1_prompt3_ethical84_5,1,human,agent,0.42,20,308
deepseek-r1_prompt4_ethical84_1,1,human,agent,0.56,24,247
deepseek-r1_prompt4_ethical84_2,1,human,agent,0.59,19,279
deepseek-r1_prompt4_ethical84_3,1,human,agent,0.43,19,339
deepseek-r1_prompt4_ethical84_4,1,human,agent,0.46,19,344
deepseek-r1_prompt4_ethical84_5,1,human,agent,0.46,20,309
deepseek-r1_prompt0_ethical85_1,1,human,agent,0.35,16,281
deepseek-r1_prompt0_ethical85_2,1,human,agent,0.29,15,297
deepseek-r1_prompt0_ethical85_3,1,human,agent,0.34,15,322
deepseek-r1_prompt0_ethical85_4,1,human,agent,0.37,15,292
deepseek-r1_prompt0_ethical85_5,1,human,agent,0.32,13,314
deepseek-r1_prompt1_ethical85_1,1,human,agent,0.38,16,258
deepseek-r1_prompt1_ethical85_2,1,human,agent,0.36,15,333
deepseek-r1_prompt1_ethical85_3,1,human,agent,0.46,15,319
deepseek-r1_prompt1_ethical85_4,1,human,agent,0.41,15,304
deepseek-r1_prompt1_ethical85_5,1,human,agent,0.34,13,309
deepseek-r1_prompt2_ethical85_1,1,human,agent,0.51,16,246
deepseek-r1_prompt2_ethical85_2,1,human,agent,0.50,15,267
deepseek-r1_prompt2_ethical85_3,1,human,agent,0.47,15,298
deepseek-r1_prompt2_ethical85_4,1,human,agent,0.52,15,338
deepseek-r1_prompt2_ethical85_5,1,human,agent,0.40,13,364
deepseek-r1_prompt3_ethical85_1,1,human,agent,0.36,16,274
deepseek-r1_prompt3_ethical85_2,1,human,agent,0.35,15,312
deepseek-r1_prompt3_ethical85_3,1,human,agent,0.46,15,335
deepseek-r1_prompt3_ethical85_4,1,human,agent,0.40,15,320
deepseek-r1_prompt3_ethical85_5,1,human,agent,0.36,13,319
deepseek-r1_prompt4_ethical85_1,1,human,agent,0.50,16,259
deepseek-r1_prompt4_ethical85_2,1,human,agent,0.48,15,289
deepseek-r1_prompt4_ethical85_3,1,human,agent,0.52,15,300
deepseek-r1_prompt4_ethical85_4,1,human,agent,0.54,15,348
deepseek-r1_prompt4_ethical85_5,1,human,agent,0.37,13,353
deepseek-r1_prompt0_ethical86_1,1,human,agent,0.48,29,245
deepseek-r1_prompt0_ethical86_2,1,human,agent,0.33,15,309
deepseek-r1_prompt0_ethical86_3,1,human,agent,0.41,15,311
deepseek-r1_prompt0_ethical86_4,1,human,agent,0.49,16,297
deepseek-r1_prompt0_ethical86_5,1,human,agent,0.39,14,315
deepseek-r1_prompt1_ethical86_1,1,human,agent,0.42,29,254
deepseek-r1_prompt1_ethical86_2,1,human,agent,0.30,15,303
deepseek-r1_prompt1_ethical86_3,1,human,agent,0.36,15,282
deepseek-r1_prompt1_ethical86_4,1,human,agent,0.58,16,296
deepseek-r1_prompt1_ethical86_5,1,human,agent,0.39,14,284
deepseek-r1_prompt2_ethical86_1,1,human,agent,0.58,29,252
deepseek-r1_prompt2_ethical86_2,1,human,agent,0.40,15,253
deepseek-r1_prompt2_ethical86_3,1,human,agent,0.48,15,325
deepseek-r1_prompt2_ethical86_4,1,human,agent,0.66,16,328
deepseek-r1_prompt2_ethical86_5,1,human,agent,0.44,14,341
deepseek-r1_prompt3_ethical86_1,1,human,agent,0.46,29,286
deepseek-r1_prompt3_ethical86_2,1,human,agent,0.27,15,356
deepseek-r1_prompt3_ethical86_3,1,human,agent,0.33,15,320
deepseek-r1_prompt3_ethical86_4,1,human,agent,0.52,16,301
deepseek-r1_prompt3_ethical86_5,1,human,agent,0.34,14,300
deepseek-r1_prompt4_ethical86_1,1,human,agent,0.56,29,277
deepseek-r1_prompt4_ethical86_2,1,human,agent,0.34,15,286
deepseek-r1_prompt4_ethical86_3,1,human,agent,0.43,15,316
deepseek-r1_prompt4_ethical86_4,1,human,agent,0.64,16,317
deepseek-r1_prompt4_ethical86_5,1,human,agent,0.40,14,351
deepseek-r1_prompt0_ethical87_1,1,human,agent,0.61,29,294
deepseek-r1_prompt0_ethical87_2,1,human,agent,0.58,19,317
deepseek-r1_prompt0_ethical87_3,1,human,agent,0.33,15,309
deepseek-r1_prompt0_ethical87_4,1,human,agent,0.50,19,304
deepseek-r1_prompt0_ethical87_5,1,human,agent,0.26,16,310
deepseek-r1_prompt1_ethical87_1,1,human,agent,0.56,29,244
deepseek-r1_prompt1_ethical87_2,1,human,agent,0.57,19,357
deepseek-r1_prompt1_ethical87_3,1,human,agent,0.32,15,314
deepseek-r1_prompt1_ethical87_4,1,human,agent,0.42,19,325
deepseek-r1_prompt1_ethical87_5,1,human,agent,0.25,16,316
deepseek-r1_prompt2_ethical87_1,1,human,agent,0.70,29,269
deepseek-r1_prompt2_ethical87_2,1,human,agent,0.56,19,270
deepseek-r1_prompt2_ethical87_3,1,human,agent,0.40,15,322
deepseek-r1_prompt2_ethical87_4,1,human,agent,0.46,19,341
deepseek-r1_prompt2_ethical87_5,1,human,agent,0.24,16,318
deepseek-r1_prompt3_ethical87_1,1,human,agent,0.60,29,270
deepseek-r1_prompt3_ethical87_2,1,human,agent,0.57,19,329
deepseek-r1_prompt3_ethical87_3,1,human,agent,0.35,15,327
deepseek-r1_prompt3_ethical87_4,1,human,agent,0.49,19,305
deepseek-r1_prompt3_ethical87_5,1,human,agent,0.23,16,286
deepseek-r1_prompt4_ethical87_1,1,human,agent,0.71,29,301
deepseek-r1_prompt4_ethical87_2,1,human,agent,0.58,19,319
deepseek-r1_prompt4_ethical87_3,1,human,agent,0.38,15,363
deepseek-r1_prompt4_ethical87_4,1,human,agent,0.45,19,353
deepseek-r1_prompt4_ethical87_5,1,human,agent,0.19,16,341
deepseek-r1_prompt0_ethical88_1,1,human,agent,0.67,29,251
deepseek-r1_prompt0_ethical88_2,1,human,agent,0.53,21,311
deepseek-r1_prompt0_ethical88_3,1,human,agent,0.70,18,323
deepseek-r1_prompt0_ethical88_4,1,human,agent,0.60,23,353
deepseek-r1_prompt0_ethical88_5,1,human,agent,0.35,24,304
deepseek-r1_prompt1_ethical88_1,1,human,agent,0.65,29,269
deepseek-r1_prompt1_ethical88_2,1,human,agent,0.47,21,297
deepseek-r1_prompt1_ethical88_3,1,human,agent,0.71,18,302
deepseek-r1_prompt1_ethical88_4,1,human,agent,0.56,23,348
deepseek-r1_prompt1_ethical88_5,1,human,agent,0.41,24,302
deepseek-r1_prompt2_ethical88_1,1,human,agent,0.64,29,262
deepseek-r1_prompt2_ethical88_2,1,human,agent,0.56,21,282
deepseek-r1_prompt2_ethical88_3,1,human,agent,0.68,18,309
deepseek-r1_prompt2_ethical88_4,1,human,agent,0.71,23,286
deepseek-r1_prompt2_ethical88_5,1,human,agent,0.54,24,326
deepseek-r1_prompt3_ethical88_1,1,human,agent,0.63,29,266
deepseek-r1_prompt3_ethical88_2,1,human,agent,0.49,21,326
deepseek-r1_prompt3_ethical88_3,1,human,agent,0.66,18,374
deepseek-r1_prompt3_ethical88_4,1,human,agent,0.61,23,342
deepseek-r1_prompt3_ethical88_5,1,human,agent,0.49,24,316
deepseek-r1_prompt4_ethical88_1,1,human,agent,0.66,29,275
deepseek-r1_prompt4_ethical88_2,1,human,agent,0.56,21,274
deepseek-r1_prompt4_ethical88_3,1,human,agent,0.69,18,320
deepseek-r1_prompt4_ethical88_4,1,human,agent,0.70,23,346
deepseek-r1_prompt4_ethical88_5,1,human,agent,0.50,24,353
deepseek-r1_prompt0_ethical89_1,1,human,agent,0.47,34,264
deepseek-r1_prompt0_ethical89_2,1,human,agent,0.57,19,353
deepseek-r1_prompt0_ethical89_3,1,human,agent,0.56,15,310
deepseek-r1_prompt0_ethical89_4,1,human,agent,0.43,18,267
deepseek-r1_prompt0_ethical89_5,1,human,agent,0.32,17,275
deepseek-r1_prompt1_ethical89_1,1,human,agent,0.50,34,259
deepseek-r1_prompt1_ethical89_2,1,human,agent,0.50,19,354
deepseek-r1_prompt1_ethical89_3,1,human,agent,0.50,15,303
deepseek-r1_prompt1_ethical89_4,1,human,agent,0.47,18,313
deepseek-r1_prompt1_ethical89_5,1,human,agent,0.27,17,319
deepseek-r1_prompt2_ethical89_1,1,human,agent,0.59,34,231
deepseek-r1_prompt2_ethical89_2,1,human,agent,0.73,19,266
deepseek-r1_prompt2_ethical89_3,1,human,agent,0.66,15,263
deepseek-r1_prompt2_ethical89_4,1,human,agent,0.54,18,312
deepseek-r1_prompt2_ethical89_5,1,human,agent,0.39,17,325
deepseek-r1_prompt3_ethical89_1,1,human,agent,0.32,34,265
deepseek-r1_prompt3_ethical89_2,1,human,agent,0.58,19,295
deepseek-r1_prompt3_ethical89_3,1,human,agent,0.59,15,327
deepseek-r1_prompt3_ethical89_4,1,human,agent,0.52,18,301
deepseek-r1_prompt3_ethical89_5,1,human,agent,0.32,17,315
deepseek-r1_prompt4_ethical89_1,1,human,agent,0.55,34,281
deepseek-r1_prompt4_ethical89_2,1,human,agent,0.62,19,269
deepseek-r1_prompt4_ethical89_3,1,human,agent,0.61,15,305
deepseek-r1_prompt4_ethical89_4,1,human,agent,0.58,18,342
deepseek-r1_prompt4_ethical89_5,1,human,agent,0.39,17,328
deepseek-r1_prompt0_ethical9_1,1,human,agent,0.50,23,254
deepseek-r1_prompt0_ethical9_2,1,human,agent,0.56,21,321
deepseek-r1_prompt0_ethical9_3,1,human,agent,0.38,17,323
deepseek-r1_prompt0_ethical9_4,1,human,agent,0.59,17,327
deepseek-r1_prompt0_ethical9_5,1,human,agent,0.30,15,312
deepseek-r1_prompt1_ethical9_1,1,human,agent,0.45,23,290
deepseek-r1_prompt1_ethical9_2,1,human,agent,0.59,21,339
deepseek-r1_prompt1_ethical9_3,1,human,agent,0.42,17,310
deepseek-r1_prompt1_ethical9_4,1,human,agent,0.50,17,315
deepseek-r1_prompt1_ethical9_5,1,human,agent,0.32,15,321
deepseek-r1_prompt2_ethical9_1,1,human,agent,0.51,23,254
deepseek-r1_prompt2_ethical9_2,1,human,agent,0.68,21,289
deepseek-r1_prompt2_ethical9_3,1,human,agent,0.43,17,324
deepseek-r1_prompt2_ethical9_4,1,human,agent,0.62,17,309
deepseek-r1_prompt2_ethical9_5,1,human,agent,0.33,15,314
deepseek-r1_prompt3_ethical9_1,1,human,agent,0.49,23,270
deepseek-r1_prompt3_ethical9_2,1,human,agent,0.64,21,303
deepseek-r1_prompt3_ethical9_3,1,human,agent,0.45,17,365
deepseek-r1_prompt3_ethical9_4,1,human,agent,0.53,17,327
deepseek-r1_prompt3_ethical9_5,1,human,agent,0.31,15,313
deepseek-r1_prompt4_ethical9_1,1,human,agent,0.60,23,274
deepseek-r1_prompt4_ethical9_2,1,human,agent,0.68,21,280
deepseek-r1_prompt4_ethical9_3,1,human,agent,0.42,17,329
deepseek-r1_prompt4_ethical9_4,1,human,agent,0.63,17,346
deepseek-r1_prompt4_ethical9_5,1,human,agent,0.32,15,328
deepseek-r1_prompt0_ethical90_1,1,human,agent,0.54,22,223
deepseek-r1_prompt0_ethical90_2,1,human,agent,0.53,17,348
deepseek-r1_prompt0_ethical90_3,1,human,agent,0.47,19,310
deepseek-r1_prompt0_ethical90_4,1,human,agent,0.42,17,332
deepseek-r1_prompt0_ethical90_5,1,human,agent,0.26,18,311
deepseek-r1_prompt1_ethical90_1,1,human,agent,0.54,22,239
deepseek-r1_prompt1_ethical90_2,1,human,agent,0.56,17,311
deepseek-r1_prompt1_ethical90_3,1,human,agent,0.40,19,343
deepseek-r1_prompt1_ethical90_4,1,human,agent,0.41,17,306
deepseek-r1_prompt1_ethical90_5,1,human,agent,0.28,18,301
deepseek-r1_prompt2_ethical90_1,1,human,agent,0.66,22,253
deepseek-r1_prompt2_ethical90_2,1,human,agent,0.65,17,290
deepseek-r1_prompt2_ethical90_3,1,human,agent,0.47,19,319
deepseek-r1_prompt2_ethical90_4,1,human,agent,0.54,17,294
deepseek-r1_prompt2_ethical90_5,1,human,agent,0.27,18,320
deepseek-r1_prompt3_ethical90_1,1,human,agent,0.52,22,239
deepseek-r1_prompt3_ethical90_2,1,human,agent,0.42,17,339
deepseek-r1_prompt3_ethical90_3,1,human,agent,0.41,19,319
deepseek-r1_prompt3_ethical90_4,1,human,agent,0.40,17,328
deepseek-r1_prompt3_ethical90_5,1,human,agent,0.29,18,318
deepseek-r1_prompt4_ethical90_1,1,human,agent,0.64,22,265
deepseek-r1_prompt4_ethical90_2,1,human,agent,0.53,17,265
deepseek-r1_prompt4_ethical90_3,1,human,agent,0.53,19,285
deepseek-r1_prompt4_ethical90_4,1,human,agent,0.51,17,284
deepseek-r1_prompt4_ethical90_5,1,human,agent,0.28,18,304
deepseek-r1_prompt0_ethical91_1,1,human,agent,0.48,23,247
deepseek-r1_prompt0_ethical91_2,1,human,agent,0.67,19,285
deepseek-r1_prompt0_ethical91_3,1,human,agent,0.37,13,323
deepseek-r1_prompt0_ethical91_4,1,human,agent,0.50,18,384
deepseek-r1_prompt0_ethical91_5,1,human,agent,0.40,16,338
deepseek-r1_prompt1_ethical91_1,1,human,agent,0.47,23,245
deepseek-r1_prompt1_ethical91_2,1,human,agent,0.59,19,279
deepseek-r1_prompt1_ethical91_3,1,human,agent,0.34,13,325
deepseek-r1_prompt1_ethical91_4,1,human,agent,0.48,18,318
deepseek-r1_prompt1_ethical91_5,1,human,agent,0.36,16,288
deepseek-r1_prompt2_ethical91_1,1,human,agent,0.75,23,238
deepseek-r1_prompt2_ethical91_2,1,human,agent,0.80,19,267
deepseek-r1_prompt2_ethical91_3,1,human,agent,0.47,13,265
deepseek-r1_prompt2_ethical91_4,1,human,agent,0.52,18,290
deepseek-r1_prompt2_ethical91_5,1,human,agent,0.41,16,253
deepseek-r1_prompt3_ethical91_1,1,human,agent,0.50,23,248
deepseek-r1_prompt3_ethical91_2,1,human,agent,0.74,19,266
deepseek-r1_prompt3_ethical91_3,1,human,agent,0.41,13,340
deepseek-r1_prompt3_ethical91_4,1,human,agent,0.46,18,383
deepseek-r1_prompt3_ethical91_5,1,human,agent,0.41,16,356
deepseek-r1_prompt4_ethical91_1,1,human,agent,0.62,23,261
deepseek-r1_prompt4_ethical91_2,1,human,agent,0.77,19,304
deepseek-r1_prompt4_ethical91_3,1,human,agent,0.44,13,281
deepseek-r1_prompt4_ethical91_4,1,human,agent,0.44,18,315
deepseek-r1_prompt4_ethical91_5,1,human,agent,0.41,16,301
deepseek-r1_prompt0_ethical92_1,1,human,agent,0.49,29,276
deepseek-r1_prompt0_ethical92_2,1,human,agent,0.49,15,321
deepseek-r1_prompt0_ethical92_3,1,human,agent,0.64,14,309
deepseek-r1_prompt0_ethical92_4,1,human,agent,0.46,14,291
deepseek-r1_prompt0_ethical92_5,1,human,agent,0.27,14,283
deepseek-r1_prompt1_ethical92_1,1,human,agent,0.58,29,252
deepseek-r1_prompt1_ethical92_2,1,human,agent,0.44,15,294
deepseek-r1_prompt1_ethical92_3,1,human,agent,0.66,14,331
deepseek-r1_prompt1_ethical92_4,1,human,agent,0.57,14,302
deepseek-r1_prompt1_ethical92_5,1,human,agent,0.25,14,304
deepseek-r1_prompt2_ethical92_1,1,human,agent,0.58,29,264
deepseek-r1_prompt2_ethical92_2,1,human,agent,0.50,15,270
deepseek-r1_prompt2_ethical92_3,1,human,agent,0.69,14,294
deepseek-r1_prompt2_ethical92_4,1,human,agent,0.59,14,337
deepseek-r1_prompt2_ethical92_5,1,human,agent,0.29,14,353
deepseek-r1_prompt3_ethical92_1,1,human,agent,0.49,29,258
deepseek-r1_prompt3_ethical92_2,1,human,agent,0.36,15,359
deepseek-r1_prompt3_ethical92_3,1,human,agent,0.67,14,321
deepseek-r1_prompt3_ethical92_4,1,human,agent,0.47,14,281
deepseek-r1_prompt3_ethical92_5,1,human,agent,0.28,14,287
deepseek-r1_prompt4_ethical92_1,1,human,agent,0.57,29,250
deepseek-r1_prompt4_ethical92_2,1,human,agent,0.50,15,261
deepseek-r1_prompt4_ethical92_3,1,human,agent,0.73,14,324
deepseek-r1_prompt4_ethical92_4,1,human,agent,0.61,14,342
deepseek-r1_prompt4_ethical92_5,1,human,agent,0.31,14,366
deepseek-r1_prompt0_ethical93_1,1,human,agent,0.53,25,262
deepseek-r1_prompt0_ethical93_2,1,human,agent,0.47,20,355
deepseek-r1_prompt0_ethical93_3,1,human,agent,0.28,14,351
deepseek-r1_prompt0_ethical93_4,1,human,agent,0.47,18,342
deepseek-r1_prompt0_ethical93_5,1,human,agent,0.27,19,328
deepseek-r1_prompt1_ethical93_1,1,human,agent,0.50,25,255
deepseek-r1_prompt1_ethical93_2,1,human,agent,0.50,20,288
deepseek-r1_prompt1_ethical93_3,1,human,agent,0.29,14,303
deepseek-r1_prompt1_ethical93_4,1,human,agent,0.50,18,368
deepseek-r1_prompt1_ethical93_5,1,human,agent,0.25,19,332
deepseek-r1_prompt2_ethical93_1,1,human,agent,0.57,25,267
deepseek-r1_prompt2_ethical93_2,1,human,agent,0.62,20,245
deepseek-r1_prompt2_ethical93_3,1,human,agent,0.41,14,277
deepseek-r1_prompt2_ethical93_4,1,human,agent,0.50,18,275
deepseek-r1_prompt2_ethical93_5,1,human,agent,0.27,19,304
deepseek-r1_prompt3_ethical93_1,1,human,agent,0.40,25,260
deepseek-r1_prompt3_ethical93_2,1,human,agent,0.42,20,288
deepseek-r1_prompt3_ethical93_3,1,human,agent,0.30,14,325
deepseek-r1_prompt3_ethical93_4,1,human,agent,0.45,18,349
deepseek-r1_prompt3_ethical93_5,1,human,agent,0.26,19,321
deepseek-r1_prompt4_ethical93_1,1,human,agent,0.50,25,253
deepseek-r1_prompt4_ethical93_2,1,human,agent,0.58,20,273
deepseek-r1_prompt4_ethical93_3,1,human,agent,0.36,14,287
deepseek-r1_prompt4_ethical93_4,1,human,agent,0.46,18,251
deepseek-r1_prompt4_ethical93_5,1,human,agent,0.28,19,301
deepseek-r1_prompt0_ethical94_1,1,human,agent,0.46,24,322
deepseek-r1_prompt0_ethical94_2,1,human,agent,0.49,19,305
deepseek-r1_prompt0_ethical94_3,1,human,agent,0.37,13,294
deepseek-r1_prompt0_ethical94_4,1,human,agent,0.45,15,290
deepseek-r1_prompt0_ethical94_5,1,human,agent,0.38,18,298
deepseek-r1_prompt1_ethical94_1,1,human,agent,0.49,24,278
deepseek-r1_prompt1_ethical94_2,1,human,agent,0.57,19,310
deepseek-r1_prompt1_ethical94_3,1,human,agent,0.29,13,294
deepseek-r1_prompt1_ethical94_4,1,human,agent,0.49,15,282
deepseek-r1_prompt1_ethical94_5,1,human,agent,0.27,18,305
deepseek-r1_prompt2_ethical94_1,1,human,agent,0.61,24,284
deepseek-r1_prompt2_ethical94_2,1,human,agent,0.72,19,283
deepseek-r1_prompt2_ethical94_3,1,human,agent,0.42,13,333
deepseek-r1_prompt2_ethical94_4,1,human,agent,0.55,15,353
deepseek-r1_prompt2_ethical94_5,1,human,agent,0.25,18,345
deepseek-r1_prompt3_ethical94_1,1,human,agent,0.54,24,270
deepseek-r1_prompt3_ethical94_2,1,human,agent,0.56,19,306
deepseek-r1_prompt3_ethical94_3,1,human,agent,0.35,13,349
deepseek-r1_prompt3_ethical94_4,1,human,agent,0.42,15,295
deepseek-r1_prompt3_ethical94_5,1,human,agent,0.21,18,350
deepseek-r1_prompt4_ethical94_1,1,human,agent,0.66,24,290
deepseek-r1_prompt4_ethical94_2,1,human,agent,0.65,19,304
deepseek-r1_prompt4_ethical94_3,1,human,agent,0.42,13,342
deepseek-r1_prompt4_ethical94_4,1,human,agent,0.56,15,346
deepseek-r1_prompt4_ethical94_5,1,human,agent,0.27,18,340
deepseek-r1_prompt0_ethical95_1,1,human,agent,0.47,27,305
deepseek-r1_prompt0_ethical95_2,1,human,agent,0.70,25,362
deepseek-r1_prompt0_ethical95_3,1,human,agent,0.64,19,324
deepseek-r1_prompt0_ethical95_4,1,human,agent,0.63,20,303
deepseek-r1_prompt0_ethical95_5,1,human,agent,0.29,16,305
deepseek-r1_prompt1_ethical95_1,1,human,agent,0.53,27,252
deepseek-r1_prompt1_ethical95_2,1,human,agent,0.69,25,311
deepseek-r1_prompt1_ethical95_3,1,human,agent,0.68,19,313
deepseek-r1_prompt1_ethical95_4,1,human,agent,0.67,20,332
deepseek-r1_prompt1_ethical95_5,1,human,agent,0.32,16,337
deepseek-r1_prompt2_ethical95_1,1,human,agent,0.60,27,244
deepseek-r1_prompt2_ethical95_2,1,human,agent,0.73,25,303
deepseek-r1_prompt2_ethical95_3,1,human,agent,0.68,19,362
deepseek-r1_prompt2_ethical95_4,1,human,agent,0.70,20,325
deepseek-r1_prompt2_ethical95_5,1,human,agent,0.36,16,338
deepseek-r1_prompt3_ethical95_1,1,human,agent,0.48,27,244
deepseek-r1_prompt3_ethical95_2,1,human,agent,0.64,25,301
deepseek-r1_prompt3_ethical95_3,1,human,agent,0.64,19,332
deepseek-r1_prompt3_ethical95_4,1,human,agent,0.59,20,312
deepseek-r1_prompt3_ethical95_5,1,human,agent,0.28,16,308
deepseek-r1_prompt4_ethical95_1,1,human,agent,0.61,27,260
deepseek-r1_prompt4_ethical95_2,1,human,agent,0.72,25,322
deepseek-r1_prompt4_ethical95_3,1,human,agent,0.67,19,355
deepseek-r1_prompt4_ethical95_4,1,human,agent,0.68,20,343
deepseek-r1_prompt4_ethical95_5,1,human,agent,0.36,16,344
deepseek-r1_prompt0_ethical96_1,1,human,agent,0.43,29,258
deepseek-r1_prompt0_ethical96_2,1,human,agent,0.51,19,313
deepseek-r1_prompt0_ethical96_3,1,human,agent,0.62,18,365
deepseek-r1_prompt0_ethical96_4,1,human,agent,0.62,21,323
deepseek-r1_prompt0_ethical96_5,1,human,agent,0.43,15,293
deepseek-r1_prompt1_ethical96_1,1,human,agent,0.46,29,261
deepseek-r1_prompt1_ethical96_2,1,human,agent,0.55,19,293
deepseek-r1_prompt1_ethical96_3,1,human,agent,0.58,18,376
deepseek-r1_prompt1_ethical96_4,1,human,agent,0.68,21,325
deepseek-r1_prompt1_ethical96_5,1,human,agent,0.39,15,315
deepseek-r1_prompt2_ethical96_1,1,human,agent,0.49,29,259
deepseek-r1_prompt2_ethical96_2,1,human,agent,0.59,19,260
deepseek-r1_prompt2_ethical96_3,1,human,agent,0.71,18,280
deepseek-r1_prompt2_ethical96_4,1,human,agent,0.71,21,278
deepseek-r1_prompt2_ethical96_5,1,human,agent,0.51,15,291
deepseek-r1_prompt3_ethical96_1,1,human,agent,0.36,29,273
deepseek-r1_prompt3_ethical96_2,1,human,agent,0.54,19,342
deepseek-r1_prompt3_ethical96_3,1,human,agent,0.61,18,327
deepseek-r1_prompt3_ethical96_4,1,human,agent,0.67,21,318
deepseek-r1_prompt3_ethical96_5,1,human,agent,0.42,15,321
deepseek-r1_prompt4_ethical96_1,1,human,agent,0.43,29,283
deepseek-r1_prompt4_ethical96_2,1,human,agent,0.58,19,269
deepseek-r1_prompt4_ethical96_3,1,human,agent,0.67,18,314
deepseek-r1_prompt4_ethical96_4,1,human,agent,0.68,21,359
deepseek-r1_prompt4_ethical96_5,1,human,agent,0.49,15,370
deepseek-r1_prompt0_ethical97_1,1,human,agent,0.74,32,278
deepseek-r1_prompt0_ethical97_2,1,human,agent,0.53,19,281
deepseek-r1_prompt0_ethical97_3,1,human,agent,0.52,17,295
deepseek-r1_prompt0_ethical97_4,1,human,agent,0.57,22,263
deepseek-r1_prompt0_ethical97_5,1,human,agent,0.33,17,294
deepseek-r1_prompt1_ethical97_1,1,human,agent,0.72,32,217
deepseek-r1_prompt1_ethical97_2,1,human,agent,0.41,19,285
deepseek-r1_prompt1_ethical97_3,1,human,agent,0.46,17,370
deepseek-r1_prompt1_ethical97_4,1,human,agent,0.50,22,308
deepseek-r1_prompt1_ethical97_5,1,human,agent,0.30,17,295
deepseek-r1_prompt2_ethical97_1,1,human,agent,0.68,32,263
deepseek-r1_prompt2_ethical97_2,1,human,agent,0.49,19,260
deepseek-r1_prompt2_ethical97_3,1,human,agent,0.59,17,313
deepseek-r1_prompt2_ethical97_4,1,human,agent,0.62,22,293
deepseek-r1_prompt2_ethical97_5,1,human,agent,0.35,17,350
deepseek-r1_prompt3_ethical97_1,1,human,agent,0.76,32,242
deepseek-r1_prompt3_ethical97_2,1,human,agent,0.39,19,281
deepseek-r1_prompt3_ethical97_3,1,human,agent,0.52,17,339
deepseek-r1_prompt3_ethical97_4,1,human,agent,0.53,22,307
deepseek-r1_prompt3_ethical97_5,1,human,agent,0.31,17,326
deepseek-r1_prompt4_ethical97_1,1,human,agent,0.67,32,288
deepseek-r1_prompt4_ethical97_2,1,human,agent,0.46,19,294
deepseek-r1_prompt4_ethical97_3,1,human,agent,0.51,17,349
deepseek-r1_prompt4_ethical97_4,1,human,agent,0.58,22,325
deepseek-r1_prompt4_ethical97_5,1,human,agent,0.32,17,351
deepseek-r1_prompt0_ethical98_1,1,human,agent,0.48,30,276
deepseek-r1_prompt0_ethical98_2,1,human,agent,0.58,23,330
deepseek-r1_prompt0_ethical98_3,1,human,agent,0.51,20,318
deepseek-r1_prompt0_ethical98_4,1,human,agent,0.31,20,293
deepseek-r1_prompt0_ethical98_5,1,human,agent,0.46,16,309
deepseek-r1_prompt1_ethical98_1,1,human,agent,0.49,30,251
deepseek-r1_prompt1_ethical98_2,1,human,agent,0.63,23,279
deepseek-r1_prompt1_ethical98_3,1,human,agent,0.55,20,343
deepseek-r1_prompt1_ethical98_4,1,human,agent,0.31,20,335
deepseek-r1_prompt1_ethical98_5,1,human,agent,0.32,16,328
deepseek-r1_prompt2_ethical98_1,1,human,agent,0.65,30,275
deepseek-r1_prompt2_ethical98_2,1,human,agent,0.74,23,278
deepseek-r1_prompt2_ethical98_3,1,human,agent,0.67,20,313
deepseek-r1_prompt2_ethical98_4,1,human,agent,0.39,20,289
deepseek-r1_prompt2_ethical98_5,1,human,agent,0.46,16,299
deepseek-r1_prompt3_ethical98_1,1,human,agent,0.48,30,273
deepseek-r1_prompt3_ethical98_2,1,human,agent,0.66,23,264
deepseek-r1_prompt3_ethical98_3,1,human,agent,0.56,20,349
deepseek-r1_prompt3_ethical98_4,1,human,agent,0.38,20,326
deepseek-r1_prompt3_ethical98_5,1,human,agent,0.36,16,329
deepseek-r1_prompt4_ethical98_1,1,human,agent,0.65,30,263
deepseek-r1_prompt4_ethical98_2,1,human,agent,0.67,23,286
deepseek-r1_prompt4_ethical98_3,1,human,agent,0.56,20,298
deepseek-r1_prompt4_ethical98_4,1,human,agent,0.38,20,315
deepseek-r1_prompt4_ethical98_5,1,human,agent,0.38,16,346
deepseek-r1_prompt0_ethical99_1,1,human,agent,0.52,26,278
deepseek-r1_prompt0_ethical99_2,1,human,agent,0.71,27,337
deepseek-r1_prompt0_ethical99_3,1,human,agent,0.70,23,328
deepseek-r1_prompt0_ethical99_4,1,human,agent,0.51,18,307
deepseek-r1_prompt0_ethical99_5,1,human,agent,0.33,15,298
deepseek-r1_prompt1_ethical99_1,1,human,agent,0.50,26,280
deepseek-r1_prompt1_ethical99_2,1,human,agent,0.70,27,337
deepseek-r1_prompt1_ethical99_3,1,human,agent,0.70,23,330
deepseek-r1_prompt1_ethical99_4,1,human,agent,0.50,18,334
deepseek-r1_prompt1_ethical99_5,1,human,agent,0.21,15,305
deepseek-r1_prompt2_ethical99_1,1,human,agent,0.59,26,274
deepseek-r1_prompt2_ethical99_2,1,human,agent,0.75,27,317
deepseek-r1_prompt2_ethical99_3,1,human,agent,0.75,23,354
deepseek-r1_prompt2_ethical99_4,1,human,agent,0.49,18,360
deepseek-r1_prompt2_ethical99_5,1,human,agent,0.25,15,303
deepseek-r1_prompt3_ethical99_1,1,human,agent,0.50,26,288
deepseek-r1_prompt3_ethical99_2,1,human,agent,0.69,27,330
deepseek-r1_prompt3_ethical99_3,1,human,agent,0.66,23,347
deepseek-r1_prompt3_ethical99_4,1,human,agent,0.50,18,332
deepseek-r1_prompt3_ethical99_5,1,human,agent,0.28,15,316
deepseek-r1_prompt4_ethical99_1,1,human,agent,0.54,26,286
deepseek-r1_prompt4_ethical99_2,1,human,agent,0.71,27,350
deepseek-r1_prompt4_ethical99_3,1,human,agent,0.75,23,376
deepseek-r1_prompt4_ethical99_4,1,human,agent,0.50,18,366
deepseek-r1_prompt4_ethical99_5,1,human,agent,0.25,15,350
deepseek-r1_prompt0_false-presuppositions1_1,1,human,agent,0.28,10,200
deepseek-r1_prompt0_false-presuppositions1_2,1,human,agent,0.37,13,223
deepseek-r1_prompt0_false-presuppositions1_3,1,human,agent,0.55,19,269
deepseek-r1_prompt0_false-presuppositions1_4,1,human,agent,0.40,24,241
deepseek-r1_prompt0_false-presuppositions1_5,1,human,agent,0.45,23,228
deepseek-r1_prompt1_false-presuppositions1_1,1,human,agent,0.36,10,209
deepseek-r1_prompt1_false-presuppositions1_2,1,human,agent,0.40,13,198
deepseek-r1_prompt1_false-presuppositions1_3,1,human,agent,0.65,19,228
deepseek-r1_prompt1_false-presuppositions1_4,1,human,agent,0.46,24,248
deepseek-r1_prompt1_false-presuppositions1_5,1,human,agent,0.45,23,236
deepseek-r1_prompt2_false-presuppositions1_1,1,human,agent,0.36,10,118
deepseek-r1_prompt2_false-presuppositions1_2,1,human,agent,0.30,13,243
deepseek-r1_prompt2_false-presuppositions1_3,1,human,agent,0.56,19,272
deepseek-r1_prompt2_false-presuppositions1_4,1,human,agent,0.40,24,276
deepseek-r1_prompt2_false-presuppositions1_5,1,human,agent,0.54,23,265
deepseek-r1_prompt3_false-presuppositions1_1,1,human,agent,0.36,10,144
deepseek-r1_prompt3_false-presuppositions1_2,1,human,agent,0.27,13,217
deepseek-r1_prompt3_false-presuppositions1_3,1,human,agent,0.56,19,228
deepseek-r1_prompt3_false-presuppositions1_4,1,human,agent,0.36,24,241
deepseek-r1_prompt3_false-presuppositions1_5,1,human,agent,0.53,23,261
deepseek-r1_prompt4_false-presuppositions1_1,1,human,agent,0.32,10,210
deepseek-r1_prompt4_false-presuppositions1_2,1,human,agent,0.36,13,265
deepseek-r1_prompt4_false-presuppositions1_3,1,human,agent,0.63,19,289
deepseek-r1_prompt4_false-presuppositions1_4,1,human,agent,0.38,24,296
deepseek-r1_prompt4_false-presuppositions1_5,1,human,agent,0.50,23,304
deepseek-r1_prompt0_false-presuppositions10_1,1,human,agent,0.40,11,235
deepseek-r1_prompt0_false-presuppositions10_2,1,human,agent,0.59,20,233
deepseek-r1_prompt0_false-presuppositions10_3,1,human,agent,0.53,18,231
deepseek-r1_prompt0_false-presuppositions10_4,1,human,agent,0.58,29,264
deepseek-r1_prompt0_false-presuppositions10_5,1,human,agent,0.42,21,270
deepseek-r1_prompt1_false-presuppositions10_1,1,human,agent,0.40,11,265
deepseek-r1_prompt1_false-presuppositions10_2,1,human,agent,0.57,20,261
deepseek-r1_prompt1_false-presuppositions10_3,1,human,agent,0.52,18,224
deepseek-r1_prompt1_false-presuppositions10_4,1,human,agent,0.62,29,261
deepseek-r1_prompt1_false-presuppositions10_5,1,human,agent,0.39,21,255
deepseek-r1_prompt2_false-presuppositions10_1,1,human,agent,0.52,11,143
deepseek-r1_prompt2_false-presuppositions10_2,1,human,agent,0.52,20,251
deepseek-r1_prompt2_false-presuppositions10_3,1,human,agent,0.54,18,277
deepseek-r1_prompt2_false-presuppositions10_4,1,human,agent,0.67,29,325
deepseek-r1_prompt2_false-presuppositions10_5,1,human,agent,0.43,21,309
deepseek-r1_prompt3_false-presuppositions10_1,1,human,agent,0.41,11,119
deepseek-r1_prompt3_false-presuppositions10_2,1,human,agent,0.55,20,261
deepseek-r1_prompt3_false-presuppositions10_3,1,human,agent,0.51,18,237
deepseek-r1_prompt3_false-presuppositions10_4,1,human,agent,0.53,29,279
deepseek-r1_prompt3_false-presuppositions10_5,1,human,agent,0.39,21,256
deepseek-r1_prompt4_false-presuppositions10_1,1,human,agent,0.37,11,114
deepseek-r1_prompt4_false-presuppositions10_2,1,human,agent,0.57,20,285
deepseek-r1_prompt4_false-presuppositions10_3,1,human,agent,0.56,18,255
deepseek-r1_prompt4_false-presuppositions10_4,1,human,agent,0.61,29,274
deepseek-r1_prompt4_false-presuppositions10_5,1,human,agent,0.46,21,282
deepseek-r1_prompt0_false-presuppositions100_1,1,human,agent,0.20,14,290
deepseek-r1_prompt0_false-presuppositions100_2,1,human,agent,0.29,19,283
deepseek-r1_prompt0_false-presuppositions100_3,1,human,agent,0.29,19,285
deepseek-r1_prompt0_false-presuppositions100_4,1,human,agent,0.33,19,322
deepseek-r1_prompt0_false-presuppositions100_5,1,human,agent,0.30,19,282
deepseek-r1_prompt1_false-presuppositions100_1,1,human,agent,0.19,14,323
deepseek-r1_prompt1_false-presuppositions100_2,1,human,agent,0.26,19,252
deepseek-r1_prompt1_false-presuppositions100_3,1,human,agent,0.29,19,275
deepseek-r1_prompt1_false-presuppositions100_4,1,human,agent,0.28,19,280
deepseek-r1_prompt1_false-presuppositions100_5,1,human,agent,0.34,19,300
deepseek-r1_prompt2_false-presuppositions100_1,1,human,agent,0.37,14,221
deepseek-r1_prompt2_false-presuppositions100_2,1,human,agent,0.41,19,263
deepseek-r1_prompt2_false-presuppositions100_3,1,human,agent,0.45,19,266
deepseek-r1_prompt2_false-presuppositions100_4,1,human,agent,0.37,19,264
deepseek-r1_prompt2_false-presuppositions100_5,1,human,agent,0.41,19,279
deepseek-r1_prompt3_false-presuppositions100_1,1,human,agent,0.24,14,212
deepseek-r1_prompt3_false-presuppositions100_2,1,human,agent,0.19,19,261
deepseek-r1_prompt3_false-presuppositions100_3,1,human,agent,0.25,19,283
deepseek-r1_prompt3_false-presuppositions100_4,1,human,agent,0.28,19,286
deepseek-r1_prompt3_false-presuppositions100_5,1,human,agent,0.25,19,295
deepseek-r1_prompt4_false-presuppositions100_1,1,human,agent,0.40,14,120
deepseek-r1_prompt4_false-presuppositions100_2,1,human,agent,0.31,19,231
deepseek-r1_prompt4_false-presuppositions100_3,1,human,agent,0.29,19,259
deepseek-r1_prompt4_false-presuppositions100_4,1,human,agent,0.29,19,313
deepseek-r1_prompt4_false-presuppositions100_5,1,human,agent,0.33,19,333
deepseek-r1_prompt0_false-presuppositions101_1,1,human,agent,0.49,23,283
deepseek-r1_prompt0_false-presuppositions101_2,1,human,agent,0.38,20,202
deepseek-r1_prompt0_false-presuppositions101_3,1,human,agent,0.49,23,248
deepseek-r1_prompt0_false-presuppositions101_4,1,human,agent,0.69,31,263
deepseek-r1_prompt0_false-presuppositions101_5,1,human,agent,0.55,32,277
deepseek-r1_prompt1_false-presuppositions101_1,1,human,agent,0.55,23,258
deepseek-r1_prompt1_false-presuppositions101_2,1,human,agent,0.45,20,213
deepseek-r1_prompt1_false-presuppositions101_3,1,human,agent,0.44,23,222
deepseek-r1_prompt1_false-presuppositions101_4,1,human,agent,0.69,31,247
deepseek-r1_prompt1_false-presuppositions101_5,1,human,agent,0.48,32,266
deepseek-r1_prompt2_false-presuppositions101_1,1,human,agent,0.62,23,153
deepseek-r1_prompt2_false-presuppositions101_2,1,human,agent,0.56,20,265
deepseek-r1_prompt2_false-presuppositions101_3,1,human,agent,0.63,23,296
deepseek-r1_prompt2_false-presuppositions101_4,1,human,agent,0.69,31,309
deepseek-r1_prompt2_false-presuppositions101_5,1,human,agent,0.54,32,301
deepseek-r1_prompt3_false-presuppositions101_1,1,human,agent,0.57,23,229
deepseek-r1_prompt3_false-presuppositions101_2,1,human,agent,0.46,20,238
deepseek-r1_prompt3_false-presuppositions101_3,1,human,agent,0.47,23,218
deepseek-r1_prompt3_false-presuppositions101_4,1,human,agent,0.68,31,230
deepseek-r1_prompt3_false-presuppositions101_5,1,human,agent,0.51,32,277
deepseek-r1_prompt4_false-presuppositions101_1,1,human,agent,0.60,23,110
deepseek-r1_prompt4_false-presuppositions101_2,1,human,agent,0.47,20,248
deepseek-r1_prompt4_false-presuppositions101_3,1,human,agent,0.46,23,269
deepseek-r1_prompt4_false-presuppositions101_4,1,human,agent,0.66,31,299
deepseek-r1_prompt4_false-presuppositions101_5,1,human,agent,0.52,32,313
deepseek-r1_prompt0_false-presuppositions102_1,1,human,agent,0.48,11,202
deepseek-r1_prompt0_false-presuppositions102_2,1,human,agent,0.54,19,206
deepseek-r1_prompt0_false-presuppositions102_3,1,human,agent,0.46,23,217
deepseek-r1_prompt0_false-presuppositions102_4,1,human,agent,0.55,31,267
deepseek-r1_prompt0_false-presuppositions102_5,1,human,agent,0.53,29,291
deepseek-r1_prompt1_false-presuppositions102_1,1,human,agent,0.32,11,167
deepseek-r1_prompt1_false-presuppositions102_2,1,human,agent,0.35,19,214
deepseek-r1_prompt1_false-presuppositions102_3,1,human,agent,0.56,23,241
deepseek-r1_prompt1_false-presuppositions102_4,1,human,agent,0.50,31,259
deepseek-r1_prompt1_false-presuppositions102_5,1,human,agent,0.47,29,263
deepseek-r1_prompt2_false-presuppositions102_1,1,human,agent,0.31,11,126
deepseek-r1_prompt2_false-presuppositions102_2,1,human,agent,0.64,19,227
deepseek-r1_prompt2_false-presuppositions102_3,1,human,agent,0.56,23,247
deepseek-r1_prompt2_false-presuppositions102_4,1,human,agent,0.69,31,278
deepseek-r1_prompt2_false-presuppositions102_5,1,human,agent,0.49,29,249
deepseek-r1_prompt3_false-presuppositions102_1,1,human,agent,0.28,11,165
deepseek-r1_prompt3_false-presuppositions102_2,1,human,agent,0.47,19,202
deepseek-r1_prompt3_false-presuppositions102_3,1,human,agent,0.51,23,236
deepseek-r1_prompt3_false-presuppositions102_4,1,human,agent,0.53,31,245
deepseek-r1_prompt3_false-presuppositions102_5,1,human,agent,0.46,29,245
deepseek-r1_prompt4_false-presuppositions102_1,1,human,agent,0.31,11,123
deepseek-r1_prompt4_false-presuppositions102_2,1,human,agent,0.58,19,235
deepseek-r1_prompt4_false-presuppositions102_3,1,human,agent,0.51,23,253
deepseek-r1_prompt4_false-presuppositions102_4,1,human,agent,0.66,31,305
deepseek-r1_prompt4_false-presuppositions102_5,1,human,agent,0.49,29,253
deepseek-r1_prompt0_false-presuppositions103_1,1,human,agent,0.52,10,234
deepseek-r1_prompt0_false-presuppositions103_2,1,human,agent,0.67,25,206
deepseek-r1_prompt0_false-presuppositions103_3,1,human,agent,0.59,20,246
deepseek-r1_prompt0_false-presuppositions103_4,1,human,agent,0.56,29,250
deepseek-r1_prompt0_false-presuppositions103_5,1,human,agent,0.62,29,251
deepseek-r1_prompt1_false-presuppositions103_1,1,human,agent,0.42,10,252
deepseek-r1_prompt1_false-presuppositions103_2,1,human,agent,0.62,25,247
deepseek-r1_prompt1_false-presuppositions103_3,1,human,agent,0.60,20,235
deepseek-r1_prompt1_false-presuppositions103_4,1,human,agent,0.60,29,247
deepseek-r1_prompt1_false-presuppositions103_5,1,human,agent,0.57,29,269
deepseek-r1_prompt2_false-presuppositions103_1,1,human,agent,0.27,10,119
deepseek-r1_prompt2_false-presuppositions103_2,1,human,agent,0.72,25,228
deepseek-r1_prompt2_false-presuppositions103_3,1,human,agent,0.71,20,250
deepseek-r1_prompt2_false-presuppositions103_4,1,human,agent,0.60,29,315
deepseek-r1_prompt2_false-presuppositions103_5,1,human,agent,0.67,29,304
deepseek-r1_prompt3_false-presuppositions103_1,1,human,agent,0.50,10,212
deepseek-r1_prompt3_false-presuppositions103_2,1,human,agent,0.63,25,241
deepseek-r1_prompt3_false-presuppositions103_3,1,human,agent,0.58,20,248
deepseek-r1_prompt3_false-presuppositions103_4,1,human,agent,0.55,29,253
deepseek-r1_prompt3_false-presuppositions103_5,1,human,agent,0.58,29,268
deepseek-r1_prompt4_false-presuppositions103_1,1,human,agent,0.41,10,146
deepseek-r1_prompt4_false-presuppositions103_2,1,human,agent,0.62,25,231
deepseek-r1_prompt4_false-presuppositions103_3,1,human,agent,0.62,20,251
deepseek-r1_prompt4_false-presuppositions103_4,1,human,agent,0.61,29,292
deepseek-r1_prompt4_false-presuppositions103_5,1,human,agent,0.70,29,273
deepseek-r1_prompt0_false-presuppositions104_1,1,human,agent,0.45,10,242
deepseek-r1_prompt0_false-presuppositions104_2,1,human,agent,0.51,23,262
deepseek-r1_prompt0_false-presuppositions104_3,1,human,agent,0.55,25,295
deepseek-r1_prompt0_false-presuppositions104_4,1,human,agent,0.66,26,283
deepseek-r1_prompt0_false-presuppositions104_5,1,human,agent,0.63,25,277
deepseek-r1_prompt1_false-presuppositions104_1,1,human,agent,0.52,10,268
deepseek-r1_prompt1_false-presuppositions104_2,1,human,agent,0.64,23,293
deepseek-r1_prompt1_false-presuppositions104_3,1,human,agent,0.52,25,329
deepseek-r1_prompt1_false-presuppositions104_4,1,human,agent,0.60,26,324
deepseek-r1_prompt1_false-presuppositions104_5,1,human,agent,0.59,25,288
deepseek-r1_prompt2_false-presuppositions104_1,1,human,agent,0.32,10,116
deepseek-r1_prompt2_false-presuppositions104_2,1,human,agent,0.66,23,252
deepseek-r1_prompt2_false-presuppositions104_3,1,human,agent,0.55,25,302
deepseek-r1_prompt2_false-presuppositions104_4,1,human,agent,0.72,26,313
deepseek-r1_prompt2_false-presuppositions104_5,1,human,agent,0.64,25,321
deepseek-r1_prompt3_false-presuppositions104_1,1,human,agent,0.53,10,173
deepseek-r1_prompt3_false-presuppositions104_2,1,human,agent,0.44,23,237
deepseek-r1_prompt3_false-presuppositions104_3,1,human,agent,0.52,25,313
deepseek-r1_prompt3_false-presuppositions104_4,1,human,agent,0.64,26,315
deepseek-r1_prompt3_false-presuppositions104_5,1,human,agent,0.58,25,307
deepseek-r1_prompt4_false-presuppositions104_1,1,human,agent,0.37,10,122
deepseek-r1_prompt4_false-presuppositions104_2,1,human,agent,0.58,23,256
deepseek-r1_prompt4_false-presuppositions104_3,1,human,agent,0.59,25,252
deepseek-r1_prompt4_false-presuppositions104_4,1,human,agent,0.77,26,260
deepseek-r1_prompt4_false-presuppositions104_5,1,human,agent,0.70,25,252
deepseek-r1_prompt0_false-presuppositions105_1,1
deepseek-r1_prompt0_false-presuppositions105_2,1,human,agent,0.53,20,278
deepseek-r1_prompt0_false-presuppositions105_3,1,human,agent,0.40,18,264
deepseek-r1_prompt0_false-presuppositions105_4,1,human,agent,0.78,29,314
deepseek-r1_prompt0_false-presuppositions105_5,1,human,agent,0.35,24,277
deepseek-r1_prompt1_false-presuppositions105_1,1
deepseek-r1_prompt1_false-presuppositions105_2,1,human,agent,0.53,20,269
deepseek-r1_prompt1_false-presuppositions105_3,1,human,agent,0.43,18,255
deepseek-r1_prompt1_false-presuppositions105_4,1,human,agent,0.81,29,311
deepseek-r1_prompt1_false-presuppositions105_5,1,human,agent,0.37,24,287
deepseek-r1_prompt2_false-presuppositions105_1,1
deepseek-r1_prompt2_false-presuppositions105_2,1,human,agent,0.58,20,248
deepseek-r1_prompt2_false-presuppositions105_3,1,human,agent,0.46,18,260
deepseek-r1_prompt2_false-presuppositions105_4,1,human,agent,0.72,29,292
deepseek-r1_prompt2_false-presuppositions105_5,1,human,agent,0.34,24,315
deepseek-r1_prompt3_false-presuppositions105_1,1
deepseek-r1_prompt3_false-presuppositions105_2,1,human,agent,0.47,20,251
deepseek-r1_prompt3_false-presuppositions105_3,1,human,agent,0.30,18,267
deepseek-r1_prompt3_false-presuppositions105_4,1,human,agent,0.77,29,322
deepseek-r1_prompt3_false-presuppositions105_5,1,human,agent,0.33,24,277
deepseek-r1_prompt4_false-presuppositions105_1,1
deepseek-r1_prompt4_false-presuppositions105_2,1,human,agent,0.49,20,242
deepseek-r1_prompt4_false-presuppositions105_3,1,human,agent,0.46,18,240
deepseek-r1_prompt4_false-presuppositions105_4,1,human,agent,0.69,29,287
deepseek-r1_prompt4_false-presuppositions105_5,1,human,agent,0.35,24,279
deepseek-r1_prompt0_false-presuppositions106_1,1,human,agent,0.49,16,165
deepseek-r1_prompt0_false-presuppositions106_2,1,human,agent,0.81,22,220
deepseek-r1_prompt0_false-presuppositions106_3,1,human,agent,0.85,23,256
deepseek-r1_prompt0_false-presuppositions106_4,1,human,agent,0.75,30,231
deepseek-r1_prompt0_false-presuppositions106_5,1,human,agent,0.65,26,258
deepseek-r1_prompt1_false-presuppositions106_1,1,human,agent,0.50,16,266
deepseek-r1_prompt1_false-presuppositions106_2,1,human,agent,0.75,22,262
deepseek-r1_prompt1_false-presuppositions106_3,1,human,agent,0.82,23,326
deepseek-r1_prompt1_false-presuppositions106_4,1,human,agent,0.74,30,272
deepseek-r1_prompt1_false-presuppositions106_5,1,human,agent,0.61,26,275
deepseek-r1_prompt2_false-presuppositions106_1,1,human,agent,0.53,16,118
deepseek-r1_prompt2_false-presuppositions106_2,1,human,agent,0.79,22,261
deepseek-r1_prompt2_false-presuppositions106_3,1,human,agent,0.89,23,292
deepseek-r1_prompt2_false-presuppositions106_4,1,human,agent,0.78,30,279
deepseek-r1_prompt2_false-presuppositions106_5,1,human,agent,0.62,26,297
deepseek-r1_prompt3_false-presuppositions106_1,1,human,agent,0.65,16,119
deepseek-r1_prompt3_false-presuppositions106_2,1,human,agent,0.77,22,215
deepseek-r1_prompt3_false-presuppositions106_3,1,human,agent,0.83,23,238
deepseek-r1_prompt3_false-presuppositions106_4,1,human,agent,0.71,30,269
deepseek-r1_prompt3_false-presuppositions106_5,1,human,agent,0.56,26,252
deepseek-r1_prompt4_false-presuppositions106_1,1,human,agent,0.49,16,156
deepseek-r1_prompt4_false-presuppositions106_2,1,human,agent,0.78,22,232
deepseek-r1_prompt4_false-presuppositions106_3,1,human,agent,0.87,23,237
deepseek-r1_prompt4_false-presuppositions106_4,1,human,agent,0.75,30,279
deepseek-r1_prompt4_false-presuppositions106_5,1,human,agent,0.60,26,269
deepseek-r1_prompt0_false-presuppositions107_1,1,human,agent,0.55,18,158
deepseek-r1_prompt0_false-presuppositions107_2,1,human,agent,0.51,21,225
deepseek-r1_prompt0_false-presuppositions107_3,1,human,agent,0.51,20,240
deepseek-r1_prompt0_false-presuppositions107_4,1,human,agent,0.57,25,267
deepseek-r1_prompt0_false-presuppositions107_5,1,human,agent,0.53,26,277
deepseek-r1_prompt1_false-presuppositions107_1,1,human,agent,0.63,18,284
deepseek-r1_prompt1_false-presuppositions107_2,1,human,agent,0.50,21,215
deepseek-r1_prompt1_false-presuppositions107_3,1,human,agent,0.54,20,229
deepseek-r1_prompt1_false-presuppositions107_4,1,human,agent,0.56,25,255
deepseek-r1_prompt1_false-presuppositions107_5,1,human,agent,0.47,26,277
deepseek-r1_prompt2_false-presuppositions107_1,1,human,agent,0.78,18,120
deepseek-r1_prompt2_false-presuppositions107_2,1,human,agent,0.62,21,229
deepseek-r1_prompt2_false-presuppositions107_3,1,human,agent,0.61,20,249
deepseek-r1_prompt2_false-presuppositions107_4,1,human,agent,0.67,25,290
deepseek-r1_prompt2_false-presuppositions107_5,1,human,agent,0.55,26,312
deepseek-r1_prompt3_false-presuppositions107_1,1,human,agent,0.50,18,163
deepseek-r1_prompt3_false-presuppositions107_2,1,human,agent,0.49,21,208
deepseek-r1_prompt3_false-presuppositions107_3,1,human,agent,0.48,20,197
deepseek-r1_prompt3_false-presuppositions107_4,1,human,agent,0.54,25,233
deepseek-r1_prompt3_false-presuppositions107_5,1,human,agent,0.55,26,241
deepseek-r1_prompt4_false-presuppositions107_1,1,human,agent,0.80,18,142
deepseek-r1_prompt4_false-presuppositions107_2,1,human,agent,0.60,21,235
deepseek-r1_prompt4_false-presuppositions107_3,1,human,agent,0.66,20,264
deepseek-r1_prompt4_false-presuppositions107_4,1,human,agent,0.67,25,272
deepseek-r1_prompt4_false-presuppositions107_5,1,human,agent,0.55,26,273
deepseek-r1_prompt0_false-presuppositions108_1,1
deepseek-r1_prompt0_false-presuppositions108_2,1,human,agent,0.34,19,231
deepseek-r1_prompt0_false-presuppositions108_3,1,human,agent,0.62,14,241
deepseek-r1_prompt0_false-presuppositions108_4,1,human,agent,0.58,24,230
deepseek-r1_prompt0_false-presuppositions108_5,1,human,agent,0.46,20,245
deepseek-r1_prompt1_false-presuppositions108_1,1
deepseek-r1_prompt1_false-presuppositions108_2,1,human,agent,0.37,19,250
deepseek-r1_prompt1_false-presuppositions108_3,1,human,agent,0.61,14,258
deepseek-r1_prompt1_false-presuppositions108_4,1,human,agent,0.54,24,292
deepseek-r1_prompt1_false-presuppositions108_5,1,human,agent,0.43,20,287
deepseek-r1_prompt2_false-presuppositions108_1,1
deepseek-r1_prompt2_false-presuppositions108_2,1,human,agent,0.39,19,259
deepseek-r1_prompt2_false-presuppositions108_3,1,human,agent,0.67,14,243
deepseek-r1_prompt2_false-presuppositions108_4,1,human,agent,0.58,24,262
deepseek-r1_prompt2_false-presuppositions108_5,1,human,agent,0.49,20,277
deepseek-r1_prompt3_false-presuppositions108_1,1
deepseek-r1_prompt3_false-presuppositions108_2,1,human,agent,0.29,19,228
deepseek-r1_prompt3_false-presuppositions108_3,1,human,agent,0.55,14,232
deepseek-r1_prompt3_false-presuppositions108_4,1,human,agent,0.51,24,241
deepseek-r1_prompt3_false-presuppositions108_5,1,human,agent,0.44,20,296
deepseek-r1_prompt4_false-presuppositions108_1,1
deepseek-r1_prompt4_false-presuppositions108_2,1,human,agent,0.38,19,224
deepseek-r1_prompt4_false-presuppositions108_3,1,human,agent,0.69,14,245
deepseek-r1_prompt4_false-presuppositions108_4,1,human,agent,0.59,24,254
deepseek-r1_prompt4_false-presuppositions108_5,1,human,agent,0.49,20,259
deepseek-r1_prompt0_false-presuppositions109_1,1
deepseek-r1_prompt0_false-presuppositions109_2,1,human,agent,0.29,20,237
deepseek-r1_prompt0_false-presuppositions109_3,1,human,agent,0.55,16,258
deepseek-r1_prompt0_false-presuppositions109_4,1,human,agent,0.46,24,272
deepseek-r1_prompt0_false-presuppositions109_5,1,human,agent,0.34,23,244
deepseek-r1_prompt1_false-presuppositions109_1,1
deepseek-r1_prompt1_false-presuppositions109_2,1,human,agent,0.27,20,219
deepseek-r1_prompt1_false-presuppositions109_3,1,human,agent,0.49,16,303
deepseek-r1_prompt1_false-presuppositions109_4,1,human,agent,0.46,24,280
deepseek-r1_prompt1_false-presuppositions109_5,1,human,agent,0.34,23,295
deepseek-r1_prompt2_false-presuppositions109_1,1
deepseek-r1_prompt2_false-presuppositions109_2,1,human,agent,0.41,20,270
deepseek-r1_prompt2_false-presuppositions109_3,1,human,agent,0.55,16,282
deepseek-r1_prompt2_false-presuppositions109_4,1,human,agent,0.57,24,272
deepseek-r1_prompt2_false-presuppositions109_5,1,human,agent,0.41,23,280
deepseek-r1_prompt3_false-presuppositions109_1,1
deepseek-r1_prompt3_false-presuppositions109_2,1,human,agent,0.18,20,215
deepseek-r1_prompt3_false-presuppositions109_3,1,human,agent,0.43,16,284
deepseek-r1_prompt3_false-presuppositions109_4,1,human,agent,0.44,24,265
deepseek-r1_prompt3_false-presuppositions109_5,1,human,agent,0.31,23,217
deepseek-r1_prompt4_false-presuppositions109_1,1
deepseek-r1_prompt4_false-presuppositions109_2,1,human,agent,0.32,20,276
deepseek-r1_prompt4_false-presuppositions109_3,1,human,agent,0.50,16,269
deepseek-r1_prompt4_false-presuppositions109_4,1,human,agent,0.56,24,317
deepseek-r1_prompt4_false-presuppositions109_5,1,human,agent,0.36,23,260
deepseek-r1_prompt0_false-presuppositions11_1,1,human,agent,0.81,40,249
deepseek-r1_prompt0_false-presuppositions11_2,1,human,agent,0.47,19,232
deepseek-r1_prompt0_false-presuppositions11_3,1,human,agent,0.63,19,251
deepseek-r1_prompt0_false-presuppositions11_4,1,human,agent,0.63,25,247
deepseek-r1_prompt0_false-presuppositions11_5,1,human,agent,0.71,24,241
deepseek-r1_prompt1_false-presuppositions11_1,1,human,agent,0.81,40,289
deepseek-r1_prompt1_false-presuppositions11_2,1,human,agent,0.57,19,252
deepseek-r1_prompt1_false-presuppositions11_3,1,human,agent,0.67,19,273
deepseek-r1_prompt1_false-presuppositions11_4,1,human,agent,0.55,25,270
deepseek-r1_prompt1_false-presuppositions11_5,1,human,agent,0.64,24,270
deepseek-r1_prompt2_false-presuppositions11_1,1,human,agent,0.89,40,171
deepseek-r1_prompt2_false-presuppositions11_2,1,human,agent,0.58,19,230
deepseek-r1_prompt2_false-presuppositions11_3,1,human,agent,0.64,19,240
deepseek-r1_prompt2_false-presuppositions11_4,1,human,agent,0.60,25,243
deepseek-r1_prompt2_false-presuppositions11_5,1,human,agent,0.72,24,264
deepseek-r1_prompt3_false-presuppositions11_1,1,human,agent,0.72,40,248
deepseek-r1_prompt3_false-presuppositions11_2,1,human,agent,0.59,19,239
deepseek-r1_prompt3_false-presuppositions11_3,1,human,agent,0.61,19,208
deepseek-r1_prompt3_false-presuppositions11_4,1,human,agent,0.59,25,221
deepseek-r1_prompt3_false-presuppositions11_5,1,human,agent,0.70,24,274
deepseek-r1_prompt4_false-presuppositions11_1,1,human,agent,0.84,40,130
deepseek-r1_prompt4_false-presuppositions11_2,1,human,agent,0.57,19,250
deepseek-r1_prompt4_false-presuppositions11_3,1,human,agent,0.59,19,238
deepseek-r1_prompt4_false-presuppositions11_4,1,human,agent,0.66,25,215
deepseek-r1_prompt4_false-presuppositions11_5,1,human,agent,0.69,24,279
deepseek-r1_prompt0_false-presuppositions110_1,1,human,agent,0.35,16,222
deepseek-r1_prompt0_false-presuppositions110_2,1,human,agent,0.46,21,227
deepseek-r1_prompt0_false-presuppositions110_3,1,human,agent,0.45,21,233
deepseek-r1_prompt0_false-presuppositions110_4,1,human,agent,0.53,21,292
deepseek-r1_prompt0_false-presuppositions110_5,1,human,agent,0.44,21,298
deepseek-r1_prompt1_false-presuppositions110_1,1,human,agent,0.45,16,222
deepseek-r1_prompt1_false-presuppositions110_2,1,human,agent,0.42,21,251
deepseek-r1_prompt1_false-presuppositions110_3,1,human,agent,0.53,21,300
deepseek-r1_prompt1_false-presuppositions110_4,1,human,agent,0.47,21,283
deepseek-r1_prompt1_false-presuppositions110_5,1,human,agent,0.46,21,298
deepseek-r1_prompt2_false-presuppositions110_1,1,human,agent,0.39,16,153
deepseek-r1_prompt2_false-presuppositions110_2,1,human,agent,0.50,21,201
deepseek-r1_prompt2_false-presuppositions110_3,1,human,agent,0.49,21,265
deepseek-r1_prompt2_false-presuppositions110_4,1,human,agent,0.48,21,259
deepseek-r1_prompt2_false-presuppositions110_5,1,human,agent,0.54,21,241
deepseek-r1_prompt3_false-presuppositions110_1,1,human,agent,0.33,16,221
deepseek-r1_prompt3_false-presuppositions110_2,1,human,agent,0.39,21,216
deepseek-r1_prompt3_false-presuppositions110_3,1,human,agent,0.39,21,281
deepseek-r1_prompt3_false-presuppositions110_4,1,human,agent,0.40,21,268
deepseek-r1_prompt3_false-presuppositions110_5,1,human,agent,0.42,21,310
deepseek-r1_prompt4_false-presuppositions110_1,1,human,agent,0.32,16,106
deepseek-r1_prompt4_false-presuppositions110_2,1,human,agent,0.56,21,150
deepseek-r1_prompt4_false-presuppositions110_3,1,human,agent,0.51,21,215
deepseek-r1_prompt4_false-presuppositions110_4,1,human,agent,0.49,21,263
deepseek-r1_prompt4_false-presuppositions110_5,1,human,agent,0.51,21,252
deepseek-r1_prompt0_false-presuppositions111_1,1,human,agent,0.50,16,270
deepseek-r1_prompt0_false-presuppositions111_2,1,human,agent,0.39,26,254
deepseek-r1_prompt0_false-presuppositions111_3,1,human,agent,0.56,19,253
deepseek-r1_prompt0_false-presuppositions111_4,1,human,agent,0.26,21,279
deepseek-r1_prompt0_false-presuppositions111_5,1,human,agent,0.34,23,257
deepseek-r1_prompt1_false-presuppositions111_1,1,human,agent,0.50,16,328
deepseek-r1_prompt1_false-presuppositions111_2,1,human,agent,0.49,26,245
deepseek-r1_prompt1_false-presuppositions111_3,1,human,agent,0.53,19,301
deepseek-r1_prompt1_false-presuppositions111_4,1,human,agent,0.26,21,278
deepseek-r1_prompt1_false-presuppositions111_5,1,human,agent,0.34,23,258
deepseek-r1_prompt2_false-presuppositions111_1,1,human,agent,0.45,16,120
deepseek-r1_prompt2_false-presuppositions111_2,1,human,agent,0.53,26,254
deepseek-r1_prompt2_false-presuppositions111_3,1,human,agent,0.55,19,220
deepseek-r1_prompt2_false-presuppositions111_4,1,human,agent,0.32,21,269
deepseek-r1_prompt2_false-presuppositions111_5,1,human,agent,0.43,23,300
deepseek-r1_prompt3_false-presuppositions111_1,1,human,agent,0.62,16,194
deepseek-r1_prompt3_false-presuppositions111_2,1,human,agent,0.54,26,251
deepseek-r1_prompt3_false-presuppositions111_3,1,human,agent,0.66,19,258
deepseek-r1_prompt3_false-presuppositions111_4,1,human,agent,0.31,21,261
deepseek-r1_prompt3_false-presuppositions111_5,1,human,agent,0.36,23,249
deepseek-r1_prompt4_false-presuppositions111_1,1,human,agent,0.43,16,284
deepseek-r1_prompt4_false-presuppositions111_2,1,human,agent,0.54,26,261
deepseek-r1_prompt4_false-presuppositions111_3,1,human,agent,0.56,19,276
deepseek-r1_prompt4_false-presuppositions111_4,1,human,agent,0.32,21,278
deepseek-r1_prompt4_false-presuppositions111_5,1,human,agent,0.38,23,304
deepseek-r1_prompt0_false-presuppositions112_1,1,human,agent,0.53,14,228
deepseek-r1_prompt0_false-presuppositions112_2,1,human,agent,0.41,25,232
deepseek-r1_prompt0_false-presuppositions112_3,1,human,agent,0.66,25,276
deepseek-r1_prompt0_false-presuppositions112_4,1,human,agent,0.56,28,259
deepseek-r1_prompt0_false-presuppositions112_5,1,human,agent,0.53,25,255
deepseek-r1_prompt1_false-presuppositions112_1,1,human,agent,0.52,14,156
deepseek-r1_prompt1_false-presuppositions112_2,1,human,agent,0.46,25,209
deepseek-r1_prompt1_false-presuppositions112_3,1,human,agent,0.69,25,243
deepseek-r1_prompt1_false-presuppositions112_4,1,human,agent,0.46,28,240
deepseek-r1_prompt1_false-presuppositions112_5,1,human,agent,0.50,25,278
deepseek-r1_prompt2_false-presuppositions112_1,1,human,agent,0.59,14,147
deepseek-r1_prompt2_false-presuppositions112_2,1,human,agent,0.48,25,233
deepseek-r1_prompt2_false-presuppositions112_3,1,human,agent,0.69,25,268
deepseek-r1_prompt2_false-presuppositions112_4,1,human,agent,0.57,28,297
deepseek-r1_prompt2_false-presuppositions112_5,1,human,agent,0.57,25,311
deepseek-r1_prompt3_false-presuppositions112_1,1,human,agent,0.47,14,179
deepseek-r1_prompt3_false-presuppositions112_2,1,human,agent,0.40,25,262
deepseek-r1_prompt3_false-presuppositions112_3,1,human,agent,0.60,25,252
deepseek-r1_prompt3_false-presuppositions112_4,1,human,agent,0.48,28,278
deepseek-r1_prompt3_false-presuppositions112_5,1,human,agent,0.38,25,232
deepseek-r1_prompt4_false-presuppositions112_1,1,human,agent,0.46,14,127
deepseek-r1_prompt4_false-presuppositions112_2,1,human,agent,0.49,25,225
deepseek-r1_prompt4_false-presuppositions112_3,1,human,agent,0.61,25,222
deepseek-r1_prompt4_false-presuppositions112_4,1,human,agent,0.53,28,245
deepseek-r1_prompt4_false-presuppositions112_5,1,human,agent,0.49,25,243
deepseek-r1_prompt0_false-presuppositions113_1,1,human,agent,0.51,23,279
deepseek-r1_prompt0_false-presuppositions113_2,1,human,agent,0.42,22,252
deepseek-r1_prompt0_false-presuppositions113_3,1,human,agent,0.66,27,279
deepseek-r1_prompt0_false-presuppositions113_4,1,human,agent,0.76,29,270
deepseek-r1_prompt0_false-presuppositions113_5,1,human,agent,0.53,25,249
deepseek-r1_prompt1_false-presuppositions113_1,1,human,agent,0.48,23,262
deepseek-r1_prompt1_false-presuppositions113_2,1,human,agent,0.42,22,242
deepseek-r1_prompt1_false-presuppositions113_3,1,human,agent,0.64,27,283
deepseek-r1_prompt1_false-presuppositions113_4,1,human,agent,0.69,29,280
deepseek-r1_prompt1_false-presuppositions113_5,1,human,agent,0.57,25,268
deepseek-r1_prompt2_false-presuppositions113_1,1,human,agent,0.69,23,133
deepseek-r1_prompt2_false-presuppositions113_2,1,human,agent,0.54,22,248
deepseek-r1_prompt2_false-presuppositions113_3,1,human,agent,0.72,27,250
deepseek-r1_prompt2_false-presuppositions113_4,1,human,agent,0.76,29,271
deepseek-r1_prompt2_false-presuppositions113_5,1,human,agent,0.64,25,281
deepseek-r1_prompt3_false-presuppositions113_1,1,human,agent,0.50,23,209
deepseek-r1_prompt3_false-presuppositions113_2,1,human,agent,0.44,22,256
deepseek-r1_prompt3_false-presuppositions113_3,1,human,agent,0.56,27,263
deepseek-r1_prompt3_false-presuppositions113_4,1,human,agent,0.64,29,281
deepseek-r1_prompt3_false-presuppositions113_5,1,human,agent,0.56,25,285
deepseek-r1_prompt4_false-presuppositions113_1,1,human,agent,0.74,23,125
deepseek-r1_prompt4_false-presuppositions113_2,1,human,agent,0.49,22,253
deepseek-r1_prompt4_false-presuppositions113_3,1,human,agent,0.65,27,267
deepseek-r1_prompt4_false-presuppositions113_4,1,human,agent,0.71,29,303
deepseek-r1_prompt4_false-presuppositions113_5,1,human,agent,0.60,25,279
deepseek-r1_prompt0_false-presuppositions114_1,1,human,agent,0.23,12,264
deepseek-r1_prompt0_false-presuppositions114_2,1,human,agent,0.57,21,268
deepseek-r1_prompt0_false-presuppositions114_3,1,human,agent,0.44,18,269
deepseek-r1_prompt0_false-presuppositions114_4,1,human,agent,0.64,27,247
deepseek-r1_prompt0_false-presuppositions114_5,1,human,agent,0.53,27,273
deepseek-r1_prompt1_false-presuppositions114_1,1,human,agent,0.34,12,246
deepseek-r1_prompt1_false-presuppositions114_2,1,human,agent,0.61,21,222
deepseek-r1_prompt1_false-presuppositions114_3,1,human,agent,0.54,18,276
deepseek-r1_prompt1_false-presuppositions114_4,1,human,agent,0.66,27,262
deepseek-r1_prompt1_false-presuppositions114_5,1,human,agent,0.53,27,287
deepseek-r1_prompt2_false-presuppositions114_1,1,human,agent,0.22,12,99
deepseek-r1_prompt2_false-presuppositions114_2,1,human,agent,0.54,21,252
deepseek-r1_prompt2_false-presuppositions114_3,1,human,agent,0.53,18,229
deepseek-r1_prompt2_false-presuppositions114_4,1,human,agent,0.64,27,285
deepseek-r1_prompt2_false-presuppositions114_5,1,human,agent,0.53,27,312
deepseek-r1_prompt3_false-presuppositions114_1,1,human,agent,0.34,12,203
deepseek-r1_prompt3_false-presuppositions114_2,1,human,agent,0.42,21,247
deepseek-r1_prompt3_false-presuppositions114_3,1,human,agent,0.39,18,267
deepseek-r1_prompt3_false-presuppositions114_4,1,human,agent,0.58,27,310
deepseek-r1_prompt3_false-presuppositions114_5,1,human,agent,0.56,27,302
deepseek-r1_prompt4_false-presuppositions114_1,1,human,agent,0.50,12,98
deepseek-r1_prompt4_false-presuppositions114_2,1,human,agent,0.51,21,213
deepseek-r1_prompt4_false-presuppositions114_3,1,human,agent,0.45,18,218
deepseek-r1_prompt4_false-presuppositions114_4,1,human,agent,0.56,27,271
deepseek-r1_prompt4_false-presuppositions114_5,1,human,agent,0.52,27,304
deepseek-r1_prompt0_false-presuppositions115_1,1
deepseek-r1_prompt0_false-presuppositions115_2,1
deepseek-r1_prompt0_false-presuppositions115_3,1
deepseek-r1_prompt0_false-presuppositions115_4,1
deepseek-r1_prompt0_false-presuppositions115_5,1
deepseek-r1_prompt1_false-presuppositions115_1,1
deepseek-r1_prompt1_false-presuppositions115_2,1
deepseek-r1_prompt1_false-presuppositions115_3,1
deepseek-r1_prompt1_false-presuppositions115_4,1
deepseek-r1_prompt1_false-presuppositions115_5,1
deepseek-r1_prompt2_false-presuppositions115_1,1
deepseek-r1_prompt2_false-presuppositions115_2,1
deepseek-r1_prompt2_false-presuppositions115_3,1
deepseek-r1_prompt2_false-presuppositions115_4,1
deepseek-r1_prompt2_false-presuppositions115_5,1
deepseek-r1_prompt3_false-presuppositions115_1,1
deepseek-r1_prompt3_false-presuppositions115_2,1
deepseek-r1_prompt3_false-presuppositions115_3,1
deepseek-r1_prompt3_false-presuppositions115_4,1
deepseek-r1_prompt3_false-presuppositions115_5,1
deepseek-r1_prompt4_false-presuppositions115_1,1
deepseek-r1_prompt4_false-presuppositions115_2,1
deepseek-r1_prompt4_false-presuppositions115_3,1
deepseek-r1_prompt4_false-presuppositions115_4,1
deepseek-r1_prompt4_false-presuppositions115_5,1
deepseek-r1_prompt0_false-presuppositions116_1,1,human,agent,0.60,27,155
deepseek-r1_prompt0_false-presuppositions116_2,1,human,agent,0.59,23,200
deepseek-r1_prompt0_false-presuppositions116_3,1,human,agent,0.60,25,213
deepseek-r1_prompt0_false-presuppositions116_4,1,human,agent,0.73,29,197
deepseek-r1_prompt0_false-presuppositions116_5,1,human,agent,0.74,24,224
deepseek-r1_prompt1_false-presuppositions116_1,1,human,agent,0.53,27,212
deepseek-r1_prompt1_false-presuppositions116_2,1,human,agent,0.47,23,215
deepseek-r1_prompt1_false-presuppositions116_3,1,human,agent,0.50,25,223
deepseek-r1_prompt1_false-presuppositions116_4,1,human,agent,0.71,29,198
deepseek-r1_prompt1_false-presuppositions116_5,1,human,agent,0.66,24,202
deepseek-r1_prompt2_false-presuppositions116_1,1,human,agent,0.60,27,112
deepseek-r1_prompt2_false-presuppositions116_2,1,human,agent,0.59,23,241
deepseek-r1_prompt2_false-presuppositions116_3,1,human,agent,0.65,25,232
deepseek-r1_prompt2_false-presuppositions116_4,1,human,agent,0.75,29,254
deepseek-r1_prompt2_false-presuppositions116_5,1,human,agent,0.77,24,292
deepseek-r1_prompt3_false-presuppositions116_1,1,human,agent,0.55,27,185
deepseek-r1_prompt3_false-presuppositions116_2,1,human,agent,0.71,23,153
deepseek-r1_prompt3_false-presuppositions116_3,1,human,agent,0.56,25,204
deepseek-r1_prompt3_false-presuppositions116_4,1,human,agent,0.79,29,195
deepseek-r1_prompt3_false-presuppositions116_5,1,human,agent,0.74,24,238
deepseek-r1_prompt4_false-presuppositions116_1,1,human,agent,0.52,27,166
deepseek-r1_prompt4_false-presuppositions116_2,1,human,agent,0.59,23,180
deepseek-r1_prompt4_false-presuppositions116_3,1,human,agent,0.60,25,233
deepseek-r1_prompt4_false-presuppositions116_4,1,human,agent,0.72,29,264
deepseek-r1_prompt4_false-presuppositions116_5,1,human,agent,0.72,24,277
deepseek-r1_prompt0_false-presuppositions117_1,1,human,agent,0.49,27,233
deepseek-r1_prompt0_false-presuppositions117_2,1,human,agent,0.41,22,237
deepseek-r1_prompt0_false-presuppositions117_3,1,human,agent,0.65,27,261
deepseek-r1_prompt0_false-presuppositions117_4,1,human,agent,0.57,28,284
deepseek-r1_prompt0_false-presuppositions117_5,1,human,agent,0.51,24,301
deepseek-r1_prompt1_false-presuppositions117_1,1,human,agent,0.53,27,257
deepseek-r1_prompt1_false-presuppositions117_2,1,human,agent,0.41,22,252
deepseek-r1_prompt1_false-presuppositions117_3,1,human,agent,0.64,27,258
deepseek-r1_prompt1_false-presuppositions117_4,1,human,agent,0.60,28,282
deepseek-r1_prompt1_false-presuppositions117_5,1,human,agent,0.51,24,278
deepseek-r1_prompt2_false-presuppositions117_1,1,human,agent,0.55,27,148
deepseek-r1_prompt2_false-presuppositions117_2,1,human,agent,0.44,22,267
deepseek-r1_prompt2_false-presuppositions117_3,1,human,agent,0.58,27,294
deepseek-r1_prompt2_false-presuppositions117_4,1,human,agent,0.61,28,306
deepseek-r1_prompt2_false-presuppositions117_5,1,human,agent,0.60,24,335
deepseek-r1_prompt3_false-presuppositions117_1,1,human,agent,0.66,27,190
deepseek-r1_prompt3_false-presuppositions117_2,1,human,agent,0.39,22,239
deepseek-r1_prompt3_false-presuppositions117_3,1,human,agent,0.60,27,264
deepseek-r1_prompt3_false-presuppositions117_4,1,human,agent,0.64,28,291
deepseek-r1_prompt3_false-presuppositions117_5,1,human,agent,0.42,24,300
deepseek-r1_prompt4_false-presuppositions117_1,1,human,agent,0.59,27,100
deepseek-r1_prompt4_false-presuppositions117_2,1,human,agent,0.40,22,247
deepseek-r1_prompt4_false-presuppositions117_3,1,human,agent,0.56,27,290
deepseek-r1_prompt4_false-presuppositions117_4,1,human,agent,0.57,28,302
deepseek-r1_prompt4_false-presuppositions117_5,1,human,agent,0.51,24,333
deepseek-r1_prompt0_false-presuppositions118_1,1,human,agent,0.38,15,254
deepseek-r1_prompt0_false-presuppositions118_2,1,human,agent,0.38,24,226
deepseek-r1_prompt0_false-presuppositions118_3,1,human,agent,0.66,27,264
deepseek-r1_prompt0_false-presuppositions118_4,1,human,agent,0.79,28,270
deepseek-r1_prompt0_false-presuppositions118_5,1,human,agent,0.37,29,229
deepseek-r1_prompt1_false-presuppositions118_1,1,human,agent,0.37,15,352
deepseek-r1_prompt1_false-presuppositions118_2,1,human,agent,0.37,24,226
deepseek-r1_prompt1_false-presuppositions118_3,1,human,agent,0.62,27,270
deepseek-r1_prompt1_false-presuppositions118_4,1,human,agent,0.77,28,257
deepseek-r1_prompt1_false-presuppositions118_5,1,human,agent,0.35,29,273
deepseek-r1_prompt2_false-presuppositions118_1,1,human,agent,0.55,15,188
deepseek-r1_prompt2_false-presuppositions118_2,1,human,agent,0.42,24,264
deepseek-r1_prompt2_false-presuppositions118_3,1,human,agent,0.69,27,285
deepseek-r1_prompt2_false-presuppositions118_4,1,human,agent,0.78,28,311
deepseek-r1_prompt2_false-presuppositions118_5,1,human,agent,0.45,29,307
deepseek-r1_prompt3_false-presuppositions118_1,1,human,agent,0.35,15,203
deepseek-r1_prompt3_false-presuppositions118_2,1,human,agent,0.20,24,220
deepseek-r1_prompt3_false-presuppositions118_3,1,human,agent,0.61,27,236
deepseek-r1_prompt3_false-presuppositions118_4,1,human,agent,0.79,28,226
deepseek-r1_prompt3_false-presuppositions118_5,1,human,agent,0.36,29,264
deepseek-r1_prompt4_false-presuppositions118_1,1,human,agent,0.52,15,113
deepseek-r1_prompt4_false-presuppositions118_2,1,human,agent,0.38,24,274
deepseek-r1_prompt4_false-presuppositions118_3,1,human,agent,0.65,27,289
deepseek-r1_prompt4_false-presuppositions118_4,1,human,agent,0.81,28,284
deepseek-r1_prompt4_false-presuppositions118_5,1,human,agent,0.37,29,329
deepseek-r1_prompt0_false-presuppositions119_1,1,human,agent,0.31,10,262
deepseek-r1_prompt0_false-presuppositions119_2,1,human,agent,0.48,18,252
deepseek-r1_prompt0_false-presuppositions119_3,1,human,agent,0.62,28,262
deepseek-r1_prompt0_false-presuppositions119_4,1,human,agent,0.37,26,237
deepseek-r1_prompt0_false-presuppositions119_5,1,human,agent,0.57,26,269
deepseek-r1_prompt1_false-presuppositions119_1,1,human,agent,0.43,10,282
deepseek-r1_prompt1_false-presuppositions119_2,1,human,agent,0.41,18,246
deepseek-r1_prompt1_false-presuppositions119_3,1,human,agent,0.55,28,255
deepseek-r1_prompt1_false-presuppositions119_4,1,human,agent,0.37,26,202
deepseek-r1_prompt1_false-presuppositions119_5,1,human,agent,0.52,26,247
deepseek-r1_prompt2_false-presuppositions119_1,1,human,agent,0.33,10,156
deepseek-r1_prompt2_false-presuppositions119_2,1,human,agent,0.47,18,244
deepseek-r1_prompt2_false-presuppositions119_3,1,human,agent,0.62,28,254
deepseek-r1_prompt2_false-presuppositions119_4,1,human,agent,0.43,26,230
deepseek-r1_prompt2_false-presuppositions119_5,1,human,agent,0.54,26,295
deepseek-r1_prompt3_false-presuppositions119_1,1,human,agent,0.40,10,247
deepseek-r1_prompt3_false-presuppositions119_2,1,human,agent,0.40,18,244
deepseek-r1_prompt3_false-presuppositions119_3,1,human,agent,0.59,28,252
deepseek-r1_prompt3_false-presuppositions119_4,1,human,agent,0.48,26,249
deepseek-r1_prompt3_false-presuppositions119_5,1,human,agent,0.50,26,269
deepseek-r1_prompt4_false-presuppositions119_1,1,human,agent,0.46,10,123
deepseek-r1_prompt4_false-presuppositions119_2,1,human,agent,0.46,18,212
deepseek-r1_prompt4_false-presuppositions119_3,1,human,agent,0.67,28,220
deepseek-r1_prompt4_false-presuppositions119_4,1,human,agent,0.43,26,197
deepseek-r1_prompt4_false-presuppositions119_5,1,human,agent,0.55,26,239
deepseek-r1_prompt0_false-presuppositions12_1,1,human,agent,0.38,16,285
deepseek-r1_prompt0_false-presuppositions12_2,1,human,agent,0.42,27,244
deepseek-r1_prompt0_false-presuppositions12_3,1,human,agent,0.71,28,280
deepseek-r1_prompt0_false-presuppositions12_4,1,human,agent,0.67,26,300
deepseek-r1_prompt0_false-presuppositions12_5,1,human,agent,0.48,27,297
deepseek-r1_prompt1_false-presuppositions12_1,1,human,agent,0.40,16,234
deepseek-r1_prompt1_false-presuppositions12_2,1,human,agent,0.49,27,249
deepseek-r1_prompt1_false-presuppositions12_3,1,human,agent,0.67,28,232
deepseek-r1_prompt1_false-presuppositions12_4,1,human,agent,0.61,26,251
deepseek-r1_prompt1_false-presuppositions12_5,1,human,agent,0.45,27,274
deepseek-r1_prompt2_false-presuppositions12_1,1,human,agent,0.45,16,124
deepseek-r1_prompt2_false-presuppositions12_2,1,human,agent,0.62,27,302
deepseek-r1_prompt2_false-presuppositions12_3,1,human,agent,0.78,28,330
deepseek-r1_prompt2_false-presuppositions12_4,1,human,agent,0.66,26,314
deepseek-r1_prompt2_false-presuppositions12_5,1,human,agent,0.56,27,324
deepseek-r1_prompt3_false-presuppositions12_1,1,human,agent,0.35,16,214
deepseek-r1_prompt3_false-presuppositions12_2,1,human,agent,0.52,27,233
deepseek-r1_prompt3_false-presuppositions12_3,1,human,agent,0.72,28,248
deepseek-r1_prompt3_false-presuppositions12_4,1,human,agent,0.59,26,259
deepseek-r1_prompt3_false-presuppositions12_5,1,human,agent,0.49,27,276
deepseek-r1_prompt4_false-presuppositions12_1,1,human,agent,0.55,16,115
deepseek-r1_prompt4_false-presuppositions12_2,1,human,agent,0.47,27,219
deepseek-r1_prompt4_false-presuppositions12_3,1,human,agent,0.71,28,265
deepseek-r1_prompt4_false-presuppositions12_4,1,human,agent,0.67,26,250
deepseek-r1_prompt4_false-presuppositions12_5,1,human,agent,0.48,27,263
deepseek-r1_prompt0_false-presuppositions120_1,1,human,agent,0.40,19,239
deepseek-r1_prompt0_false-presuppositions120_2,1,human,agent,0.63,26,264
deepseek-r1_prompt0_false-presuppositions120_3,1,human,agent,0.53,20,281
deepseek-r1_prompt0_false-presuppositions120_4,1,human,agent,0.71,27,282
deepseek-r1_prompt0_false-presuppositions120_5,1,human,agent,0.39,22,275
deepseek-r1_prompt1_false-presuppositions120_1,1,human,agent,0.45,19,187
deepseek-r1_prompt1_false-presuppositions120_2,1,human,agent,0.50,26,217
deepseek-r1_prompt1_false-presuppositions120_3,1,human,agent,0.48,20,254
deepseek-r1_prompt1_false-presuppositions120_4,1,human,agent,0.59,27,273
deepseek-r1_prompt1_false-presuppositions120_5,1,human,agent,0.33,22,290
deepseek-r1_prompt2_false-presuppositions120_1,1,human,agent,0.55,19,170
deepseek-r1_prompt2_false-presuppositions120_2,1,human,agent,0.66,26,240
deepseek-r1_prompt2_false-presuppositions120_3,1,human,agent,0.52,20,263
deepseek-r1_prompt2_false-presuppositions120_4,1,human,agent,0.75,27,291
deepseek-r1_prompt2_false-presuppositions120_5,1,human,agent,0.42,22,288
deepseek-r1_prompt3_false-presuppositions120_1,1,human,agent,0.43,19,217
deepseek-r1_prompt3_false-presuppositions120_2,1,human,agent,0.60,26,247
deepseek-r1_prompt3_false-presuppositions120_3,1,human,agent,0.50,20,241
deepseek-r1_prompt3_false-presuppositions120_4,1,human,agent,0.67,27,260
deepseek-r1_prompt3_false-presuppositions120_5,1,human,agent,0.44,22,245
deepseek-r1_prompt4_false-presuppositions120_1,1,human,agent,0.49,19,123
deepseek-r1_prompt4_false-presuppositions120_2,1,human,agent,0.63,26,240
deepseek-r1_prompt4_false-presuppositions120_3,1,human,agent,0.51,20,290
deepseek-r1_prompt4_false-presuppositions120_4,1,human,agent,0.74,27,231
deepseek-r1_prompt4_false-presuppositions120_5,1,human,agent,0.41,22,285
deepseek-r1_prompt0_false-presuppositions121_1,1,human,agent,0.37,17,165
deepseek-r1_prompt0_false-presuppositions121_2,1,human,agent,0.62,18,200
deepseek-r1_prompt0_false-presuppositions121_3,1,human,agent,0.54,25,231
deepseek-r1_prompt0_false-presuppositions121_4,1,human,agent,0.71,22,231
deepseek-r1_prompt0_false-presuppositions121_5,1,human,agent,0.70,25,245
deepseek-r1_prompt1_false-presuppositions121_1,1,human,agent,0.39,17,167
deepseek-r1_prompt1_false-presuppositions121_2,1,human,agent,0.69,18,198
deepseek-r1_prompt1_false-presuppositions121_3,1,human,agent,0.55,25,221
deepseek-r1_prompt1_false-presuppositions121_4,1,human,agent,0.64,22,223
deepseek-r1_prompt1_false-presuppositions121_5,1,human,agent,0.77,25,237
deepseek-r1_prompt2_false-presuppositions121_1,1,human,agent,0.40,17,119
deepseek-r1_prompt2_false-presuppositions121_2,1,human,agent,0.64,18,263
deepseek-r1_prompt2_false-presuppositions121_3,1,human,agent,0.56,25,268
deepseek-r1_prompt2_false-presuppositions121_4,1,human,agent,0.70,22,248
deepseek-r1_prompt2_false-presuppositions121_5,1,human,agent,0.76,25,272
deepseek-r1_prompt3_false-presuppositions121_1,1,human,agent,0.36,17,128
deepseek-r1_prompt3_false-presuppositions121_2,1,human,agent,0.61,18,229
deepseek-r1_prompt3_false-presuppositions121_3,1,human,agent,0.53,25,254
deepseek-r1_prompt3_false-presuppositions121_4,1,human,agent,0.67,22,265
deepseek-r1_prompt3_false-presuppositions121_5,1,human,agent,0.66,25,244
deepseek-r1_prompt4_false-presuppositions121_1,1,human,agent,0.42,17,106
deepseek-r1_prompt4_false-presuppositions121_2,1,human,agent,0.58,18,246
deepseek-r1_prompt4_false-presuppositions121_3,1,human,agent,0.64,25,274
deepseek-r1_prompt4_false-presuppositions121_4,1,human,agent,0.71,22,269
deepseek-r1_prompt4_false-presuppositions121_5,1,human,agent,0.68,25,284
deepseek-r1_prompt0_false-presuppositions122_1,1,human,agent,0.29,16,249
deepseek-r1_prompt0_false-presuppositions122_2,1,human,agent,0.28,14,244
deepseek-r1_prompt0_false-presuppositions122_3,1,human,agent,0.71,21,315
deepseek-r1_prompt0_false-presuppositions122_4,1,human,agent,0.72,30,302
deepseek-r1_prompt0_false-presuppositions122_5,1,human,agent,0.35,24,257
deepseek-r1_prompt1_false-presuppositions122_1,1,human,agent,0.28,16,295
deepseek-r1_prompt1_false-presuppositions122_2,1,human,agent,0.23,14,263
deepseek-r1_prompt1_false-presuppositions122_3,1,human,agent,0.72,21,312
deepseek-r1_prompt1_false-presuppositions122_4,1,human,agent,0.70,30,315
deepseek-r1_prompt1_false-presuppositions122_5,1,human,agent,0.43,24,305
deepseek-r1_prompt2_false-presuppositions122_1,1,human,agent,0.43,16,112
deepseek-r1_prompt2_false-presuppositions122_2,1,human,agent,0.31,14,251
deepseek-r1_prompt2_false-presuppositions122_3,1,human,agent,0.74,21,278
deepseek-r1_prompt2_false-presuppositions122_4,1,human,agent,0.71,30,308
deepseek-r1_prompt2_false-presuppositions122_5,1,human,agent,0.43,24,287
deepseek-r1_prompt3_false-presuppositions122_1,1,human,agent,0.42,16,184
deepseek-r1_prompt3_false-presuppositions122_2,1,human,agent,0.28,14,219
deepseek-r1_prompt3_false-presuppositions122_3,1,human,agent,0.62,21,253
deepseek-r1_prompt3_false-presuppositions122_4,1,human,agent,0.73,30,250
deepseek-r1_prompt3_false-presuppositions122_5,1,human,agent,0.43,24,249
deepseek-r1_prompt4_false-presuppositions122_1,1,human,agent,0.36,16,117
deepseek-r1_prompt4_false-presuppositions122_2,1,human,agent,0.23,14,242
deepseek-r1_prompt4_false-presuppositions122_3,1,human,agent,0.84,21,265
deepseek-r1_prompt4_false-presuppositions122_4,1,human,agent,0.78,30,267
deepseek-r1_prompt4_false-presuppositions122_5,1,human,agent,0.43,24,301
deepseek-r1_prompt0_false-presuppositions123_1,1,human,agent,0.40,18,276
deepseek-r1_prompt0_false-presuppositions123_2,1,human,agent,0.43,22,216
deepseek-r1_prompt0_false-presuppositions123_3,1,human,agent,0.74,26,261
deepseek-r1_prompt0_false-presuppositions123_4,1,human,agent,0.74,34,279
deepseek-r1_prompt0_false-presuppositions123_5,1,human,agent,0.61,28,252
deepseek-r1_prompt1_false-presuppositions123_1,1,human,agent,0.33,18,263
deepseek-r1_prompt1_false-presuppositions123_2,1,human,agent,0.51,22,179
deepseek-r1_prompt1_false-presuppositions123_3,1,human,agent,0.65,26,245
deepseek-r1_prompt1_false-presuppositions123_4,1,human,agent,0.73,34,247
deepseek-r1_prompt1_false-presuppositions123_5,1,human,agent,0.63,28,241
deepseek-r1_prompt2_false-presuppositions123_1,1,human,agent,0.60,18,153
deepseek-r1_prompt2_false-presuppositions123_2,1,human,agent,0.58,22,250
deepseek-r1_prompt2_false-presuppositions123_3,1,human,agent,0.81,26,243
deepseek-r1_prompt2_false-presuppositions123_4,1,human,agent,0.73,34,266
deepseek-r1_prompt2_false-presuppositions123_5,1,human,agent,0.68,28,260
deepseek-r1_prompt3_false-presuppositions123_1,1,human,agent,0.38,18,212
deepseek-r1_prompt3_false-presuppositions123_2,1,human,agent,0.49,22,216
deepseek-r1_prompt3_false-presuppositions123_3,1,human,agent,0.64,26,240
deepseek-r1_prompt3_false-presuppositions123_4,1,human,agent,0.67,34,268
deepseek-r1_prompt3_false-presuppositions123_5,1,human,agent,0.53,28,279
deepseek-r1_prompt4_false-presuppositions123_1,1,human,agent,0.49,18,119
deepseek-r1_prompt4_false-presuppositions123_2,1,human,agent,0.52,22,276
deepseek-r1_prompt4_false-presuppositions123_3,1,human,agent,0.60,26,277
deepseek-r1_prompt4_false-presuppositions123_4,1,human,agent,0.76,34,305
deepseek-r1_prompt4_false-presuppositions123_5,1,human,agent,0.59,28,349
deepseek-r1_prompt0_false-presuppositions124_1,1,human,agent,0.51,29,176
deepseek-r1_prompt0_false-presuppositions124_2,1,human,agent,0.58,22,247
deepseek-r1_prompt0_false-presuppositions124_3,1,human,agent,0.68,27,262
deepseek-r1_prompt0_false-presuppositions124_4,1,human,agent,0.60,23,258
deepseek-r1_prompt0_false-presuppositions124_5,1,human,agent,0.52,29,278
deepseek-r1_prompt1_false-presuppositions124_1,1,human,agent,0.39,29,239
deepseek-r1_prompt1_false-presuppositions124_2,1,human,agent,0.50,22,252
deepseek-r1_prompt1_false-presuppositions124_3,1,human,agent,0.69,27,268
deepseek-r1_prompt1_false-presuppositions124_4,1,human,agent,0.65,23,296
deepseek-r1_prompt1_false-presuppositions124_5,1,human,agent,0.55,29,329
deepseek-r1_prompt2_false-presuppositions124_1,1,human,agent,0.41,29,118
deepseek-r1_prompt2_false-presuppositions124_2,1,human,agent,0.54,22,206
deepseek-r1_prompt2_false-presuppositions124_3,1,human,agent,0.70,27,234
deepseek-r1_prompt2_false-presuppositions124_4,1,human,agent,0.70,23,238
deepseek-r1_prompt2_false-presuppositions124_5,1,human,agent,0.56,29,256
deepseek-r1_prompt3_false-presuppositions124_1,1,human,agent,0.51,29,154
deepseek-r1_prompt3_false-presuppositions124_2,1,human,agent,0.46,22,201
deepseek-r1_prompt3_false-presuppositions124_3,1,human,agent,0.60,27,233
deepseek-r1_prompt3_false-presuppositions124_4,1,human,agent,0.64,23,246
deepseek-r1_prompt3_false-presuppositions124_5,1,human,agent,0.52,29,274
deepseek-r1_prompt4_false-presuppositions124_1,1,human,agent,0.52,29,94
deepseek-r1_prompt4_false-presuppositions124_2,1,human,agent,0.61,22,241
deepseek-r1_prompt4_false-presuppositions124_3,1,human,agent,0.72,27,262
deepseek-r1_prompt4_false-presuppositions124_4,1,human,agent,0.69,23,273
deepseek-r1_prompt4_false-presuppositions124_5,1,human,agent,0.52,29,266
deepseek-r1_prompt0_false-presuppositions125_1,1,human,agent,0.29,11,238
deepseek-r1_prompt0_false-presuppositions125_2,1,human,agent,0.51,20,221
deepseek-r1_prompt0_false-presuppositions125_3,1,human,agent,0.57,23,255
deepseek-r1_prompt0_false-presuppositions125_4,1,human,agent,0.48,24,307
deepseek-r1_prompt0_false-presuppositions125_5,1,human,agent,0.52,25,318
deepseek-r1_prompt1_false-presuppositions125_1,1,human,agent,0.29,11,255
deepseek-r1_prompt1_false-presuppositions125_2,1,human,agent,0.41,20,268
deepseek-r1_prompt1_false-presuppositions125_3,1,human,agent,0.66,23,253
deepseek-r1_prompt1_false-presuppositions125_4,1,human,agent,0.45,24,279
deepseek-r1_prompt1_false-presuppositions125_5,1,human,agent,0.53,25,298
deepseek-r1_prompt2_false-presuppositions125_1,1,human,agent,0.30,11,129
deepseek-r1_prompt2_false-presuppositions125_2,1,human,agent,0.49,20,265
deepseek-r1_prompt2_false-presuppositions125_3,1,human,agent,0.61,23,275
deepseek-r1_prompt2_false-presuppositions125_4,1,human,agent,0.45,24,314
deepseek-r1_prompt2_false-presuppositions125_5,1,human,agent,0.61,25,317
deepseek-r1_prompt3_false-presuppositions125_1,1,human,agent,0.38,11,216
deepseek-r1_prompt3_false-presuppositions125_2,1,human,agent,0.51,20,275
deepseek-r1_prompt3_false-presuppositions125_3,1,human,agent,0.56,23,250
deepseek-r1_prompt3_false-presuppositions125_4,1,human,agent,0.47,24,290
deepseek-r1_prompt3_false-presuppositions125_5,1,human,agent,0.50,25,242
deepseek-r1_prompt4_false-presuppositions125_1,1,human,agent,0.29,11,117
deepseek-r1_prompt4_false-presuppositions125_2,1,human,agent,0.46,20,258
deepseek-r1_prompt4_false-presuppositions125_3,1,human,agent,0.60,23,247
deepseek-r1_prompt4_false-presuppositions125_4,1,human,agent,0.48,24,283
deepseek-r1_prompt4_false-presuppositions125_5,1,human,agent,0.42,25,264
deepseek-r1_prompt0_false-presuppositions126_1,1,human,agent,0.20,11,280
deepseek-r1_prompt0_false-presuppositions126_2,1,human,agent,0.27,15,265
deepseek-r1_prompt0_false-presuppositions126_3,1,human,agent,0.73,24,286
deepseek-r1_prompt0_false-presuppositions126_4,1,human,agent,0.67,24,306
deepseek-r1_prompt0_false-presuppositions126_5,1,human,agent,0.69,25,285
deepseek-r1_prompt1_false-presuppositions126_1,1,human,agent,0.19,11,273
deepseek-r1_prompt1_false-presuppositions126_2,1,human,agent,0.30,15,244
deepseek-r1_prompt1_false-presuppositions126_3,1,human,agent,0.78,24,269
deepseek-r1_prompt1_false-presuppositions126_4,1,human,agent,0.72,24,283
deepseek-r1_prompt1_false-presuppositions126_5,1,human,agent,0.68,25,278
deepseek-r1_prompt2_false-presuppositions126_1,1,human,agent,0.40,11,117
deepseek-r1_prompt2_false-presuppositions126_2,1,human,agent,0.31,15,231
deepseek-r1_prompt2_false-presuppositions126_3,1,human,agent,0.75,24,252
deepseek-r1_prompt2_false-presuppositions126_4,1,human,agent,0.70,24,287
deepseek-r1_prompt2_false-presuppositions126_5,1,human,agent,0.67,25,271
deepseek-r1_prompt3_false-presuppositions126_1,1,human,agent,0.18,11,259
deepseek-r1_prompt3_false-presuppositions126_2,1,human,agent,0.22,15,257
deepseek-r1_prompt3_false-presuppositions126_3,1,human,agent,0.58,24,290
deepseek-r1_prompt3_false-presuppositions126_4,1,human,agent,0.63,24,250
deepseek-r1_prompt3_false-presuppositions126_5,1,human,agent,0.63,25,244
deepseek-r1_prompt4_false-presuppositions126_1,1,human,agent,0.38,11,123
deepseek-r1_prompt4_false-presuppositions126_2,1,human,agent,0.24,15,254
deepseek-r1_prompt4_false-presuppositions126_3,1,human,agent,0.65,24,293
deepseek-r1_prompt4_false-presuppositions126_4,1,human,agent,0.68,24,272
deepseek-r1_prompt4_false-presuppositions126_5,1,human,agent,0.75,25,285
deepseek-r1_prompt0_false-presuppositions127_1,1,human,agent,0.12,15,247
deepseek-r1_prompt0_false-presuppositions127_2,1,human,agent,0.44,23,263
deepseek-r1_prompt0_false-presuppositions127_3,1,human,agent,0.62,18,282
deepseek-r1_prompt0_false-presuppositions127_4,1,human,agent,0.70,22,304
deepseek-r1_prompt0_false-presuppositions127_5,1,human,agent,0.32,17,305
deepseek-r1_prompt1_false-presuppositions127_1,1,human,agent,0.17,15,267
deepseek-r1_prompt1_false-presuppositions127_2,1,human,agent,0.39,23,241
deepseek-r1_prompt1_false-presuppositions127_3,1,human,agent,0.64,18,245
deepseek-r1_prompt1_false-presuppositions127_4,1,human,agent,0.63,22,256
deepseek-r1_prompt1_false-presuppositions127_5,1,human,agent,0.32,17,274
deepseek-r1_prompt2_false-presuppositions127_1,1,human,agent,0.23,15,113
deepseek-r1_prompt2_false-presuppositions127_2,1,human,agent,0.51,23,240
deepseek-r1_prompt2_false-presuppositions127_3,1,human,agent,0.80,18,294
deepseek-r1_prompt2_false-presuppositions127_4,1,human,agent,0.73,22,322
deepseek-r1_prompt2_false-presuppositions127_5,1,human,agent,0.39,17,297
deepseek-r1_prompt3_false-presuppositions127_1,1,human,agent,0.15,15,226
deepseek-r1_prompt3_false-presuppositions127_2,1,human,agent,0.40,23,229
deepseek-r1_prompt3_false-presuppositions127_3,1,human,agent,0.55,18,267
deepseek-r1_prompt3_false-presuppositions127_4,1,human,agent,0.53,22,269
deepseek-r1_prompt3_false-presuppositions127_5,1,human,agent,0.28,17,282
deepseek-r1_prompt4_false-presuppositions127_1,1,human,agent,0.25,15,138
deepseek-r1_prompt4_false-presuppositions127_2,1,human,agent,0.53,23,215
deepseek-r1_prompt4_false-presuppositions127_3,1,human,agent,0.66,18,236
deepseek-r1_prompt4_false-presuppositions127_4,1,human,agent,0.64,22,241
deepseek-r1_prompt4_false-presuppositions127_5,1,human,agent,0.33,17,241
deepseek-r1_prompt0_false-presuppositions128_1,1,human,agent,0.48,17,261
deepseek-r1_prompt0_false-presuppositions128_2,1,human,agent,0.26,19,270
deepseek-r1_prompt0_false-presuppositions128_3,1,human,agent,0.44,19,288
deepseek-r1_prompt0_false-presuppositions128_4,1,human,agent,0.55,27,271
deepseek-r1_prompt0_false-presuppositions128_5,1,human,agent,0.63,22,276
deepseek-r1_prompt1_false-presuppositions128_1,1,human,agent,0.45,17,236
deepseek-r1_prompt1_false-presuppositions128_2,1,human,agent,0.37,19,269
deepseek-r1_prompt1_false-presuppositions128_3,1,human,agent,0.42,19,287
deepseek-r1_prompt1_false-presuppositions128_4,1,human,agent,0.54,27,287
deepseek-r1_prompt1_false-presuppositions128_5,1,human,agent,0.61,22,276
deepseek-r1_prompt2_false-presuppositions128_1,1,human,agent,0.49,17,116
deepseek-r1_prompt2_false-presuppositions128_2,1,human,agent,0.38,19,258
deepseek-r1_prompt2_false-presuppositions128_3,1,human,agent,0.54,19,279
deepseek-r1_prompt2_false-presuppositions128_4,1,human,agent,0.57,27,254
deepseek-r1_prompt2_false-presuppositions128_5,1,human,agent,0.60,22,274
deepseek-r1_prompt3_false-presuppositions128_1,1,human,agent,0.34,17,244
deepseek-r1_prompt3_false-presuppositions128_2,1,human,agent,0.33,19,230
deepseek-r1_prompt3_false-presuppositions128_3,1,human,agent,0.46,19,275
deepseek-r1_prompt3_false-presuppositions128_4,1,human,agent,0.56,27,265
deepseek-r1_prompt3_false-presuppositions128_5,1,human,agent,0.64,22,288
deepseek-r1_prompt4_false-presuppositions128_1,1,human,agent,0.33,17,112
deepseek-r1_prompt4_false-presuppositions128_2,1,human,agent,0.28,19,195
deepseek-r1_prompt4_false-presuppositions128_3,1,human,agent,0.53,19,260
deepseek-r1_prompt4_false-presuppositions128_4,1,human,agent,0.58,27,252
deepseek-r1_prompt4_false-presuppositions128_5,1,human,agent,0.67,22,260
deepseek-r1_prompt0_false-presuppositions129_1,1,human,agent,0.35,12,197
deepseek-r1_prompt0_false-presuppositions129_2,1,human,agent,0.25,17,228
deepseek-r1_prompt0_false-presuppositions129_3,1,human,agent,0.29,17,242
deepseek-r1_prompt0_false-presuppositions129_4,1,human,agent,0.37,17,264
deepseek-r1_prompt0_false-presuppositions129_5,1,human,agent,0.47,17,286
deepseek-r1_prompt1_false-presuppositions129_1,1,human,agent,0.29,12,195
deepseek-r1_prompt1_false-presuppositions129_2,1,human,agent,0.31,17,257
deepseek-r1_prompt1_false-presuppositions129_3,1,human,agent,0.35,17,235
deepseek-r1_prompt1_false-presuppositions129_4,1,human,agent,0.33,17,274
deepseek-r1_prompt1_false-presuppositions129_5,1,human,agent,0.30,17,256
deepseek-r1_prompt2_false-presuppositions129_1,1,human,agent,0.31,12,163
deepseek-r1_prompt2_false-presuppositions129_2,1,human,agent,0.33,17,242
deepseek-r1_prompt2_false-presuppositions129_3,1,human,agent,0.47,17,252
deepseek-r1_prompt2_false-presuppositions129_4,1,human,agent,0.43,17,266
deepseek-r1_prompt2_false-presuppositions129_5,1,human,agent,0.44,17,279
deepseek-r1_prompt3_false-presuppositions129_1,1,human,agent,0.26,12,207
deepseek-r1_prompt3_false-presuppositions129_2,1,human,agent,0.33,17,244
deepseek-r1_prompt3_false-presuppositions129_3,1,human,agent,0.34,17,276
deepseek-r1_prompt3_false-presuppositions129_4,1,human,agent,0.36,17,225
deepseek-r1_prompt3_false-presuppositions129_5,1,human,agent,0.37,17,279
deepseek-r1_prompt4_false-presuppositions129_1,1,human,agent,0.29,12,115
deepseek-r1_prompt4_false-presuppositions129_2,1,human,agent,0.29,17,243
deepseek-r1_prompt4_false-presuppositions129_3,1,human,agent,0.28,17,266
deepseek-r1_prompt4_false-presuppositions129_4,1,human,agent,0.38,17,238
deepseek-r1_prompt4_false-presuppositions129_5,1,human,agent,0.34,17,280
deepseek-r1_prompt0_false-presuppositions13_1,1
deepseek-r1_prompt0_false-presuppositions13_2,1,human,agent,0.13,13,212
deepseek-r1_prompt0_false-presuppositions13_3,1,human,agent,0.11,13,242
deepseek-r1_prompt0_false-presuppositions13_4,1,human,agent,0.11,13,242
deepseek-r1_prompt0_false-presuppositions13_5,1,human,agent,0.09,13,254
deepseek-r1_prompt1_false-presuppositions13_1,1
deepseek-r1_prompt1_false-presuppositions13_2,1,human,agent,0.09,13,238
deepseek-r1_prompt1_false-presuppositions13_3,1,human,agent,0.13,13,262
deepseek-r1_prompt1_false-presuppositions13_4,1,human,agent,0.11,13,255
deepseek-r1_prompt1_false-presuppositions13_5,1,human,agent,0.09,13,251
deepseek-r1_prompt2_false-presuppositions13_1,1
deepseek-r1_prompt2_false-presuppositions13_2,1,human,agent,0.15,13,263
deepseek-r1_prompt2_false-presuppositions13_3,1,human,agent,0.17,13,308
deepseek-r1_prompt2_false-presuppositions13_4,1,human,agent,0.15,13,285
deepseek-r1_prompt2_false-presuppositions13_5,1,human,agent,0.12,13,278
deepseek-r1_prompt3_false-presuppositions13_1,1
deepseek-r1_prompt3_false-presuppositions13_2,1,human,agent,0.07,13,242
deepseek-r1_prompt3_false-presuppositions13_3,1,human,agent,0.10,13,247
deepseek-r1_prompt3_false-presuppositions13_4,1,human,agent,0.09,13,257
deepseek-r1_prompt3_false-presuppositions13_5,1,human,agent,0.11,13,232
deepseek-r1_prompt4_false-presuppositions13_1,1
deepseek-r1_prompt4_false-presuppositions13_2,1,human,agent,0.11,13,230
deepseek-r1_prompt4_false-presuppositions13_3,1,human,agent,0.10,13,256
deepseek-r1_prompt4_false-presuppositions13_4,1,human,agent,0.09,13,279
deepseek-r1_prompt4_false-presuppositions13_5,1,human,agent,0.09,13,263
deepseek-r1_prompt0_false-presuppositions130_1,1,human,agent,0.49,25,245
deepseek-r1_prompt0_false-presuppositions130_2,1,human,agent,0.39,23,227
deepseek-r1_prompt0_false-presuppositions130_3,1,human,agent,0.42,22,281
deepseek-r1_prompt0_false-presuppositions130_4,1,human,agent,0.60,35,240
deepseek-r1_prompt0_false-presuppositions130_5,1,human,agent,0.57,29,267
deepseek-r1_prompt1_false-presuppositions130_1,1,human,agent,0.58,25,283
deepseek-r1_prompt1_false-presuppositions130_2,1,human,agent,0.35,23,247
deepseek-r1_prompt1_false-presuppositions130_3,1,human,agent,0.46,22,293
deepseek-r1_prompt1_false-presuppositions130_4,1,human,agent,0.66,35,250
deepseek-r1_prompt1_false-presuppositions130_5,1,human,agent,0.68,29,272
deepseek-r1_prompt2_false-presuppositions130_1,1,human,agent,0.52,25,242
deepseek-r1_prompt2_false-presuppositions130_2,1,human,agent,0.45,23,251
deepseek-r1_prompt2_false-presuppositions130_3,1,human,agent,0.50,22,280
deepseek-r1_prompt2_false-presuppositions130_4,1,human,agent,0.67,35,264
deepseek-r1_prompt2_false-presuppositions130_5,1,human,agent,0.71,29,335
deepseek-r1_prompt3_false-presuppositions130_1,1,human,agent,0.52,25,220
deepseek-r1_prompt3_false-presuppositions130_2,1,human,agent,0.38,23,247
deepseek-r1_prompt3_false-presuppositions130_3,1,human,agent,0.41,22,275
deepseek-r1_prompt3_false-presuppositions130_4,1,human,agent,0.48,35,237
deepseek-r1_prompt3_false-presuppositions130_5,1,human,agent,0.62,29,285
deepseek-r1_prompt4_false-presuppositions130_1,1,human,agent,0.67,25,107
deepseek-r1_prompt4_false-presuppositions130_2,1,human,agent,0.33,23,241
deepseek-r1_prompt4_false-presuppositions130_3,1,human,agent,0.49,22,251
deepseek-r1_prompt4_false-presuppositions130_4,1,human,agent,0.69,35,221
deepseek-r1_prompt4_false-presuppositions130_5,1,human,agent,0.61,29,287
deepseek-r1_prompt0_false-presuppositions131_1,1,human,agent,0.44,15,316
deepseek-r1_prompt0_false-presuppositions131_2,1,human,agent,0.32,14,267
deepseek-r1_prompt0_false-presuppositions131_3,1,human,agent,0.65,17,257
deepseek-r1_prompt0_false-presuppositions131_4,1,human,agent,0.61,17,279
deepseek-r1_prompt0_false-presuppositions131_5,1,human,agent,0.43,21,279
deepseek-r1_prompt1_false-presuppositions131_1,1,human,agent,0.55,15,259
deepseek-r1_prompt1_false-presuppositions131_2,1,human,agent,0.33,14,263
deepseek-r1_prompt1_false-presuppositions131_3,1,human,agent,0.48,17,250
deepseek-r1_prompt1_false-presuppositions131_4,1,human,agent,0.53,17,258
deepseek-r1_prompt1_false-presuppositions131_5,1,human,agent,0.41,21,247
deepseek-r1_prompt2_false-presuppositions131_1,1,human,agent,0.48,15,224
deepseek-r1_prompt2_false-presuppositions131_2,1,human,agent,0.32,14,263
deepseek-r1_prompt2_false-presuppositions131_3,1,human,agent,0.59,17,268
deepseek-r1_prompt2_false-presuppositions131_4,1,human,agent,0.58,17,258
deepseek-r1_prompt2_false-presuppositions131_5,1,human,agent,0.50,21,292
deepseek-r1_prompt3_false-presuppositions131_1,1,human,agent,0.57,15,241
deepseek-r1_prompt3_false-presuppositions131_2,1,human,agent,0.31,14,253
deepseek-r1_prompt3_false-presuppositions131_3,1,human,agent,0.55,17,279
deepseek-r1_prompt3_false-presuppositions131_4,1,human,agent,0.55,17,262
deepseek-r1_prompt3_false-presuppositions131_5,1,human,agent,0.40,21,292
deepseek-r1_prompt4_false-presuppositions131_1,1,human,agent,0.42,15,261
deepseek-r1_prompt4_false-presuppositions131_2,1,human,agent,0.34,14,237
deepseek-r1_prompt4_false-presuppositions131_3,1,human,agent,0.54,17,272
deepseek-r1_prompt4_false-presuppositions131_4,1,human,agent,0.59,17,286
deepseek-r1_prompt4_false-presuppositions131_5,1,human,agent,0.41,21,247
deepseek-r1_prompt0_false-presuppositions132_1,1,human,agent,0.48,18,281
deepseek-r1_prompt0_false-presuppositions132_2,1,human,agent,0.31,17,231
deepseek-r1_prompt0_false-presuppositions132_3,1,human,agent,0.39,22,269
deepseek-r1_prompt0_false-presuppositions132_4,1,human,agent,0.61,28,286
deepseek-r1_prompt0_false-presuppositions132_5,1,human,agent,0.59,32,254
deepseek-r1_prompt1_false-presuppositions132_1,1,human,agent,0.63,18,250
deepseek-r1_prompt1_false-presuppositions132_2,1,human,agent,0.36,17,251
deepseek-r1_prompt1_false-presuppositions132_3,1,human,agent,0.50,22,274
deepseek-r1_prompt1_false-presuppositions132_4,1,human,agent,0.65,28,269
deepseek-r1_prompt1_false-presuppositions132_5,1,human,agent,0.52,32,238
deepseek-r1_prompt2_false-presuppositions132_1,1,human,agent,0.54,18,139
deepseek-r1_prompt2_false-presuppositions132_2,1,human,agent,0.45,17,264
deepseek-r1_prompt2_false-presuppositions132_3,1,human,agent,0.52,22,312
deepseek-r1_prompt2_false-presuppositions132_4,1,human,agent,0.72,28,317
deepseek-r1_prompt2_false-presuppositions132_5,1,human,agent,0.69,32,319
deepseek-r1_prompt3_false-presuppositions132_1,1,human,agent,0.65,18,227
deepseek-r1_prompt3_false-presuppositions132_2,1,human,agent,0.37,17,244
deepseek-r1_prompt3_false-presuppositions132_3,1,human,agent,0.50,22,240
deepseek-r1_prompt3_false-presuppositions132_4,1,human,agent,0.62,28,287
deepseek-r1_prompt3_false-presuppositions132_5,1,human,agent,0.51,32,278
deepseek-r1_prompt4_false-presuppositions132_1,1,human,agent,0.53,18,150
deepseek-r1_prompt4_false-presuppositions132_2,1,human,agent,0.39,17,264
deepseek-r1_prompt4_false-presuppositions132_3,1,human,agent,0.55,22,284
deepseek-r1_prompt4_false-presuppositions132_4,1,human,agent,0.67,28,283
deepseek-r1_prompt4_false-presuppositions132_5,1,human,agent,0.61,32,319
deepseek-r1_prompt0_false-presuppositions133_1,1,human,agent,0.31,18,302
deepseek-r1_prompt0_false-presuppositions133_2,1,human,agent,0.35,19,251
deepseek-r1_prompt0_false-presuppositions133_3,1,human,agent,0.41,23,285
deepseek-r1_prompt0_false-presuppositions133_4,1,human,agent,0.54,32,281
deepseek-r1_prompt0_false-presuppositions133_5,1,human,agent,0.26,24,242
deepseek-r1_prompt1_false-presuppositions133_1,1,human,agent,0.29,18,270
deepseek-r1_prompt1_false-presuppositions133_2,1,human,agent,0.31,19,243
deepseek-r1_prompt1_false-presuppositions133_3,1,human,agent,0.46,23,260
deepseek-r1_prompt1_false-presuppositions133_4,1,human,agent,0.57,32,280
deepseek-r1_prompt1_false-presuppositions133_5,1,human,agent,0.27,24,286
deepseek-r1_prompt2_false-presuppositions133_1,1,human,agent,0.50,18,216
deepseek-r1_prompt2_false-presuppositions133_2,1,human,agent,0.40,19,243
deepseek-r1_prompt2_false-presuppositions133_3,1,human,agent,0.63,23,281
deepseek-r1_prompt2_false-presuppositions133_4,1,human,agent,0.57,32,317
deepseek-r1_prompt2_false-presuppositions133_5,1,human,agent,0.37,24,323
deepseek-r1_prompt3_false-presuppositions133_1,1,human,agent,0.29,18,234
deepseek-r1_prompt3_false-presuppositions133_2,1,human,agent,0.31,19,258
deepseek-r1_prompt3_false-presuppositions133_3,1,human,agent,0.35,23,261
deepseek-r1_prompt3_false-presuppositions133_4,1,human,agent,0.46,32,269
deepseek-r1_prompt3_false-presuppositions133_5,1,human,agent,0.27,24,288
deepseek-r1_prompt4_false-presuppositions133_1,1,human,agent,0.39,18,120
deepseek-r1_prompt4_false-presuppositions133_2,1,human,agent,0.38,19,235
deepseek-r1_prompt4_false-presuppositions133_3,1,human,agent,0.39,23,251
deepseek-r1_prompt4_false-presuppositions133_4,1,human,agent,0.46,32,278
deepseek-r1_prompt4_false-presuppositions133_5,1,human,agent,0.36,24,311
deepseek-r1_prompt0_false-presuppositions134_1,1,human,agent,0.24,20,269
deepseek-r1_prompt0_false-presuppositions134_2,1,human,agent,0.54,31,283
deepseek-r1_prompt0_false-presuppositions134_3,1,human,agent,0.49,21,265
deepseek-r1_prompt0_false-presuppositions134_4,1,human,agent,0.56,35,265
deepseek-r1_prompt0_false-presuppositions134_5,1,human,agent,0.55,26,281
deepseek-r1_prompt2_false-presuppositions134_1,1,human,agent,0.26,20,113
deepseek-r1_prompt2_false-presuppositions134_2,1,human,agent,0.54,31,249
deepseek-r1_prompt2_false-presuppositions134_3,1,human,agent,0.50,21,273
deepseek-r1_prompt2_false-presuppositions134_4,1,human,agent,0.56,35,300
deepseek-r1_prompt2_false-presuppositions134_5,1,human,agent,0.56,26,315
deepseek-r1_prompt3_false-presuppositions134_1,1,human,agent,0.35,20,193
deepseek-r1_prompt3_false-presuppositions134_2,1,human,agent,0.51,31,248
deepseek-r1_prompt3_false-presuppositions134_3,1,human,agent,0.50,21,294
deepseek-r1_prompt3_false-presuppositions134_4,1,human,agent,0.49,35,289
deepseek-r1_prompt3_false-presuppositions134_5,1,human,agent,0.51,26,300
deepseek-r1_prompt4_false-presuppositions134_1,1,human,agent,0.25,20,101
deepseek-r1_prompt4_false-presuppositions134_2,1,human,agent,0.53,31,222
deepseek-r1_prompt4_false-presuppositions134_3,1,human,agent,0.41,21,219
deepseek-r1_prompt4_false-presuppositions134_4,1,human,agent,0.58,35,263
deepseek-r1_prompt4_false-presuppositions134_5,1,human,agent,0.52,26,287
deepseek-r1_prompt0_false-presuppositions135_1,1,human,agent,0.43,23,300
deepseek-r1_prompt0_false-presuppositions135_2,1,human,agent,0.36,21,263
deepseek-r1_prompt0_false-presuppositions135_3,1,human,agent,0.45,24,251
deepseek-r1_prompt0_false-presuppositions135_4,1,human,agent,0.57,28,247
deepseek-r1_prompt0_false-presuppositions135_5,1,human,agent,0.50,24,248
deepseek-r1_prompt1_false-presuppositions135_1,1,human,agent,0.36,23,281
deepseek-r1_prompt1_false-presuppositions135_2,1,human,agent,0.35,21,259
deepseek-r1_prompt1_false-presuppositions135_3,1,human,agent,0.64,24,227
deepseek-r1_prompt1_false-presuppositions135_4,1,human,agent,0.58,28,256
deepseek-r1_prompt1_false-presuppositions135_5,1,human,agent,0.43,24,269
deepseek-r1_prompt2_false-presuppositions135_1,1,human,agent,0.48,23,143
deepseek-r1_prompt2_false-presuppositions135_2,1,human,agent,0.43,21,284
deepseek-r1_prompt2_false-presuppositions135_3,1,human,agent,0.62,24,322
deepseek-r1_prompt2_false-presuppositions135_4,1,human,agent,0.68,28,279
deepseek-r1_prompt2_false-presuppositions135_5,1,human,agent,0.40,24,250
deepseek-r1_prompt3_false-presuppositions135_1,1,human,agent,0.35,23,187
deepseek-r1_prompt3_false-presuppositions135_2,1,human,agent,0.31,21,251
deepseek-r1_prompt3_false-presuppositions135_3,1,human,agent,0.46,24,264
deepseek-r1_prompt3_false-presuppositions135_4,1,human,agent,0.66,28,271
deepseek-r1_prompt3_false-presuppositions135_5,1,human,agent,0.40,24,215
deepseek-r1_prompt4_false-presuppositions135_1,1,human,agent,0.39,23,132
deepseek-r1_prompt4_false-presuppositions135_2,1,human,agent,0.37,21,214
deepseek-r1_prompt4_false-presuppositions135_3,1,human,agent,0.56,24,244
deepseek-r1_prompt4_false-presuppositions135_4,1,human,agent,0.56,28,268
deepseek-r1_prompt4_false-presuppositions135_5,1,human,agent,0.45,24,272
deepseek-r1_prompt0_false-presuppositions136_1,1,human,agent,0.38,22,233
deepseek-r1_prompt0_false-presuppositions136_2,1,human,agent,0.56,24,241
deepseek-r1_prompt0_false-presuppositions136_3,1,human,agent,0.54,20,268
deepseek-r1_prompt0_false-presuppositions136_4,1,human,agent,0.71,32,261
deepseek-r1_prompt0_false-presuppositions136_5,1,human,agent,0.54,29,276
deepseek-r1_prompt1_false-presuppositions136_1,1,human,agent,0.43,22,309
deepseek-r1_prompt1_false-presuppositions136_2,1,human,agent,0.52,24,248
deepseek-r1_prompt1_false-presuppositions136_3,1,human,agent,0.55,20,258
deepseek-r1_prompt1_false-presuppositions136_4,1,human,agent,0.69,32,236
deepseek-r1_prompt1_false-presuppositions136_5,1,human,agent,0.62,29,248
deepseek-r1_prompt2_false-presuppositions136_1,1,human,agent,0.58,22,109
deepseek-r1_prompt2_false-presuppositions136_2,1,human,agent,0.62,24,255
deepseek-r1_prompt2_false-presuppositions136_3,1,human,agent,0.49,20,262
deepseek-r1_prompt2_false-presuppositions136_4,1,human,agent,0.72,32,290
deepseek-r1_prompt2_false-presuppositions136_5,1,human,agent,0.65,29,286
deepseek-r1_prompt3_false-presuppositions136_1,1,human,agent,0.52,22,151
deepseek-r1_prompt3_false-presuppositions136_2,1,human,agent,0.44,24,209
deepseek-r1_prompt3_false-presuppositions136_3,1,human,agent,0.62,20,214
deepseek-r1_prompt3_false-presuppositions136_4,1,human,agent,0.66,32,249
deepseek-r1_prompt3_false-presuppositions136_5,1,human,agent,0.48,29,251
deepseek-r1_prompt4_false-presuppositions136_1,1,human,agent,0.41,22,155
deepseek-r1_prompt4_false-presuppositions136_2,1,human,agent,0.58,24,271
deepseek-r1_prompt4_false-presuppositions136_3,1,human,agent,0.51,20,272
deepseek-r1_prompt4_false-presuppositions136_4,1,human,agent,0.75,32,295
deepseek-r1_prompt4_false-presuppositions136_5,1,human,agent,0.61,29,294
deepseek-r1_prompt0_false-presuppositions137_1,1,human,agent,0.51,23,165
deepseek-r1_prompt0_false-presuppositions137_2,1,human,agent,0.43,18,241
deepseek-r1_prompt0_false-presuppositions137_3,1,human,agent,0.70,25,282
deepseek-r1_prompt0_false-presuppositions137_4,1,human,agent,0.84,31,253
deepseek-r1_prompt0_false-presuppositions137_5,1,human,agent,0.62,28,245
deepseek-r1_prompt1_false-presuppositions137_1,1,human,agent,0.65,23,247
deepseek-r1_prompt1_false-presuppositions137_2,1,human,agent,0.57,18,222
deepseek-r1_prompt1_false-presuppositions137_3,1,human,agent,0.66,25,243
deepseek-r1_prompt1_false-presuppositions137_4,1,human,agent,0.85,31,257
deepseek-r1_prompt1_false-presuppositions137_5,1,human,agent,0.59,28,263
deepseek-r1_prompt2_false-presuppositions137_1,1,human,agent,0.50,23,160
deepseek-r1_prompt2_false-presuppositions137_2,1,human,agent,0.62,18,209
deepseek-r1_prompt2_false-presuppositions137_3,1,human,agent,0.78,25,227
deepseek-r1_prompt2_false-presuppositions137_4,1,human,agent,0.79,31,236
deepseek-r1_prompt2_false-presuppositions137_5,1,human,agent,0.59,28,254
deepseek-r1_prompt3_false-presuppositions137_1,1,human,agent,0.51,23,207
deepseek-r1_prompt3_false-presuppositions137_2,1,human,agent,0.53,18,227
deepseek-r1_prompt3_false-presuppositions137_3,1,human,agent,0.63,25,290
deepseek-r1_prompt3_false-presuppositions137_4,1,human,agent,0.68,31,234
deepseek-r1_prompt3_false-presuppositions137_5,1,human,agent,0.55,28,270
deepseek-r1_prompt4_false-presuppositions137_1,1,human,agent,0.53,23,126
deepseek-r1_prompt4_false-presuppositions137_2,1,human,agent,0.53,18,189
deepseek-r1_prompt4_false-presuppositions137_3,1,human,agent,0.79,25,198
deepseek-r1_prompt4_false-presuppositions137_4,1,human,agent,0.80,31,242
deepseek-r1_prompt4_false-presuppositions137_5,1,human,agent,0.59,28,240
deepseek-r1_prompt0_false-presuppositions138_1,1,human,agent,0.51,15,258
deepseek-r1_prompt0_false-presuppositions138_2,1,human,agent,0.31,16,214
deepseek-r1_prompt0_false-presuppositions138_3,1,human,agent,0.59,23,241
deepseek-r1_prompt0_false-presuppositions138_4,1,human,agent,0.60,33,207
deepseek-r1_prompt0_false-presuppositions138_5,1,human,agent,0.60,22,287
deepseek-r1_prompt1_false-presuppositions138_1,1,human,agent,0.39,15,219
deepseek-r1_prompt1_false-presuppositions138_2,1,human,agent,0.31,16,206
deepseek-r1_prompt1_false-presuppositions138_3,1,human,agent,0.66,23,241
deepseek-r1_prompt1_false-presuppositions138_4,1,human,agent,0.60,33,219
deepseek-r1_prompt1_false-presuppositions138_5,1,human,agent,0.53,22,240
deepseek-r1_prompt2_false-presuppositions138_1,1,human,agent,0.46,15,105
deepseek-r1_prompt2_false-presuppositions138_2,1,human,agent,0.34,16,259
deepseek-r1_prompt2_false-presuppositions138_3,1,human,agent,0.57,23,211
deepseek-r1_prompt2_false-presuppositions138_4,1,human,agent,0.61,33,204
deepseek-r1_prompt2_false-presuppositions138_5,1,human,agent,0.68,22,291
deepseek-r1_prompt3_false-presuppositions138_1,1,human,agent,0.48,15,111
deepseek-r1_prompt3_false-presuppositions138_2,1,human,agent,0.33,16,231
deepseek-r1_prompt3_false-presuppositions138_3,1,human,agent,0.64,23,280
deepseek-r1_prompt3_false-presuppositions138_4,1,human,agent,0.59,33,261
deepseek-r1_prompt3_false-presuppositions138_5,1,human,agent,0.59,22,270
deepseek-r1_prompt4_false-presuppositions138_1,1,human,agent,0.40,15,161
deepseek-r1_prompt4_false-presuppositions138_2,1,human,agent,0.35,16,236
deepseek-r1_prompt4_false-presuppositions138_3,1,human,agent,0.68,23,233
deepseek-r1_prompt4_false-presuppositions138_4,1,human,agent,0.60,33,220
deepseek-r1_prompt4_false-presuppositions138_5,1,human,agent,0.66,22,282
deepseek-r1_prompt0_false-presuppositions139_1,1,human,agent,0.57,29,263
deepseek-r1_prompt0_false-presuppositions139_2,1,human,agent,0.41,14,258
deepseek-r1_prompt0_false-presuppositions139_3,1,human,agent,0.72,19,266
deepseek-r1_prompt0_false-presuppositions139_4,1,human,agent,0.36,21,243
deepseek-r1_prompt0_false-presuppositions139_5,1,human,agent,0.54,29,263
deepseek-r1_prompt1_false-presuppositions139_1,1,human,agent,0.61,29,273
deepseek-r1_prompt1_false-presuppositions139_2,1,human,agent,0.44,14,248
deepseek-r1_prompt1_false-presuppositions139_3,1,human,agent,0.81,19,303
deepseek-r1_prompt1_false-presuppositions139_4,1,human,agent,0.51,21,289
deepseek-r1_prompt1_false-presuppositions139_5,1,human,agent,0.50,29,275
deepseek-r1_prompt2_false-presuppositions139_1,1,human,agent,0.72,29,151
deepseek-r1_prompt2_false-presuppositions139_2,1,human,agent,0.45,14,282
deepseek-r1_prompt2_false-presuppositions139_3,1,human,agent,0.80,19,330
deepseek-r1_prompt2_false-presuppositions139_4,1,human,agent,0.55,21,318
deepseek-r1_prompt2_false-presuppositions139_5,1,human,agent,0.59,29,326
deepseek-r1_prompt3_false-presuppositions139_1,1,human,agent,0.54,29,241
deepseek-r1_prompt3_false-presuppositions139_2,1,human,agent,0.35,14,218
deepseek-r1_prompt3_false-presuppositions139_3,1,human,agent,0.67,19,270
deepseek-r1_prompt3_false-presuppositions139_4,1,human,agent,0.41,21,255
deepseek-r1_prompt3_false-presuppositions139_5,1,human,agent,0.52,29,258
deepseek-r1_prompt4_false-presuppositions139_1,1,human,agent,0.71,29,149
deepseek-r1_prompt4_false-presuppositions139_2,1,human,agent,0.39,14,213
deepseek-r1_prompt4_false-presuppositions139_3,1,human,agent,0.68,19,247
deepseek-r1_prompt4_false-presuppositions139_4,1,human,agent,0.48,21,266
deepseek-r1_prompt4_false-presuppositions139_5,1,human,agent,0.53,29,241
deepseek-r1_prompt0_false-presuppositions14_1,1,human,agent,0.65,31,195
deepseek-r1_prompt0_false-presuppositions14_2,1,human,agent,0.43,14,277
deepseek-r1_prompt0_false-presuppositions14_3,1,human,agent,0.65,18,277
deepseek-r1_prompt0_false-presuppositions14_4,1,human,agent,0.58,23,276
deepseek-r1_prompt0_false-presuppositions14_5,1,human,agent,0.59,24,275
deepseek-r1_prompt1_false-presuppositions14_1,1,human,agent,0.72,31,255
deepseek-r1_prompt1_false-presuppositions14_2,1,human,agent,0.43,14,247
deepseek-r1_prompt1_false-presuppositions14_3,1,human,agent,0.64,18,260
deepseek-r1_prompt1_false-presuppositions14_4,1,human,agent,0.56,23,278
deepseek-r1_prompt1_false-presuppositions14_5,1,human,agent,0.60,24,276
deepseek-r1_prompt2_false-presuppositions14_1,1,human,agent,0.64,31,133
deepseek-r1_prompt2_false-presuppositions14_2,1,human,agent,0.43,14,226
deepseek-r1_prompt2_false-presuppositions14_3,1,human,agent,0.63,18,280
deepseek-r1_prompt2_false-presuppositions14_4,1,human,agent,0.63,23,278
deepseek-r1_prompt2_false-presuppositions14_5,1,human,agent,0.58,24,269
deepseek-r1_prompt3_false-presuppositions14_1,1,human,agent,0.63,31,160
deepseek-r1_prompt3_false-presuppositions14_2,1,human,agent,0.37,14,196
deepseek-r1_prompt3_false-presuppositions14_3,1,human,agent,0.66,18,204
deepseek-r1_prompt3_false-presuppositions14_4,1,human,agent,0.57,23,239
deepseek-r1_prompt3_false-presuppositions14_5,1,human,agent,0.57,24,253
deepseek-r1_prompt4_false-presuppositions14_1,1,human,agent,0.72,31,151
deepseek-r1_prompt4_false-presuppositions14_2,1,human,agent,0.39,14,236
deepseek-r1_prompt4_false-presuppositions14_3,1,human,agent,0.66,18,264
deepseek-r1_prompt4_false-presuppositions14_4,1,human,agent,0.56,23,291
deepseek-r1_prompt4_false-presuppositions14_5,1,human,agent,0.55,24,270
deepseek-r1_prompt0_false-presuppositions140_1,1,human,agent,0.72,54,279
deepseek-r1_prompt0_false-presuppositions140_2,1,human,agent,0.64,34,294
deepseek-r1_prompt0_false-presuppositions140_3,1,human,agent,0.61,27,305
deepseek-r1_prompt0_false-presuppositions140_4,1,human,agent,0.65,27,295
deepseek-r1_prompt0_false-presuppositions140_5,1,human,agent,0.49,28,273
deepseek-r1_prompt1_false-presuppositions140_1,1,human,agent,0.63,54,278
deepseek-r1_prompt1_false-presuppositions140_2,1,human,agent,0.55,34,253
deepseek-r1_prompt1_false-presuppositions140_3,1,human,agent,0.61,27,267
deepseek-r1_prompt1_false-presuppositions140_4,1,human,agent,0.60,27,299
deepseek-r1_prompt1_false-presuppositions140_5,1,human,agent,0.53,28,263
deepseek-r1_prompt2_false-presuppositions140_1,1,human,agent,0.54,54,110
deepseek-r1_prompt2_false-presuppositions140_2,1,human,agent,0.57,34,249
deepseek-r1_prompt2_false-presuppositions140_3,1,human,agent,0.62,27,272
deepseek-r1_prompt2_false-presuppositions140_4,1,human,agent,0.71,27,293
deepseek-r1_prompt2_false-presuppositions140_5,1,human,agent,0.55,28,306
deepseek-r1_prompt3_false-presuppositions140_1,1,human,agent,0.46,54,243
deepseek-r1_prompt3_false-presuppositions140_2,1,human,agent,0.52,34,250
deepseek-r1_prompt3_false-presuppositions140_3,1,human,agent,0.53,27,257
deepseek-r1_prompt3_false-presuppositions140_4,1,human,agent,0.59,27,271
deepseek-r1_prompt3_false-presuppositions140_5,1,human,agent,0.56,28,302
deepseek-r1_prompt4_false-presuppositions140_1,1,human,agent,0.73,54,114
deepseek-r1_prompt4_false-presuppositions140_2,1,human,agent,0.63,34,205
deepseek-r1_prompt4_false-presuppositions140_3,1,human,agent,0.62,27,249
deepseek-r1_prompt4_false-presuppositions140_4,1,human,agent,0.67,27,277
deepseek-r1_prompt4_false-presuppositions140_5,1,human,agent,0.63,28,267
deepseek-r1_prompt0_false-presuppositions141_1,1,human,agent,0.46,20,188
deepseek-r1_prompt0_false-presuppositions141_2,1,human,agent,0.46,18,225
deepseek-r1_prompt0_false-presuppositions141_3,1,human,agent,0.45,18,238
deepseek-r1_prompt0_false-presuppositions141_4,1,human,agent,0.39,20,233
deepseek-r1_prompt0_false-presuppositions141_5,1,human,agent,0.30,20,238
deepseek-r1_prompt1_false-presuppositions141_1,1,human,agent,0.44,20,181
deepseek-r1_prompt1_false-presuppositions141_2,1,human,agent,0.44,18,238
deepseek-r1_prompt1_false-presuppositions141_3,1,human,agent,0.39,18,236
deepseek-r1_prompt1_false-presuppositions141_4,1,human,agent,0.34,20,265
deepseek-r1_prompt1_false-presuppositions141_5,1,human,agent,0.29,20,259
deepseek-r1_prompt2_false-presuppositions141_1,1,human,agent,0.58,20,147
deepseek-r1_prompt2_false-presuppositions141_2,1,human,agent,0.60,18,250
deepseek-r1_prompt2_false-presuppositions141_3,1,human,agent,0.59,18,243
deepseek-r1_prompt2_false-presuppositions141_4,1,human,agent,0.42,20,262
deepseek-r1_prompt2_false-presuppositions141_5,1,human,agent,0.35,20,256
deepseek-r1_prompt3_false-presuppositions141_1,1,human,agent,0.47,20,142
deepseek-r1_prompt3_false-presuppositions141_2,1,human,agent,0.44,18,227
deepseek-r1_prompt3_false-presuppositions141_3,1,human,agent,0.43,18,263
deepseek-r1_prompt3_false-presuppositions141_4,1,human,agent,0.38,20,250
deepseek-r1_prompt3_false-presuppositions141_5,1,human,agent,0.26,20,237
deepseek-r1_prompt4_false-presuppositions141_1,1,human,agent,0.58,20,117
deepseek-r1_prompt4_false-presuppositions141_2,1,human,agent,0.45,18,235
deepseek-r1_prompt4_false-presuppositions141_3,1,human,agent,0.49,18,261
deepseek-r1_prompt4_false-presuppositions141_4,1,human,agent,0.43,20,252
deepseek-r1_prompt4_false-presuppositions141_5,1,human,agent,0.34,20,250
deepseek-r1_prompt0_false-presuppositions142_1,1,human,agent,0.59,39,277
deepseek-r1_prompt0_false-presuppositions142_2,1,human,agent,0.58,30,234
deepseek-r1_prompt0_false-presuppositions142_3,1,human,agent,0.57,32,244
deepseek-r1_prompt0_false-presuppositions142_4,1,human,agent,0.70,41,260
deepseek-r1_prompt0_false-presuppositions142_5,1,human,agent,0.73,35,286
deepseek-r1_prompt1_false-presuppositions142_1,1,human,agent,0.41,39,296
deepseek-r1_prompt1_false-presuppositions142_2,1,human,agent,0.58,30,251
deepseek-r1_prompt1_false-presuppositions142_3,1,human,agent,0.67,32,233
deepseek-r1_prompt1_false-presuppositions142_4,1,human,agent,0.69,41,291
deepseek-r1_prompt1_false-presuppositions142_5,1,human,agent,0.68,35,263
deepseek-r1_prompt2_false-presuppositions142_1,1,human,agent,0.67,39,183
deepseek-r1_prompt2_false-presuppositions142_2,1,human,agent,0.66,30,247
deepseek-r1_prompt2_false-presuppositions142_3,1,human,agent,0.78,32,250
deepseek-r1_prompt2_false-presuppositions142_4,1,human,agent,0.74,41,283
deepseek-r1_prompt2_false-presuppositions142_5,1,human,agent,0.72,35,282
deepseek-r1_prompt3_false-presuppositions142_1,1,human,agent,0.55,39,227
deepseek-r1_prompt3_false-presuppositions142_2,1,human,agent,0.61,30,248
deepseek-r1_prompt3_false-presuppositions142_3,1,human,agent,0.53,32,247
deepseek-r1_prompt3_false-presuppositions142_4,1,human,agent,0.68,41,260
deepseek-r1_prompt3_false-presuppositions142_5,1,human,agent,0.68,35,285
deepseek-r1_prompt4_false-presuppositions142_1,1,human,agent,0.58,39,162
deepseek-r1_prompt4_false-presuppositions142_2,1,human,agent,0.64,30,247
deepseek-r1_prompt4_false-presuppositions142_3,1,human,agent,0.70,32,284
deepseek-r1_prompt4_false-presuppositions142_4,1,human,agent,0.70,41,268
deepseek-r1_prompt4_false-presuppositions142_5,1,human,agent,0.74,35,266
deepseek-r1_prompt0_false-presuppositions143_1,1,human,agent,0.70,29,289
deepseek-r1_prompt0_false-presuppositions143_2,1,human,agent,0.38,17,239
deepseek-r1_prompt0_false-presuppositions143_3,1,human,agent,0.34,18,254
deepseek-r1_prompt0_false-presuppositions143_4,1,human,agent,0.74,26,229
deepseek-r1_prompt0_false-presuppositions143_5,1,human,agent,0.54,25,264
deepseek-r1_prompt1_false-presuppositions143_1,1,human,agent,0.69,29,189
deepseek-r1_prompt1_false-presuppositions143_2,1,human,agent,0.36,17,271
deepseek-r1_prompt1_false-presuppositions143_3,1,human,agent,0.26,18,249
deepseek-r1_prompt1_false-presuppositions143_4,1,human,agent,0.67,26,241
deepseek-r1_prompt1_false-presuppositions143_5,1,human,agent,0.57,25,268
deepseek-r1_prompt2_false-presuppositions143_1,1,human,agent,0.60,29,135
deepseek-r1_prompt2_false-presuppositions143_2,1,human,agent,0.53,17,243
deepseek-r1_prompt2_false-presuppositions143_3,1,human,agent,0.39,18,272
deepseek-r1_prompt2_false-presuppositions143_4,1,human,agent,0.82,26,300
deepseek-r1_prompt2_false-presuppositions143_5,1,human,agent,0.66,25,314
deepseek-r1_prompt3_false-presuppositions143_1,1,human,agent,0.57,29,261
deepseek-r1_prompt3_false-presuppositions143_2,1,human,agent,0.32,17,245
deepseek-r1_prompt3_false-presuppositions143_3,1,human,agent,0.34,18,248
deepseek-r1_prompt3_false-presuppositions143_4,1,human,agent,0.80,26,276
deepseek-r1_prompt3_false-presuppositions143_5,1,human,agent,0.55,25,289
deepseek-r1_prompt4_false-presuppositions143_1,1,human,agent,0.60,29,156
deepseek-r1_prompt4_false-presuppositions143_2,1,human,agent,0.40,17,227
deepseek-r1_prompt4_false-presuppositions143_3,1,human,agent,0.40,18,237
deepseek-r1_prompt4_false-presuppositions143_4,1,human,agent,0.77,26,240
deepseek-r1_prompt4_false-presuppositions143_5,1,human,agent,0.61,25,283
deepseek-r1_prompt0_false-presuppositions144_1,1,human,agent,0.61,20,248
deepseek-r1_prompt0_false-presuppositions144_2,1,human,agent,0.55,27,230
deepseek-r1_prompt0_false-presuppositions144_3,1,human,agent,0.67,25,258
deepseek-r1_prompt0_false-presuppositions144_4,1,human,agent,0.74,28,301
deepseek-r1_prompt0_false-presuppositions144_5,1,human,agent,0.52,27,300
deepseek-r1_prompt1_false-presuppositions144_1,1,human,agent,0.57,20,226
deepseek-r1_prompt1_false-presuppositions144_2,1,human,agent,0.49,27,209
deepseek-r1_prompt1_false-presuppositions144_3,1,human,agent,0.65,25,275
deepseek-r1_prompt1_false-presuppositions144_4,1,human,agent,0.72,28,264
deepseek-r1_prompt1_false-presuppositions144_5,1,human,agent,0.52,27,280
deepseek-r1_prompt2_false-presuppositions144_1,1,human,agent,0.52,20,172
deepseek-r1_prompt2_false-presuppositions144_2,1,human,agent,0.65,27,198
deepseek-r1_prompt2_false-presuppositions144_3,1,human,agent,0.73,25,260
deepseek-r1_prompt2_false-presuppositions144_4,1,human,agent,0.77,28,261
deepseek-r1_prompt2_false-presuppositions144_5,1,human,agent,0.65,27,245
deepseek-r1_prompt3_false-presuppositions144_1,1,human,agent,0.62,20,107
deepseek-r1_prompt3_false-presuppositions144_2,1,human,agent,0.47,27,208
deepseek-r1_prompt3_false-presuppositions144_3,1,human,agent,0.67,25,229
deepseek-r1_prompt3_false-presuppositions144_4,1,human,agent,0.69,28,239
deepseek-r1_prompt3_false-presuppositions144_5,1,human,agent,0.54,27,290
deepseek-r1_prompt4_false-presuppositions144_1,1,human,agent,0.64,20,138
deepseek-r1_prompt4_false-presuppositions144_2,1,human,agent,0.63,27,210
deepseek-r1_prompt4_false-presuppositions144_3,1,human,agent,0.69,25,218
deepseek-r1_prompt4_false-presuppositions144_4,1,human,agent,0.79,28,246
deepseek-r1_prompt4_false-presuppositions144_5,1,human,agent,0.56,27,263
deepseek-r1_prompt0_false-presuppositions145_1,1,human,agent,0.64,15,194
deepseek-r1_prompt0_false-presuppositions145_2,1,human,agent,0.54,20,238
deepseek-r1_prompt0_false-presuppositions145_3,1,human,agent,0.51,20,247
deepseek-r1_prompt0_false-presuppositions145_4,1,human,agent,0.52,20,239
deepseek-r1_prompt0_false-presuppositions145_5,1,human,agent,0.56,20,275
deepseek-r1_prompt2_false-presuppositions145_1,1,human,agent,0.53,15,112
deepseek-r1_prompt2_false-presuppositions145_2,1,human,agent,0.67,20,202
deepseek-r1_prompt2_false-presuppositions145_3,1,human,agent,0.66,20,248
deepseek-r1_prompt2_false-presuppositions145_4,1,human,agent,0.64,20,240
deepseek-r1_prompt2_false-presuppositions145_5,1,human,agent,0.67,20,256
deepseek-r1_prompt3_false-presuppositions145_1,1,human,agent,0.64,15,188
deepseek-r1_prompt3_false-presuppositions145_2,1,human,agent,0.54,20,272
deepseek-r1_prompt3_false-presuppositions145_3,1,human,agent,0.61,20,288
deepseek-r1_prompt3_false-presuppositions145_4,1,human,agent,0.63,20,276
deepseek-r1_prompt3_false-presuppositions145_5,1,human,agent,0.60,20,257
deepseek-r1_prompt4_false-presuppositions145_1,1,human,agent,0.76,15,95
deepseek-r1_prompt4_false-presuppositions145_2,1,human,agent,0.50,20,244
deepseek-r1_prompt4_false-presuppositions145_3,1,human,agent,0.56,20,266
deepseek-r1_prompt4_false-presuppositions145_4,1,human,agent,0.50,20,305
deepseek-r1_prompt4_false-presuppositions145_5,1,human,agent,0.52,20,278
deepseek-r1_prompt0_false-presuppositions146_1,1,human,agent,0.51,14,173
deepseek-r1_prompt0_false-presuppositions146_2,1,human,agent,0.39,23,217
deepseek-r1_prompt0_false-presuppositions146_3,1,human,agent,0.54,21,269
deepseek-r1_prompt0_false-presuppositions146_4,1,human,agent,0.39,27,224
deepseek-r1_prompt0_false-presuppositions146_5,1,human,agent,0.48,29,282
deepseek-r1_prompt1_false-presuppositions146_1,1,human,agent,0.38,14,202
deepseek-r1_prompt1_false-presuppositions146_2,1,human,agent,0.43,23,201
deepseek-r1_prompt1_false-presuppositions146_3,1,human,agent,0.55,21,277
deepseek-r1_prompt1_false-presuppositions146_4,1,human,agent,0.54,27,270
deepseek-r1_prompt1_false-presuppositions146_5,1,human,agent,0.50,29,290
deepseek-r1_prompt2_false-presuppositions146_1,1,human,agent,0.52,14,131
deepseek-r1_prompt2_false-presuppositions146_2,1,human,agent,0.44,23,240
deepseek-r1_prompt2_false-presuppositions146_3,1,human,agent,0.60,21,287
deepseek-r1_prompt2_false-presuppositions146_4,1,human,agent,0.45,27,310
deepseek-r1_prompt2_false-presuppositions146_5,1,human,agent,0.53,29,315
deepseek-r1_prompt3_false-presuppositions146_1,1,human,agent,0.59,14,177
deepseek-r1_prompt3_false-presuppositions146_2,1,human,agent,0.35,23,213
deepseek-r1_prompt3_false-presuppositions146_3,1,human,agent,0.49,21,277
deepseek-r1_prompt3_false-presuppositions146_4,1,human,agent,0.45,27,242
deepseek-r1_prompt3_false-presuppositions146_5,1,human,agent,0.49,29,279
deepseek-r1_prompt4_false-presuppositions146_1,1,human,agent,0.52,14,98
deepseek-r1_prompt4_false-presuppositions146_2,1,human,agent,0.41,23,224
deepseek-r1_prompt4_false-presuppositions146_3,1,human,agent,0.48,21,270
deepseek-r1_prompt4_false-presuppositions146_4,1,human,agent,0.47,27,279
deepseek-r1_prompt4_false-presuppositions146_5,1,human,agent,0.53,29,331
deepseek-r1_prompt0_false-presuppositions147_1,1,human,agent,0.30,15,312
deepseek-r1_prompt0_false-presuppositions147_2,1,human,agent,0.42,20,200
deepseek-r1_prompt0_false-presuppositions147_3,1,human,agent,0.37,20,201
deepseek-r1_prompt0_false-presuppositions147_4,1,human,agent,0.34,20,257
deepseek-r1_prompt0_false-presuppositions147_5,1,human,agent,0.39,20,258
deepseek-r1_prompt1_false-presuppositions147_1,1,human,agent,0.28,15,276
deepseek-r1_prompt1_false-presuppositions147_2,1,human,agent,0.32,20,239
deepseek-r1_prompt1_false-presuppositions147_3,1,human,agent,0.31,20,222
deepseek-r1_prompt1_false-presuppositions147_4,1,human,agent,0.46,20,249
deepseek-r1_prompt1_false-presuppositions147_5,1,human,agent,0.43,20,254
deepseek-r1_prompt2_false-presuppositions147_1,1,human,agent,0.38,15,173
deepseek-r1_prompt2_false-presuppositions147_2,1,human,agent,0.50,20,271
deepseek-r1_prompt2_false-presuppositions147_3,1,human,agent,0.53,20,272
deepseek-r1_prompt2_false-presuppositions147_4,1,human,agent,0.44,20,278
deepseek-r1_prompt2_false-presuppositions147_5,1,human,agent,0.50,20,287
deepseek-r1_prompt3_false-presuppositions147_1,1,human,agent,0.33,15,324
deepseek-r1_prompt3_false-presuppositions147_2,1,human,agent,0.36,20,248
deepseek-r1_prompt3_false-presuppositions147_3,1,human,agent,0.40,20,304
deepseek-r1_prompt3_false-presuppositions147_4,1,human,agent,0.32,20,217
deepseek-r1_prompt3_false-presuppositions147_5,1,human,agent,0.35,20,280
deepseek-r1_prompt4_false-presuppositions147_1,1,human,agent,0.34,15,137
deepseek-r1_prompt4_false-presuppositions147_2,1,human,agent,0.46,20,249
deepseek-r1_prompt4_false-presuppositions147_3,1,human,agent,0.40,20,246
deepseek-r1_prompt4_false-presuppositions147_4,1,human,agent,0.43,20,272
deepseek-r1_prompt4_false-presuppositions147_5,1,human,agent,0.41,20,263
deepseek-r1_prompt0_false-presuppositions148_1,1
deepseek-r1_prompt0_false-presuppositions148_2,1,human,agent,0.42,12,263
deepseek-r1_prompt0_false-presuppositions148_3,1,human,agent,0.65,20,265
deepseek-r1_prompt0_false-presuppositions148_4,1,human,agent,0.58,28,275
deepseek-r1_prompt0_false-presuppositions148_5,1,human,agent,0.50,27,289
deepseek-r1_prompt1_false-presuppositions148_1,1
deepseek-r1_prompt1_false-presuppositions148_2,1,human,agent,0.44,12,255
deepseek-r1_prompt1_false-presuppositions148_3,1,human,agent,0.68,20,261
deepseek-r1_prompt1_false-presuppositions148_4,1,human,agent,0.55,28,297
deepseek-r1_prompt1_false-presuppositions148_5,1,human,agent,0.49,27,300
deepseek-r1_prompt2_false-presuppositions148_1,1
deepseek-r1_prompt2_false-presuppositions148_2,1,human,agent,0.49,12,266
deepseek-r1_prompt2_false-presuppositions148_3,1,human,agent,0.72,20,293
deepseek-r1_prompt2_false-presuppositions148_4,1,human,agent,0.68,28,300
deepseek-r1_prompt2_false-presuppositions148_5,1,human,agent,0.51,27,333
deepseek-r1_prompt3_false-presuppositions148_1,1
deepseek-r1_prompt3_false-presuppositions148_2,1,human,agent,0.37,12,214
deepseek-r1_prompt3_false-presuppositions148_3,1,human,agent,0.64,20,225
deepseek-r1_prompt3_false-presuppositions148_4,1,human,agent,0.55,28,229
deepseek-r1_prompt3_false-presuppositions148_5,1,human,agent,0.58,27,259
deepseek-r1_prompt4_false-presuppositions148_1,1
deepseek-r1_prompt4_false-presuppositions148_2,1,human,agent,0.39,12,198
deepseek-r1_prompt4_false-presuppositions148_3,1,human,agent,0.67,20,288
deepseek-r1_prompt4_false-presuppositions148_4,1,human,agent,0.63,28,278
deepseek-r1_prompt4_false-presuppositions148_5,1,human,agent,0.51,27,267
deepseek-r1_prompt0_false-presuppositions149_1,1,human,agent,0.45,18,254
deepseek-r1_prompt0_false-presuppositions149_2,1,human,agent,0.46,22,275
deepseek-r1_prompt0_false-presuppositions149_3,1,human,agent,0.26,24,302
deepseek-r1_prompt0_false-presuppositions149_4,1,human,agent,0.43,32,300
deepseek-r1_prompt0_false-presuppositions149_5,1,human,agent,0.50,33,314
deepseek-r1_prompt1_false-presuppositions149_1,1,human,agent,0.59,18,311
deepseek-r1_prompt1_false-presuppositions149_2,1,human,agent,0.51,22,249
deepseek-r1_prompt1_false-presuppositions149_3,1,human,agent,0.33,24,306
deepseek-r1_prompt1_false-presuppositions149_4,1,human,agent,0.47,32,338
deepseek-r1_prompt1_false-presuppositions149_5,1,human,agent,0.48,33,289
deepseek-r1_prompt2_false-presuppositions149_1,1,human,agent,0.47,18,146
deepseek-r1_prompt2_false-presuppositions149_2,1,human,agent,0.59,22,288
deepseek-r1_prompt2_false-presuppositions149_3,1,human,agent,0.40,24,290
deepseek-r1_prompt2_false-presuppositions149_4,1,human,agent,0.53,32,306
deepseek-r1_prompt2_false-presuppositions149_5,1,human,agent,0.48,33,336
deepseek-r1_prompt3_false-presuppositions149_1,1,human,agent,0.49,18,233
deepseek-r1_prompt3_false-presuppositions149_2,1,human,agent,0.43,22,247
deepseek-r1_prompt3_false-presuppositions149_3,1,human,agent,0.40,24,283
deepseek-r1_prompt3_false-presuppositions149_4,1,human,agent,0.39,32,311
deepseek-r1_prompt3_false-presuppositions149_5,1,human,agent,0.46,33,280
deepseek-r1_prompt4_false-presuppositions149_1,1,human,agent,0.47,18,104
deepseek-r1_prompt4_false-presuppositions149_2,1,human,agent,0.47,22,229
deepseek-r1_prompt4_false-presuppositions149_3,1,human,agent,0.46,24,280
deepseek-r1_prompt4_false-presuppositions149_4,1,human,agent,0.47,32,306
deepseek-r1_prompt4_false-presuppositions149_5,1,human,agent,0.52,33,310
deepseek-r1_prompt0_false-presuppositions15_1,1,human,agent,0.40,19,270
deepseek-r1_prompt0_false-presuppositions15_2,1,human,agent,0.64,24,245
deepseek-r1_prompt0_false-presuppositions15_3,1,human,agent,0.72,24,263
deepseek-r1_prompt0_false-presuppositions15_4,1,human,agent,0.78,32,267
deepseek-r1_prompt0_false-presuppositions15_5,1,human,agent,0.52,27,232
deepseek-r1_prompt1_false-presuppositions15_1,1,human,agent,0.40,19,282
deepseek-r1_prompt1_false-presuppositions15_2,1,human,agent,0.57,24,272
deepseek-r1_prompt1_false-presuppositions15_3,1,human,agent,0.66,24,276
deepseek-r1_prompt1_false-presuppositions15_4,1,human,agent,0.75,32,286
deepseek-r1_prompt1_false-presuppositions15_5,1,human,agent,0.52,27,277
deepseek-r1_prompt2_false-presuppositions15_1,1,human,agent,0.48,19,172
deepseek-r1_prompt2_false-presuppositions15_2,1,human,agent,0.69,24,258
deepseek-r1_prompt2_false-presuppositions15_3,1,human,agent,0.70,24,272
deepseek-r1_prompt2_false-presuppositions15_4,1,human,agent,0.77,32,269
deepseek-r1_prompt2_false-presuppositions15_5,1,human,agent,0.56,27,311
deepseek-r1_prompt3_false-presuppositions15_1,1,human,agent,0.33,19,177
deepseek-r1_prompt3_false-presuppositions15_2,1,human,agent,0.51,24,233
deepseek-r1_prompt3_false-presuppositions15_3,1,human,agent,0.68,24,258
deepseek-r1_prompt3_false-presuppositions15_4,1,human,agent,0.69,32,252
deepseek-r1_prompt3_false-presuppositions15_5,1,human,agent,0.52,27,252
deepseek-r1_prompt4_false-presuppositions15_1,1,human,agent,0.50,19,130
deepseek-r1_prompt4_false-presuppositions15_2,1,human,agent,0.64,24,262
deepseek-r1_prompt4_false-presuppositions15_3,1,human,agent,0.70,24,265
deepseek-r1_prompt4_false-presuppositions15_4,1,human,agent,0.67,32,266
deepseek-r1_prompt4_false-presuppositions15_5,1,human,agent,0.50,27,274
deepseek-r1_prompt0_false-presuppositions150_1,1,human,agent,0.20,11,218
deepseek-r1_prompt0_false-presuppositions150_2,1,human,agent,0.35,19,253
deepseek-r1_prompt0_false-presuppositions150_3,1,human,agent,0.36,18,228
deepseek-r1_prompt0_false-presuppositions150_4,1,human,agent,0.70,23,261
deepseek-r1_prompt0_false-presuppositions150_5,1,human,agent,0.53,25,276
deepseek-r1_prompt1_false-presuppositions150_1,1,human,agent,0.23,11,229
deepseek-r1_prompt1_false-presuppositions150_2,1,human,agent,0.23,19,237
deepseek-r1_prompt1_false-presuppositions150_3,1,human,agent,0.35,18,229
deepseek-r1_prompt1_false-presuppositions150_4,1,human,agent,0.66,23,281
deepseek-r1_prompt1_false-presuppositions150_5,1,human,agent,0.55,25,268
deepseek-r1_prompt2_false-presuppositions150_1,1,human,agent,0.27,11,101
deepseek-r1_prompt2_false-presuppositions150_2,1,human,agent,0.36,19,206
deepseek-r1_prompt2_false-presuppositions150_3,1,human,agent,0.44,18,201
deepseek-r1_prompt2_false-presuppositions150_4,1,human,agent,0.68,23,253
deepseek-r1_prompt2_false-presuppositions150_5,1,human,agent,0.53,25,272
deepseek-r1_prompt3_false-presuppositions150_1,1,human,agent,0.16,11,209
deepseek-r1_prompt3_false-presuppositions150_2,1,human,agent,0.30,19,217
deepseek-r1_prompt3_false-presuppositions150_3,1,human,agent,0.32,18,179
deepseek-r1_prompt3_false-presuppositions150_4,1,human,agent,0.68,23,228
deepseek-r1_prompt3_false-presuppositions150_5,1,human,agent,0.51,25,250
deepseek-r1_prompt4_false-presuppositions150_1,1,human,agent,0.27,11,93
deepseek-r1_prompt4_false-presuppositions150_2,1,human,agent,0.37,19,235
deepseek-r1_prompt4_false-presuppositions150_3,1,human,agent,0.36,18,239
deepseek-r1_prompt4_false-presuppositions150_4,1,human,agent,0.64,23,260
deepseek-r1_prompt4_false-presuppositions150_5,1,human,agent,0.56,25,300
deepseek-r1_prompt0_false-presuppositions151_1,1,human,agent,0.50,33,229
deepseek-r1_prompt0_false-presuppositions151_2,1,human,agent,0.71,23,262
deepseek-r1_prompt0_false-presuppositions151_3,1,human,agent,0.53,26,303
deepseek-r1_prompt0_false-presuppositions151_4,1,human,agent,0.49,25,276
deepseek-r1_prompt0_false-presuppositions151_5,1,human,agent,0.44,26,269
deepseek-r1_prompt1_false-presuppositions151_1,1,human,agent,0.52,33,245
deepseek-r1_prompt1_false-presuppositions151_2,1,human,agent,0.58,23,257
deepseek-r1_prompt1_false-presuppositions151_3,1,human,agent,0.52,26,277
deepseek-r1_prompt1_false-presuppositions151_4,1,human,agent,0.50,25,287
deepseek-r1_prompt1_false-presuppositions151_5,1,human,agent,0.43,26,264
deepseek-r1_prompt2_false-presuppositions151_1,1,human,agent,0.59,33,212
deepseek-r1_prompt2_false-presuppositions151_2,1,human,agent,0.61,23,239
deepseek-r1_prompt2_false-presuppositions151_3,1,human,agent,0.53,26,279
deepseek-r1_prompt2_false-presuppositions151_4,1,human,agent,0.54,25,296
deepseek-r1_prompt2_false-presuppositions151_5,1,human,agent,0.48,26,292
deepseek-r1_prompt3_false-presuppositions151_1,1,human,agent,0.45,33,218
deepseek-r1_prompt3_false-presuppositions151_2,1,human,agent,0.66,23,236
deepseek-r1_prompt3_false-presuppositions151_3,1,human,agent,0.41,26,287
deepseek-r1_prompt3_false-presuppositions151_4,1,human,agent,0.49,25,308
deepseek-r1_prompt3_false-presuppositions151_5,1,human,agent,0.36,26,265
deepseek-r1_prompt4_false-presuppositions151_1,1,human,agent,0.55,33,144
deepseek-r1_prompt4_false-presuppositions151_2,1,human,agent,0.65,23,187
deepseek-r1_prompt4_false-presuppositions151_3,1,human,agent,0.54,26,216
deepseek-r1_prompt4_false-presuppositions151_4,1,human,agent,0.64,25,246
deepseek-r1_prompt4_false-presuppositions151_5,1,human,agent,0.40,26,234
deepseek-r1_prompt0_false-presuppositions152_1,1,human,agent,0.38,16,188
deepseek-r1_prompt0_false-presuppositions152_2,1,human,agent,0.39,21,249
deepseek-r1_prompt0_false-presuppositions152_3,1,human,agent,0.47,21,253
deepseek-r1_prompt0_false-presuppositions152_4,1,human,agent,0.38,21,270
deepseek-r1_prompt0_false-presuppositions152_5,1,human,agent,0.45,21,255
deepseek-r1_prompt1_false-presuppositions152_1,1,human,agent,0.35,16,273
deepseek-r1_prompt1_false-presuppositions152_2,1,human,agent,0.34,21,248
deepseek-r1_prompt1_false-presuppositions152_3,1,human,agent,0.41,21,263
deepseek-r1_prompt1_false-presuppositions152_4,1,human,agent,0.38,21,268
deepseek-r1_prompt1_false-presuppositions152_5,1,human,agent,0.43,21,262
deepseek-r1_prompt2_false-presuppositions152_1,1,human,agent,0.41,16,129
deepseek-r1_prompt2_false-presuppositions152_2,1,human,agent,0.45,21,243
deepseek-r1_prompt2_false-presuppositions152_3,1,human,agent,0.45,21,278
deepseek-r1_prompt2_false-presuppositions152_4,1,human,agent,0.50,21,277
deepseek-r1_prompt2_false-presuppositions152_5,1,human,agent,0.52,21,290
deepseek-r1_prompt3_false-presuppositions152_1,1,human,agent,0.37,16,177
deepseek-r1_prompt3_false-presuppositions152_2,1,human,agent,0.36,21,199
deepseek-r1_prompt3_false-presuppositions152_3,1,human,agent,0.39,21,226
deepseek-r1_prompt3_false-presuppositions152_4,1,human,agent,0.39,21,228
deepseek-r1_prompt3_false-presuppositions152_5,1,human,agent,0.39,21,216
deepseek-r1_prompt4_false-presuppositions152_1,1,human,agent,0.44,16,138
deepseek-r1_prompt4_false-presuppositions152_2,1,human,agent,0.41,21,244
deepseek-r1_prompt4_false-presuppositions152_3,1,human,agent,0.41,21,233
deepseek-r1_prompt4_false-presuppositions152_4,1,human,agent,0.36,21,259
deepseek-r1_prompt4_false-presuppositions152_5,1,human,agent,0.44,21,232
deepseek-r1_prompt0_false-presuppositions153_1,1,human,agent,0.59,23,215
deepseek-r1_prompt0_false-presuppositions153_2,1,human,agent,0.33,28,206
deepseek-r1_prompt0_false-presuppositions153_3,1,human,agent,0.43,28,265
deepseek-r1_prompt0_false-presuppositions153_4,1,human,agent,0.41,28,253
deepseek-r1_prompt0_false-presuppositions153_5,1,human,agent,0.44,28,271
deepseek-r1_prompt1_false-presuppositions153_1,1,human,agent,0.45,23,203
deepseek-r1_prompt1_false-presuppositions153_2,1,human,agent,0.48,28,196
deepseek-r1_prompt1_false-presuppositions153_3,1,human,agent,0.61,28,198
deepseek-r1_prompt1_false-presuppositions153_4,1,human,agent,0.63,28,198
deepseek-r1_prompt1_false-presuppositions153_5,1,human,agent,0.56,28,228
deepseek-r1_prompt2_false-presuppositions153_1,1,human,agent,0.76,23,185
deepseek-r1_prompt2_false-presuppositions153_2,1,human,agent,0.54,28,196
deepseek-r1_prompt2_false-presuppositions153_3,1,human,agent,0.60,28,236
deepseek-r1_prompt2_false-presuppositions153_4,1,human,agent,0.54,28,228
deepseek-r1_prompt2_false-presuppositions153_5,1,human,agent,0.57,28,221
deepseek-r1_prompt3_false-presuppositions153_1,1,human,agent,0.41,23,201
deepseek-r1_prompt3_false-presuppositions153_2,1,human,agent,0.57,28,233
deepseek-r1_prompt3_false-presuppositions153_3,1,human,agent,0.55,28,236
deepseek-r1_prompt3_false-presuppositions153_4,1,human,agent,0.52,28,227
deepseek-r1_prompt3_false-presuppositions153_5,1,human,agent,0.57,28,243
deepseek-r1_prompt4_false-presuppositions153_1,1,human,agent,0.41,23,148
deepseek-r1_prompt4_false-presuppositions153_2,1,human,agent,0.45,28,183
deepseek-r1_prompt4_false-presuppositions153_3,1,human,agent,0.53,28,208
deepseek-r1_prompt4_false-presuppositions153_4,1,human,agent,0.52,28,212
deepseek-r1_prompt4_false-presuppositions153_5,1,human,agent,0.55,28,232
deepseek-r1_prompt0_false-presuppositions154_1,1
deepseek-r1_prompt0_false-presuppositions154_2,1,human,agent,0.63,20,238
deepseek-r1_prompt0_false-presuppositions154_3,1,human,agent,0.49,18,244
deepseek-r1_prompt0_false-presuppositions154_4,1,human,agent,0.52,27,230
deepseek-r1_prompt0_false-presuppositions154_5,1,human,agent,0.48,22,257
deepseek-r1_prompt1_false-presuppositions154_1,1
deepseek-r1_prompt1_false-presuppositions154_2,1,human,agent,0.57,20,253
deepseek-r1_prompt1_false-presuppositions154_3,1,human,agent,0.39,18,243
deepseek-r1_prompt1_false-presuppositions154_4,1,human,agent,0.62,27,289
deepseek-r1_prompt1_false-presuppositions154_5,1,human,agent,0.40,22,265
deepseek-r1_prompt2_false-presuppositions154_1,1
deepseek-r1_prompt2_false-presuppositions154_2,1,human,agent,0.61,20,253
deepseek-r1_prompt2_false-presuppositions154_3,1,human,agent,0.56,18,273
deepseek-r1_prompt2_false-presuppositions154_4,1,human,agent,0.77,27,286
deepseek-r1_prompt2_false-presuppositions154_5,1,human,agent,0.50,22,322
deepseek-r1_prompt3_false-presuppositions154_1,1
deepseek-r1_prompt3_false-presuppositions154_2,1,human,agent,0.41,20,218
deepseek-r1_prompt3_false-presuppositions154_3,1,human,agent,0.33,18,227
deepseek-r1_prompt3_false-presuppositions154_4,1,human,agent,0.64,27,249
deepseek-r1_prompt3_false-presuppositions154_5,1,human,agent,0.45,22,263
deepseek-r1_prompt4_false-presuppositions154_1,1
deepseek-r1_prompt4_false-presuppositions154_2,1,human,agent,0.68,20,227
deepseek-r1_prompt4_false-presuppositions154_3,1,human,agent,0.49,18,241
deepseek-r1_prompt4_false-presuppositions154_4,1,human,agent,0.59,27,272
deepseek-r1_prompt4_false-presuppositions154_5,1,human,agent,0.52,22,293
deepseek-r1_prompt0_false-presuppositions155_1,1,human,agent,0.58,22,231
deepseek-r1_prompt0_false-presuppositions155_2,1,human,agent,0.56,16,237
deepseek-r1_prompt0_false-presuppositions155_3,1,human,agent,0.43,17,251
deepseek-r1_prompt0_false-presuppositions155_4,1,human,agent,0.47,32,228
deepseek-r1_prompt0_false-presuppositions155_5,1,human,agent,0.35,20,224
deepseek-r1_prompt1_false-presuppositions155_1,1,human,agent,0.58,22,164
deepseek-r1_prompt1_false-presuppositions155_2,1,human,agent,0.56,16,231
deepseek-r1_prompt1_false-presuppositions155_3,1,human,agent,0.50,17,260
deepseek-r1_prompt1_false-presuppositions155_4,1,human,agent,0.54,32,289
deepseek-r1_prompt1_false-presuppositions155_5,1,human,agent,0.29,20,291
deepseek-r1_prompt2_false-presuppositions155_1,1,human,agent,0.52,22,186
deepseek-r1_prompt2_false-presuppositions155_2,1,human,agent,0.57,16,193
deepseek-r1_prompt2_false-presuppositions155_3,1,human,agent,0.52,17,241
deepseek-r1_prompt2_false-presuppositions155_4,1,human,agent,0.54,32,260
deepseek-r1_prompt2_false-presuppositions155_5,1,human,agent,0.40,20,278
deepseek-r1_prompt3_false-presuppositions155_1,1,human,agent,0.48,22,141
deepseek-r1_prompt3_false-presuppositions155_2,1,human,agent,0.52,16,185
deepseek-r1_prompt3_false-presuppositions155_3,1,human,agent,0.47,17,227
deepseek-r1_prompt3_false-presuppositions155_4,1,human,agent,0.45,32,244
deepseek-r1_prompt3_false-presuppositions155_5,1,human,agent,0.29,20,247
deepseek-r1_prompt4_false-presuppositions155_1,1,human,agent,0.47,22,159
deepseek-r1_prompt4_false-presuppositions155_2,1,human,agent,0.56,16,207
deepseek-r1_prompt4_false-presuppositions155_3,1,human,agent,0.49,17,269
deepseek-r1_prompt4_false-presuppositions155_4,1,human,agent,0.50,32,236
deepseek-r1_prompt4_false-presuppositions155_5,1,human,agent,0.33,20,265
deepseek-r1_prompt0_false-presuppositions156_1,1,human,agent,0.36,32,266
deepseek-r1_prompt0_false-presuppositions156_2,1,human,agent,0.38,26,243
deepseek-r1_prompt0_false-presuppositions156_3,1,human,agent,0.53,25,280
deepseek-r1_prompt0_false-presuppositions156_4,1,human,agent,0.71,34,275
deepseek-r1_prompt0_false-presuppositions156_5,1,human,agent,0.25,27,270
deepseek-r1_prompt1_false-presuppositions156_1,1,human,agent,0.43,32,247
deepseek-r1_prompt1_false-presuppositions156_2,1,human,agent,0.46,26,252
deepseek-r1_prompt1_false-presuppositions156_3,1,human,agent,0.51,25,293
deepseek-r1_prompt1_false-presuppositions156_4,1,human,agent,0.60,34,258
deepseek-r1_prompt1_false-presuppositions156_5,1,human,agent,0.26,27,258
deepseek-r1_prompt2_false-presuppositions156_1,1,human,agent,0.49,32,136
deepseek-r1_prompt2_false-presuppositions156_2,1,human,agent,0.52,26,255
deepseek-r1_prompt2_false-presuppositions156_3,1,human,agent,0.55,25,294
deepseek-r1_prompt2_false-presuppositions156_4,1,human,agent,0.64,34,298
deepseek-r1_prompt2_false-presuppositions156_5,1,human,agent,0.34,27,319
deepseek-r1_prompt3_false-presuppositions156_1,1,human,agent,0.40,32,233
deepseek-r1_prompt3_false-presuppositions156_2,1,human,agent,0.31,26,257
deepseek-r1_prompt3_false-presuppositions156_3,1,human,agent,0.45,25,279
deepseek-r1_prompt3_false-presuppositions156_4,1,human,agent,0.61,34,269
deepseek-r1_prompt3_false-presuppositions156_5,1,human,agent,0.20,27,258
deepseek-r1_prompt4_false-presuppositions156_1,1,human,agent,0.36,32,218
deepseek-r1_prompt4_false-presuppositions156_2,1,human,agent,0.44,26,259
deepseek-r1_prompt4_false-presuppositions156_3,1,human,agent,0.49,25,263
deepseek-r1_prompt4_false-presuppositions156_4,1,human,agent,0.67,34,275
deepseek-r1_prompt4_false-presuppositions156_5,1,human,agent,0.26,27,258
deepseek-r1_prompt0_false-presuppositions157_1,1,human,agent,0.40,13,246
deepseek-r1_prompt0_false-presuppositions157_2,1,human,agent,0.46,18,229
deepseek-r1_prompt0_false-presuppositions157_3,1,human,agent,0.42,18,249
deepseek-r1_prompt0_false-presuppositions157_4,1,human,agent,0.45,18,276
deepseek-r1_prompt0_false-presuppositions157_5,1,human,agent,0.47,18,274
deepseek-r1_prompt1_false-presuppositions157_1,1,human,agent,0.57,13,184
deepseek-r1_prompt1_false-presuppositions157_2,1,human,agent,0.52,18,229
deepseek-r1_prompt1_false-presuppositions157_3,1,human,agent,0.46,18,229
deepseek-r1_prompt1_false-presuppositions157_4,1,human,agent,0.51,18,227
deepseek-r1_prompt1_false-presuppositions157_5,1,human,agent,0.52,18,215
deepseek-r1_prompt2_false-presuppositions157_1,1,human,agent,0.64,13,172
deepseek-r1_prompt2_false-presuppositions157_2,1,human,agent,0.58,18,240
deepseek-r1_prompt2_false-presuppositions157_3,1,human,agent,0.64,18,285
deepseek-r1_prompt2_false-presuppositions157_4,1,human,agent,0.66,18,286
deepseek-r1_prompt2_false-presuppositions157_5,1,human,agent,0.59,18,292
deepseek-r1_prompt3_false-presuppositions157_1,1,human,agent,0.56,13,192
deepseek-r1_prompt3_false-presuppositions157_2,1,human,agent,0.59,18,201
deepseek-r1_prompt3_false-presuppositions157_3,1,human,agent,0.56,18,280
deepseek-r1_prompt3_false-presuppositions157_4,1,human,agent,0.56,18,257
deepseek-r1_prompt3_false-presuppositions157_5,1,human,agent,0.53,18,259
deepseek-r1_prompt4_false-presuppositions157_1,1,human,agent,0.55,13,93
deepseek-r1_prompt4_false-presuppositions157_2,1,human,agent,0.49,18,204
deepseek-r1_prompt4_false-presuppositions157_3,1,human,agent,0.48,18,205
deepseek-r1_prompt4_false-presuppositions157_4,1,human,agent,0.52,18,240
deepseek-r1_prompt4_false-presuppositions157_5,1,human,agent,0.52,18,256
deepseek-r1_prompt0_false-presuppositions158_1,1,human,agent,0.39,31,247
deepseek-r1_prompt0_false-presuppositions158_2,1,human,agent,0.57,29,215
deepseek-r1_prompt0_false-presuppositions158_3,1,human,agent,0.49,27,253
deepseek-r1_prompt0_false-presuppositions158_4,1,human,agent,0.80,38,254
deepseek-r1_prompt0_false-presuppositions158_5,1,human,agent,0.49,29,292
deepseek-r1_prompt1_false-presuppositions158_1,1,human,agent,0.39,31,204
deepseek-r1_prompt1_false-presuppositions158_2,1,human,agent,0.59,29,222
deepseek-r1_prompt1_false-presuppositions158_3,1,human,agent,0.51,27,244
deepseek-r1_prompt1_false-presuppositions158_4,1,human,agent,0.77,38,271
deepseek-r1_prompt1_false-presuppositions158_5,1,human,agent,0.53,29,325
deepseek-r1_prompt2_false-presuppositions158_1,1,human,agent,0.69,31,157
deepseek-r1_prompt2_false-presuppositions158_2,1,human,agent,0.71,29,255
deepseek-r1_prompt2_false-presuppositions158_3,1,human,agent,0.52,27,279
deepseek-r1_prompt2_false-presuppositions158_4,1,human,agent,0.80,38,327
deepseek-r1_prompt2_false-presuppositions158_5,1,human,agent,0.57,29,348
deepseek-r1_prompt3_false-presuppositions158_1,1,human,agent,0.45,31,190
deepseek-r1_prompt3_false-presuppositions158_2,1,human,agent,0.57,29,215
deepseek-r1_prompt3_false-presuppositions158_3,1,human,agent,0.53,27,241
deepseek-r1_prompt3_false-presuppositions158_4,1,human,agent,0.70,38,238
deepseek-r1_prompt3_false-presuppositions158_5,1,human,agent,0.47,29,270
deepseek-r1_prompt4_false-presuppositions158_1,1,human,agent,0.47,31,140
deepseek-r1_prompt4_false-presuppositions158_2,1,human,agent,0.70,29,218
deepseek-r1_prompt4_false-presuppositions158_3,1,human,agent,0.47,27,251
deepseek-r1_prompt4_false-presuppositions158_4,1,human,agent,0.77,38,278
deepseek-r1_prompt4_false-presuppositions158_5,1,human,agent,0.48,29,323
deepseek-r1_prompt0_false-presuppositions159_1,1,human,agent,0.56,34,248
deepseek-r1_prompt0_false-presuppositions159_2,1,human,agent,0.34,18,252
deepseek-r1_prompt0_false-presuppositions159_3,1,human,agent,0.67,24,249
deepseek-r1_prompt0_false-presuppositions159_4,1,human,agent,0.69,23,247
deepseek-r1_prompt0_false-presuppositions159_5,1,human,agent,0.35,16,291
deepseek-r1_prompt1_false-presuppositions159_1,1,human,agent,0.57,34,285
deepseek-r1_prompt1_false-presuppositions159_2,1,human,agent,0.32,18,206
deepseek-r1_prompt1_false-presuppositions159_3,1,human,agent,0.65,24,249
deepseek-r1_prompt1_false-presuppositions159_4,1,human,agent,0.61,23,256
deepseek-r1_prompt1_false-presuppositions159_5,1,human,agent,0.32,16,290
deepseek-r1_prompt2_false-presuppositions159_1,1,human,agent,0.67,34,129
deepseek-r1_prompt2_false-presuppositions159_2,1,human,agent,0.38,18,253
deepseek-r1_prompt2_false-presuppositions159_3,1,human,agent,0.64,24,282
deepseek-r1_prompt2_false-presuppositions159_4,1,human,agent,0.69,23,271
deepseek-r1_prompt2_false-presuppositions159_5,1,human,agent,0.33,16,299
deepseek-r1_prompt3_false-presuppositions159_1,1,human,agent,0.63,34,93
deepseek-r1_prompt3_false-presuppositions159_2,1,human,agent,0.32,18,242
deepseek-r1_prompt3_false-presuppositions159_3,1,human,agent,0.58,24,226
deepseek-r1_prompt3_false-presuppositions159_4,1,human,agent,0.56,23,223
deepseek-r1_prompt3_false-presuppositions159_5,1,human,agent,0.31,16,245
deepseek-r1_prompt4_false-presuppositions159_1,1,human,agent,0.63,34,114
deepseek-r1_prompt4_false-presuppositions159_2,1,human,agent,0.39,18,185
deepseek-r1_prompt4_false-presuppositions159_3,1,human,agent,0.62,24,222
deepseek-r1_prompt4_false-presuppositions159_4,1,human,agent,0.64,23,227
deepseek-r1_prompt4_false-presuppositions159_5,1,human,agent,0.35,16,237
deepseek-r1_prompt0_false-presuppositions16_1,1,human,agent,0.38,15,312
deepseek-r1_prompt0_false-presuppositions16_2,1,human,agent,0.45,21,226
deepseek-r1_prompt0_false-presuppositions16_3,1,human,agent,0.54,20,263
deepseek-r1_prompt0_false-presuppositions16_4,1,human,agent,0.32,22,266
deepseek-r1_prompt0_false-presuppositions16_5,1,human,agent,0.75,29,266
deepseek-r1_prompt1_false-presuppositions16_1,1,human,agent,0.41,15,304
deepseek-r1_prompt1_false-presuppositions16_2,1,human,agent,0.42,21,244
deepseek-r1_prompt1_false-presuppositions16_3,1,human,agent,0.56,20,263
deepseek-r1_prompt1_false-presuppositions16_4,1,human,agent,0.37,22,252
deepseek-r1_prompt1_false-presuppositions16_5,1,human,agent,0.80,29,258
deepseek-r1_prompt2_false-presuppositions16_1,1,human,agent,0.55,15,180
deepseek-r1_prompt2_false-presuppositions16_2,1,human,agent,0.59,21,281
deepseek-r1_prompt2_false-presuppositions16_3,1,human,agent,0.60,20,288
deepseek-r1_prompt2_false-presuppositions16_4,1,human,agent,0.39,22,308
deepseek-r1_prompt2_false-presuppositions16_5,1,human,agent,0.73,29,331
deepseek-r1_prompt3_false-presuppositions16_1,1,human,agent,0.37,15,285
deepseek-r1_prompt3_false-presuppositions16_2,1,human,agent,0.48,21,238
deepseek-r1_prompt3_false-presuppositions16_3,1,human,agent,0.54,20,237
deepseek-r1_prompt3_false-presuppositions16_4,1,human,agent,0.36,22,259
deepseek-r1_prompt3_false-presuppositions16_5,1,human,agent,0.66,29,266
deepseek-r1_prompt4_false-presuppositions16_1,1,human,agent,0.48,15,197
deepseek-r1_prompt4_false-presuppositions16_2,1,human,agent,0.56,21,215
deepseek-r1_prompt4_false-presuppositions16_3,1,human,agent,0.60,20,249
deepseek-r1_prompt4_false-presuppositions16_4,1,human,agent,0.38,22,251
deepseek-r1_prompt4_false-presuppositions16_5,1,human,agent,0.74,29,304
deepseek-r1_prompt0_false-presuppositions160_1,1,human,agent,0.53,25,236
deepseek-r1_prompt0_false-presuppositions160_2,1,human,agent,0.55,23,233
deepseek-r1_prompt0_false-presuppositions160_3,1,human,agent,0.60,23,243
deepseek-r1_prompt0_false-presuppositions160_4,1,human,agent,0.62,30,232
deepseek-r1_prompt0_false-presuppositions160_5,1,human,agent,0.41,28,269
deepseek-r1_prompt1_false-presuppositions160_1,1,human,agent,0.56,25,251
deepseek-r1_prompt1_false-presuppositions160_2,1,human,agent,0.55,23,283
deepseek-r1_prompt1_false-presuppositions160_3,1,human,agent,0.47,23,300
deepseek-r1_prompt1_false-presuppositions160_4,1,human,agent,0.59,30,274
deepseek-r1_prompt1_false-presuppositions160_5,1,human,agent,0.34,28,249
deepseek-r1_prompt2_false-presuppositions160_1,1,human,agent,0.73,25,173
deepseek-r1_prompt2_false-presuppositions160_2,1,human,agent,0.62,23,188
deepseek-r1_prompt2_false-presuppositions160_3,1,human,agent,0.56,23,248
deepseek-r1_prompt2_false-presuppositions160_4,1,human,agent,0.66,30,233
deepseek-r1_prompt2_false-presuppositions160_5,1,human,agent,0.35,28,246
deepseek-r1_prompt3_false-presuppositions160_1,1,human,agent,0.60,25,252
deepseek-r1_prompt3_false-presuppositions160_2,1,human,agent,0.49,23,209
deepseek-r1_prompt3_false-presuppositions160_3,1,human,agent,0.47,23,231
deepseek-r1_prompt3_false-presuppositions160_4,1,human,agent,0.58,30,211
deepseek-r1_prompt3_false-presuppositions160_5,1,human,agent,0.26,28,241
deepseek-r1_prompt4_false-presuppositions160_1,1,human,agent,0.69,25,151
deepseek-r1_prompt4_false-presuppositions160_2,1,human,agent,0.62,23,200
deepseek-r1_prompt4_false-presuppositions160_3,1,human,agent,0.55,23,243
deepseek-r1_prompt4_false-presuppositions160_4,1,human,agent,0.65,30,245
deepseek-r1_prompt4_false-presuppositions160_5,1,human,agent,0.35,28,305
deepseek-r1_prompt0_false-presuppositions161_1,1,human,agent,0.18,11,284
deepseek-r1_prompt0_false-presuppositions161_2,1,human,agent,0.16,13,281
deepseek-r1_prompt0_false-presuppositions161_3,1,human,agent,0.45,19,308
deepseek-r1_prompt0_false-presuppositions161_4,1,human,agent,0.57,22,287
deepseek-r1_prompt0_false-presuppositions161_5,1,human,agent,0.27,17,287
deepseek-r1_prompt1_false-presuppositions161_1,1,human,agent,0.17,11,258
deepseek-r1_prompt1_false-presuppositions161_2,1,human,agent,0.21,13,280
deepseek-r1_prompt1_false-presuppositions161_3,1,human,agent,0.45,19,322
deepseek-r1_prompt1_false-presuppositions161_4,1,human,agent,0.66,22,326
deepseek-r1_prompt1_false-presuppositions161_5,1,human,agent,0.30,17,303
deepseek-r1_prompt2_false-presuppositions161_1,1,human,agent,0.21,11,174
deepseek-r1_prompt2_false-presuppositions161_2,1,human,agent,0.24,13,261
deepseek-r1_prompt2_false-presuppositions161_3,1,human,agent,0.50,19,305
deepseek-r1_prompt2_false-presuppositions161_4,1,human,agent,0.68,22,293
deepseek-r1_prompt2_false-presuppositions161_5,1,human,agent,0.31,17,306
deepseek-r1_prompt3_false-presuppositions161_1,1,human,agent,0.29,11,209
deepseek-r1_prompt3_false-presuppositions161_2,1,human,agent,0.19,13,277
deepseek-r1_prompt3_false-presuppositions161_3,1,human,agent,0.35,19,315
deepseek-r1_prompt3_false-presuppositions161_4,1,human,agent,0.62,22,333
deepseek-r1_prompt3_false-presuppositions161_5,1,human,agent,0.32,17,311
deepseek-r1_prompt4_false-presuppositions161_1,1,human,agent,0.41,11,124
deepseek-r1_prompt4_false-presuppositions161_2,1,human,agent,0.20,13,220
deepseek-r1_prompt4_false-presuppositions161_3,1,human,agent,0.45,19,264
deepseek-r1_prompt4_false-presuppositions161_4,1,human,agent,0.58,22,306
deepseek-r1_prompt4_false-presuppositions161_5,1,human,agent,0.32,17,290
deepseek-r1_prompt0_false-presuppositions162_1,1,human,agent,0.51,15,197
deepseek-r1_prompt0_false-presuppositions162_2,1,human,agent,0.60,19,225
deepseek-r1_prompt0_false-presuppositions162_3,1,human,agent,0.62,22,268
deepseek-r1_prompt0_false-presuppositions162_4,1,human,agent,0.64,24,263
deepseek-r1_prompt0_false-presuppositions162_5,1,human,agent,0.60,33,232
deepseek-r1_prompt1_false-presuppositions162_1,1,human,agent,0.54,15,186
deepseek-r1_prompt1_false-presuppositions162_2,1,human,agent,0.63,19,219
deepseek-r1_prompt1_false-presuppositions162_3,1,human,agent,0.65,22,250
deepseek-r1_prompt1_false-presuppositions162_4,1,human,agent,0.72,24,245
deepseek-r1_prompt1_false-presuppositions162_5,1,human,agent,0.61,33,256
deepseek-r1_prompt2_false-presuppositions162_1,1,human,agent,0.76,15,117
deepseek-r1_prompt2_false-presuppositions162_2,1,human,agent,0.64,19,244
deepseek-r1_prompt2_false-presuppositions162_3,1,human,agent,0.72,22,264
deepseek-r1_prompt2_false-presuppositions162_4,1,human,agent,0.74,24,294
deepseek-r1_prompt2_false-presuppositions162_5,1,human,agent,0.60,33,274
deepseek-r1_prompt3_false-presuppositions162_1,1,human,agent,0.60,15,165
deepseek-r1_prompt3_false-presuppositions162_2,1,human,agent,0.64,19,234
deepseek-r1_prompt3_false-presuppositions162_3,1,human,agent,0.64,22,249
deepseek-r1_prompt3_false-presuppositions162_4,1,human,agent,0.64,24,242
deepseek-r1_prompt3_false-presuppositions162_5,1,human,agent,0.58,33,223
deepseek-r1_prompt4_false-presuppositions162_1,1,human,agent,0.69,15,110
deepseek-r1_prompt4_false-presuppositions162_2,1,human,agent,0.66,19,240
deepseek-r1_prompt4_false-presuppositions162_3,1,human,agent,0.74,22,300
deepseek-r1_prompt4_false-presuppositions162_4,1,human,agent,0.72,24,265
deepseek-r1_prompt4_false-presuppositions162_5,1,human,agent,0.56,33,263
deepseek-r1_prompt0_false-presuppositions163_1,1,human,agent,0.63,18,256
deepseek-r1_prompt0_false-presuppositions163_2,1,human,agent,0.48,22,248
deepseek-r1_prompt0_false-presuppositions163_3,1,human,agent,0.44,20,259
deepseek-r1_prompt0_false-presuppositions163_4,1,human,agent,0.40,29,248
deepseek-r1_prompt0_false-presuppositions163_5,1,human,agent,0.58,24,256
deepseek-r1_prompt1_false-presuppositions163_1,1,human,agent,0.61,18,250
deepseek-r1_prompt1_false-presuppositions163_2,1,human,agent,0.49,22,192
deepseek-r1_prompt1_false-presuppositions163_3,1,human,agent,0.38,20,248
deepseek-r1_prompt1_false-presuppositions163_4,1,human,agent,0.46,29,268
deepseek-r1_prompt1_false-presuppositions163_5,1,human,agent,0.53,24,255
deepseek-r1_prompt2_false-presuppositions163_1,1,human,agent,0.69,18,132
deepseek-r1_prompt2_false-presuppositions163_2,1,human,agent,0.53,22,226
deepseek-r1_prompt2_false-presuppositions163_3,1,human,agent,0.54,20,271
deepseek-r1_prompt2_false-presuppositions163_4,1,human,agent,0.45,29,294
deepseek-r1_prompt2_false-presuppositions163_5,1,human,agent,0.57,24,303
deepseek-r1_prompt3_false-presuppositions163_1,1,human,agent,0.59,18,187
deepseek-r1_prompt3_false-presuppositions163_2,1,human,agent,0.50,22,214
deepseek-r1_prompt3_false-presuppositions163_3,1,human,agent,0.43,20,266
deepseek-r1_prompt3_false-presuppositions163_4,1,human,agent,0.40,29,253
deepseek-r1_prompt3_false-presuppositions163_5,1,human,agent,0.58,24,242
deepseek-r1_prompt4_false-presuppositions163_1,1,human,agent,0.72,18,98
deepseek-r1_prompt4_false-presuppositions163_2,1,human,agent,0.47,22,203
deepseek-r1_prompt4_false-presuppositions163_3,1,human,agent,0.51,20,246
deepseek-r1_prompt4_false-presuppositions163_4,1,human,agent,0.41,29,254
deepseek-r1_prompt4_false-presuppositions163_5,1,human,agent,0.56,24,287
deepseek-r1_prompt0_false-presuppositions164_1,1,human,agent,0.63,19,329
deepseek-r1_prompt0_false-presuppositions164_2,1,human,agent,0.51,20,219
deepseek-r1_prompt0_false-presuppositions164_3,1,human,agent,0.50,24,265
deepseek-r1_prompt0_false-presuppositions164_4,1,human,agent,0.57,39,266
deepseek-r1_prompt0_false-presuppositions164_5,1,human,agent,0.49,32,282
deepseek-r1_prompt1_false-presuppositions164_1,1,human,agent,0.64,19,317
deepseek-r1_prompt1_false-presuppositions164_2,1,human,agent,0.45,20,238
deepseek-r1_prompt1_false-presuppositions164_3,1,human,agent,0.56,24,255
deepseek-r1_prompt1_false-presuppositions164_4,1,human,agent,0.63,39,247
deepseek-r1_prompt1_false-presuppositions164_5,1,human,agent,0.49,32,261
deepseek-r1_prompt2_false-presuppositions164_1,1,human,agent,0.55,19,209
deepseek-r1_prompt2_false-presuppositions164_2,1,human,agent,0.67,20,200
deepseek-r1_prompt2_false-presuppositions164_3,1,human,agent,0.65,24,252
deepseek-r1_prompt2_false-presuppositions164_4,1,human,agent,0.64,39,276
deepseek-r1_prompt2_false-presuppositions164_5,1,human,agent,0.54,32,298
deepseek-r1_prompt3_false-presuppositions164_1,1,human,agent,0.56,19,246
deepseek-r1_prompt3_false-presuppositions164_2,1,human,agent,0.63,20,234
deepseek-r1_prompt3_false-presuppositions164_3,1,human,agent,0.50,24,251
deepseek-r1_prompt3_false-presuppositions164_4,1,human,agent,0.66,39,247
deepseek-r1_prompt3_false-presuppositions164_5,1,human,agent,0.38,32,236
deepseek-r1_prompt4_false-presuppositions164_1,1,human,agent,0.39,19,278
deepseek-r1_prompt4_false-presuppositions164_2,1,human,agent,0.56,20,203
deepseek-r1_prompt4_false-presuppositions164_3,1,human,agent,0.60,24,247
deepseek-r1_prompt4_false-presuppositions164_4,1,human,agent,0.65,39,246
deepseek-r1_prompt4_false-presuppositions164_5,1,human,agent,0.57,32,265
deepseek-r1_prompt0_false-presuppositions165_1,1,human,agent,0.62,36,331
deepseek-r1_prompt0_false-presuppositions165_2,1,human,agent,0.59,27,219
deepseek-r1_prompt0_false-presuppositions165_3,1,human,agent,0.63,27,279
deepseek-r1_prompt0_false-presuppositions165_4,1,human,agent,0.50,30,272
deepseek-r1_prompt0_false-presuppositions165_5,1,human,agent,0.51,32,291
deepseek-r1_prompt1_false-presuppositions165_1,1,human,agent,0.56,36,309
deepseek-r1_prompt1_false-presuppositions165_2,1,human,agent,0.38,27,224
deepseek-r1_prompt1_false-presuppositions165_3,1,human,agent,0.55,27,292
deepseek-r1_prompt1_false-presuppositions165_4,1,human,agent,0.43,30,277
deepseek-r1_prompt1_false-presuppositions165_5,1,human,agent,0.52,32,265
deepseek-r1_prompt2_false-presuppositions165_1,1,human,agent,0.68,36,168
deepseek-r1_prompt2_false-presuppositions165_2,1,human,agent,0.48,27,219
deepseek-r1_prompt2_false-presuppositions165_3,1,human,agent,0.72,27,268
deepseek-r1_prompt2_false-presuppositions165_4,1,human,agent,0.52,30,289
deepseek-r1_prompt2_false-presuppositions165_5,1,human,agent,0.53,32,304
deepseek-r1_prompt3_false-presuppositions165_1,1,human,agent,0.53,36,230
deepseek-r1_prompt3_false-presuppositions165_2,1,human,agent,0.41,27,244
deepseek-r1_prompt3_false-presuppositions165_3,1,human,agent,0.67,27,283
deepseek-r1_prompt3_false-presuppositions165_4,1,human,agent,0.49,30,249
deepseek-r1_prompt3_false-presuppositions165_5,1,human,agent,0.50,32,257
deepseek-r1_prompt4_false-presuppositions165_1,1,human,agent,0.60,36,173
deepseek-r1_prompt4_false-presuppositions165_2,1,human,agent,0.45,27,247
deepseek-r1_prompt4_false-presuppositions165_3,1,human,agent,0.66,27,277
deepseek-r1_prompt4_false-presuppositions165_4,1,human,agent,0.51,30,272
deepseek-r1_prompt4_false-presuppositions165_5,1,human,agent,0.42,32,296
deepseek-r1_prompt0_false-presuppositions166_1,1,human,agent,0.44,14,284
deepseek-r1_prompt0_false-presuppositions166_2,1,human,agent,0.61,16,261
deepseek-r1_prompt0_false-presuppositions166_3,1,human,agent,0.41,15,303
deepseek-r1_prompt0_false-presuppositions166_4,1,human,agent,0.53,21,311
deepseek-r1_prompt0_false-presuppositions166_5,1,human,agent,0.32,21,271
deepseek-r1_prompt1_false-presuppositions166_1,1,human,agent,0.42,14,284
deepseek-r1_prompt1_false-presuppositions166_2,1,human,agent,0.51,16,234
deepseek-r1_prompt1_false-presuppositions166_3,1,human,agent,0.41,15,288
deepseek-r1_prompt1_false-presuppositions166_4,1,human,agent,0.56,21,266
deepseek-r1_prompt1_false-presuppositions166_5,1,human,agent,0.26,21,258
deepseek-r1_prompt2_false-presuppositions166_1,1,human,agent,0.35,14,132
deepseek-r1_prompt2_false-presuppositions166_2,1,human,agent,0.72,16,258
deepseek-r1_prompt2_false-presuppositions166_3,1,human,agent,0.51,15,311
deepseek-r1_prompt2_false-presuppositions166_4,1,human,agent,0.59,21,323
deepseek-r1_prompt2_false-presuppositions166_5,1,human,agent,0.33,21,323
deepseek-r1_prompt3_false-presuppositions166_1,1,human,agent,0.39,14,288
deepseek-r1_prompt3_false-presuppositions166_2,1,human,agent,0.46,16,226
deepseek-r1_prompt3_false-presuppositions166_3,1,human,agent,0.38,15,249
deepseek-r1_prompt3_false-presuppositions166_4,1,human,agent,0.50,21,266
deepseek-r1_prompt3_false-presuppositions166_5,1,human,agent,0.24,21,261
deepseek-r1_prompt4_false-presuppositions166_1,1,human,agent,0.43,14,121
deepseek-r1_prompt4_false-presuppositions166_2,1,human,agent,0.55,16,241
deepseek-r1_prompt4_false-presuppositions166_3,1,human,agent,0.42,15,265
deepseek-r1_prompt4_false-presuppositions166_4,1,human,agent,0.51,21,301
deepseek-r1_prompt4_false-presuppositions166_5,1,human,agent,0.30,21,280
deepseek-r1_prompt0_false-presuppositions167_1,1
deepseek-r1_prompt0_false-presuppositions167_2,1,human,agent,0.45,16,304
deepseek-r1_prompt0_false-presuppositions167_3,1,human,agent,0.60,19,300
deepseek-r1_prompt0_false-presuppositions167_4,1,human,agent,0.67,21,296
deepseek-r1_prompt0_false-presuppositions167_5,1,human,agent,0.66,26,298
deepseek-r1_prompt1_false-presuppositions167_1,1
deepseek-r1_prompt1_false-presuppositions167_2,1,human,agent,0.45,16,258
deepseek-r1_prompt1_false-presuppositions167_3,1,human,agent,0.62,19,241
deepseek-r1_prompt1_false-presuppositions167_4,1,human,agent,0.68,21,264
deepseek-r1_prompt1_false-presuppositions167_5,1,human,agent,0.60,26,271
deepseek-r1_prompt2_false-presuppositions167_1,1
deepseek-r1_prompt2_false-presuppositions167_2,1,human,agent,0.57,16,278
deepseek-r1_prompt2_false-presuppositions167_3,1,human,agent,0.71,19,323
deepseek-r1_prompt2_false-presuppositions167_4,1,human,agent,0.74,21,313
deepseek-r1_prompt2_false-presuppositions167_5,1,human,agent,0.60,26,302
deepseek-r1_prompt3_false-presuppositions167_1,1
deepseek-r1_prompt3_false-presuppositions167_2,1,human,agent,0.46,16,262
deepseek-r1_prompt3_false-presuppositions167_3,1,human,agent,0.49,19,280
deepseek-r1_prompt3_false-presuppositions167_4,1,human,agent,0.65,21,288
deepseek-r1_prompt3_false-presuppositions167_5,1,human,agent,0.52,26,301
deepseek-r1_prompt4_false-presuppositions167_1,1
deepseek-r1_prompt4_false-presuppositions167_2,1,human,agent,0.50,16,280
deepseek-r1_prompt4_false-presuppositions167_3,1,human,agent,0.72,19,244
deepseek-r1_prompt4_false-presuppositions167_4,1,human,agent,0.73,21,260
deepseek-r1_prompt4_false-presuppositions167_5,1,human,agent,0.55,26,267
deepseek-r1_prompt0_false-presuppositions168_1,1,human,agent,0.61,23,338
deepseek-r1_prompt0_false-presuppositions168_2,1,human,agent,0.47,20,238
deepseek-r1_prompt0_false-presuppositions168_3,1,human,agent,0.63,24,285
deepseek-r1_prompt0_false-presuppositions168_4,1,human,agent,0.54,28,274
deepseek-r1_prompt0_false-presuppositions168_5,1,human,agent,0.50,29,284
deepseek-r1_prompt1_false-presuppositions168_1,1,human,agent,0.47,23,253
deepseek-r1_prompt1_false-presuppositions168_2,1,human,agent,0.40,20,203
deepseek-r1_prompt1_false-presuppositions168_3,1,human,agent,0.60,24,257
deepseek-r1_prompt1_false-presuppositions168_4,1,human,agent,0.54,28,255
deepseek-r1_prompt1_false-presuppositions168_5,1,human,agent,0.56,29,259
deepseek-r1_prompt2_false-presuppositions168_1,1,human,agent,0.51,23,140
deepseek-r1_prompt2_false-presuppositions168_2,1,human,agent,0.52,20,263
deepseek-r1_prompt2_false-presuppositions168_3,1,human,agent,0.65,24,272
deepseek-r1_prompt2_false-presuppositions168_4,1,human,agent,0.56,28,256
deepseek-r1_prompt2_false-presuppositions168_5,1,human,agent,0.52,29,260
deepseek-r1_prompt3_false-presuppositions168_1,1,human,agent,0.49,23,236
deepseek-r1_prompt3_false-presuppositions168_2,1,human,agent,0.42,20,239
deepseek-r1_prompt3_false-presuppositions168_3,1,human,agent,0.49,24,261
deepseek-r1_prompt3_false-presuppositions168_4,1,human,agent,0.45,28,259
deepseek-r1_prompt3_false-presuppositions168_5,1,human,agent,0.50,29,315
deepseek-r1_prompt4_false-presuppositions168_1,1,human,agent,0.34,23,203
deepseek-r1_prompt4_false-presuppositions168_2,1,human,agent,0.54,20,243
deepseek-r1_prompt4_false-presuppositions168_3,1,human,agent,0.55,24,265
deepseek-r1_prompt4_false-presuppositions168_4,1,human,agent,0.60,28,236
deepseek-r1_prompt4_false-presuppositions168_5,1,human,agent,0.55,29,315
deepseek-r1_prompt0_false-presuppositions169_1,1,human,agent,0.42,13,231
deepseek-r1_prompt0_false-presuppositions169_2,1,human,agent,0.53,22,210
deepseek-r1_prompt0_false-presuppositions169_3,1,human,agent,0.62,27,248
deepseek-r1_prompt0_false-presuppositions169_4,1,human,agent,0.68,27,254
deepseek-r1_prompt0_false-presuppositions169_5,1,human,agent,0.46,27,266
deepseek-r1_prompt1_false-presuppositions169_1,1,human,agent,0.42,13,256
deepseek-r1_prompt1_false-presuppositions169_2,1,human,agent,0.47,22,259
deepseek-r1_prompt1_false-presuppositions169_3,1,human,agent,0.62,27,275
deepseek-r1_prompt1_false-presuppositions169_4,1,human,agent,0.62,27,292
deepseek-r1_prompt1_false-presuppositions169_5,1,human,agent,0.49,27,257
deepseek-r1_prompt2_false-presuppositions169_1,1,human,agent,0.34,13,156
deepseek-r1_prompt2_false-presuppositions169_2,1,human,agent,0.53,22,224
deepseek-r1_prompt2_false-presuppositions169_3,1,human,agent,0.69,27,252
deepseek-r1_prompt2_false-presuppositions169_4,1,human,agent,0.69,27,279
deepseek-r1_prompt2_false-presuppositions169_5,1,human,agent,0.53,27,307
deepseek-r1_prompt3_false-presuppositions169_1,1,human,agent,0.38,13,247
deepseek-r1_prompt3_false-presuppositions169_2,1,human,agent,0.41,22,208
deepseek-r1_prompt3_false-presuppositions169_3,1,human,agent,0.60,27,213
deepseek-r1_prompt3_false-presuppositions169_4,1,human,agent,0.61,27,236
deepseek-r1_prompt3_false-presuppositions169_5,1,human,agent,0.48,27,236
deepseek-r1_prompt4_false-presuppositions169_1,1,human,agent,0.44,13,116
deepseek-r1_prompt4_false-presuppositions169_2,1,human,agent,0.48,22,220
deepseek-r1_prompt4_false-presuppositions169_3,1,human,agent,0.69,27,201
deepseek-r1_prompt4_false-presuppositions169_4,1,human,agent,0.65,27,260
deepseek-r1_prompt4_false-presuppositions169_5,1,human,agent,0.51,27,260
deepseek-r1_prompt0_false-presuppositions17_1,1,human,agent,0.53,26,233
deepseek-r1_prompt0_false-presuppositions17_2,1,human,agent,0.44,18,194
deepseek-r1_prompt0_false-presuppositions17_3,1,human,agent,0.59,31,213
deepseek-r1_prompt0_false-presuppositions17_4,1,human,agent,0.43,27,248
deepseek-r1_prompt0_false-presuppositions17_5,1,human,agent,0.41,23,255
deepseek-r1_prompt1_false-presuppositions17_1,1,human,agent,0.48,26,252
deepseek-r1_prompt1_false-presuppositions17_2,1,human,agent,0.43,18,211
deepseek-r1_prompt1_false-presuppositions17_3,1,human,agent,0.50,31,264
deepseek-r1_prompt1_false-presuppositions17_4,1,human,agent,0.33,27,260
deepseek-r1_prompt1_false-presuppositions17_5,1,human,agent,0.46,23,281
deepseek-r1_prompt2_false-presuppositions17_1,1,human,agent,0.62,26,219
deepseek-r1_prompt2_false-presuppositions17_2,1,human,agent,0.50,18,252
deepseek-r1_prompt2_false-presuppositions17_3,1,human,agent,0.47,31,252
deepseek-r1_prompt2_false-presuppositions17_4,1,human,agent,0.42,27,306
deepseek-r1_prompt2_false-presuppositions17_5,1,human,agent,0.42,23,310
deepseek-r1_prompt3_false-presuppositions17_1,1,human,agent,0.45,26,250
deepseek-r1_prompt3_false-presuppositions17_2,1,human,agent,0.40,18,196
deepseek-r1_prompt3_false-presuppositions17_3,1,human,agent,0.37,31,230
deepseek-r1_prompt3_false-presuppositions17_4,1,human,agent,0.31,27,262
deepseek-r1_prompt3_false-presuppositions17_5,1,human,agent,0.38,23,232
deepseek-r1_prompt4_false-presuppositions17_1,1,human,agent,0.66,26,90
deepseek-r1_prompt4_false-presuppositions17_2,1,human,agent,0.42,18,255
deepseek-r1_prompt4_false-presuppositions17_3,1,human,agent,0.52,31,272
deepseek-r1_prompt4_false-presuppositions17_4,1,human,agent,0.46,27,289
deepseek-r1_prompt4_false-presuppositions17_5,1,human,agent,0.48,23,295
deepseek-r1_prompt0_false-presuppositions170_1,1,human,agent,0.57,41,357
deepseek-r1_prompt0_false-presuppositions170_2,1,human,agent,0.64,46,263
deepseek-r1_prompt0_false-presuppositions170_3,1,human,agent,0.69,46,309
deepseek-r1_prompt0_false-presuppositions170_4,1,human,agent,0.68,46,317
deepseek-r1_prompt0_false-presuppositions170_5,1,human,agent,0.74,46,289
deepseek-r1_prompt1_false-presuppositions170_1,1,human,agent,0.60,41,345
deepseek-r1_prompt1_false-presuppositions170_2,1,human,agent,0.65,46,271
deepseek-r1_prompt1_false-presuppositions170_3,1,human,agent,0.68,46,280
deepseek-r1_prompt1_false-presuppositions170_4,1,human,agent,0.68,46,313
deepseek-r1_prompt1_false-presuppositions170_5,1,human,agent,0.69,46,329
deepseek-r1_prompt2_false-presuppositions170_1,1,human,agent,0.83,41,157
deepseek-r1_prompt2_false-presuppositions170_2,1,human,agent,0.77,46,251
deepseek-r1_prompt2_false-presuppositions170_3,1,human,agent,0.80,46,291
deepseek-r1_prompt2_false-presuppositions170_4,1,human,agent,0.77,46,289
deepseek-r1_prompt2_false-presuppositions170_5,1,human,agent,0.79,46,334
deepseek-r1_prompt3_false-presuppositions170_1,1,human,agent,0.55,41,270
deepseek-r1_prompt3_false-presuppositions170_2,1,human,agent,0.60,46,276
deepseek-r1_prompt3_false-presuppositions170_3,1,human,agent,0.58,46,306
deepseek-r1_prompt3_false-presuppositions170_4,1,human,agent,0.67,46,312
deepseek-r1_prompt3_false-presuppositions170_5,1,human,agent,0.65,46,302
deepseek-r1_prompt4_false-presuppositions170_1,1,human,agent,0.55,41,193
deepseek-r1_prompt4_false-presuppositions170_2,1,human,agent,0.73,46,243
deepseek-r1_prompt4_false-presuppositions170_3,1,human,agent,0.76,46,259
deepseek-r1_prompt4_false-presuppositions170_4,1,human,agent,0.76,46,296
deepseek-r1_prompt4_false-presuppositions170_5,1,human,agent,0.74,46,292
deepseek-r1_prompt0_false-presuppositions171_1,1,human,agent,0.20,10,222
deepseek-r1_prompt0_false-presuppositions171_2,1,human,agent,0.43,16,224
deepseek-r1_prompt0_false-presuppositions171_3,1,human,agent,0.32,23,283
deepseek-r1_prompt0_false-presuppositions171_4,1,human,agent,0.26,21,293
deepseek-r1_prompt0_false-presuppositions171_5,1,human,agent,0.50,22,274
deepseek-r1_prompt1_false-presuppositions171_1,1,human,agent,0.21,10,272
deepseek-r1_prompt1_false-presuppositions171_2,1,human,agent,0.41,16,240
deepseek-r1_prompt1_false-presuppositions171_3,1,human,agent,0.32,23,283
deepseek-r1_prompt1_false-presuppositions171_4,1,human,agent,0.31,21,266
deepseek-r1_prompt1_false-presuppositions171_5,1,human,agent,0.50,22,275
deepseek-r1_prompt2_false-presuppositions171_1,1,human,agent,0.35,10,121
deepseek-r1_prompt2_false-presuppositions171_2,1,human,agent,0.45,16,245
deepseek-r1_prompt2_false-presuppositions171_3,1,human,agent,0.44,23,291
deepseek-r1_prompt2_false-presuppositions171_4,1,human,agent,0.34,21,283
deepseek-r1_prompt2_false-presuppositions171_5,1,human,agent,0.61,22,305
deepseek-r1_prompt3_false-presuppositions171_1,1,human,agent,0.22,10,236
deepseek-r1_prompt3_false-presuppositions171_2,1,human,agent,0.42,16,256
deepseek-r1_prompt3_false-presuppositions171_3,1,human,agent,0.38,23,308
deepseek-r1_prompt3_false-presuppositions171_4,1,human,agent,0.34,21,288
deepseek-r1_prompt3_false-presuppositions171_5,1,human,agent,0.60,22,291
deepseek-r1_prompt4_false-presuppositions171_1,1,human,agent,0.29,10,121
deepseek-r1_prompt4_false-presuppositions171_2,1,human,agent,0.45,16,256
deepseek-r1_prompt4_false-presuppositions171_3,1,human,agent,0.36,23,286
deepseek-r1_prompt4_false-presuppositions171_4,1,human,agent,0.35,21,293
deepseek-r1_prompt4_false-presuppositions171_5,1,human,agent,0.55,22,291
deepseek-r1_prompt0_false-presuppositions172_1,1,human,agent,0.34,23,266
deepseek-r1_prompt0_false-presuppositions172_2,1,human,agent,0.36,20,228
deepseek-r1_prompt0_false-presuppositions172_3,1,human,agent,0.49,19,266
deepseek-r1_prompt0_false-presuppositions172_4,1,human,agent,0.52,36,298
deepseek-r1_prompt0_false-presuppositions172_5,1,human,agent,0.40,21,307
deepseek-r1_prompt1_false-presuppositions172_1,1,human,agent,0.62,23,227
deepseek-r1_prompt1_false-presuppositions172_2,1,human,agent,0.32,20,215
deepseek-r1_prompt1_false-presuppositions172_3,1,human,agent,0.38,19,252
deepseek-r1_prompt1_false-presuppositions172_4,1,human,agent,0.51,36,254
deepseek-r1_prompt1_false-presuppositions172_5,1,human,agent,0.40,21,237
deepseek-r1_prompt2_false-presuppositions172_1,1,human,agent,0.40,23,188
deepseek-r1_prompt2_false-presuppositions172_2,1,human,agent,0.38,20,238
deepseek-r1_prompt2_false-presuppositions172_3,1,human,agent,0.45,19,261
deepseek-r1_prompt2_false-presuppositions172_4,1,human,agent,0.54,36,285
deepseek-r1_prompt2_false-presuppositions172_5,1,human,agent,0.41,21,291
deepseek-r1_prompt3_false-presuppositions172_1,1,human,agent,0.47,23,213
deepseek-r1_prompt3_false-presuppositions172_2,1,human,agent,0.34,20,240
deepseek-r1_prompt3_false-presuppositions172_3,1,human,agent,0.45,19,293
deepseek-r1_prompt3_false-presuppositions172_4,1,human,agent,0.47,36,294
deepseek-r1_prompt3_false-presuppositions172_5,1,human,agent,0.41,21,307
deepseek-r1_prompt4_false-presuppositions172_1,1,human,agent,0.41,23,137
deepseek-r1_prompt4_false-presuppositions172_2,1,human,agent,0.31,20,270
deepseek-r1_prompt4_false-presuppositions172_3,1,human,agent,0.41,19,304
deepseek-r1_prompt4_false-presuppositions172_4,1,human,agent,0.51,36,318
deepseek-r1_prompt4_false-presuppositions172_5,1,human,agent,0.40,21,342
deepseek-r1_prompt0_false-presuppositions173_1,1
deepseek-r1_prompt0_false-presuppositions173_2,1,human,agent,0.58,18,266
deepseek-r1_prompt0_false-presuppositions173_3,1,human,agent,0.74,22,288
deepseek-r1_prompt0_false-presuppositions173_4,1,human,agent,0.78,24,243
deepseek-r1_prompt0_false-presuppositions173_5,1,human,agent,0.50,20,299
deepseek-r1_prompt1_false-presuppositions173_1,1
deepseek-r1_prompt1_false-presuppositions173_2,1,human,agent,0.56,18,225
deepseek-r1_prompt1_false-presuppositions173_3,1,human,agent,0.70,22,254
deepseek-r1_prompt1_false-presuppositions173_4,1,human,agent,0.76,24,253
deepseek-r1_prompt1_false-presuppositions173_5,1,human,agent,0.46,20,261
deepseek-r1_prompt2_false-presuppositions173_1,1
deepseek-r1_prompt2_false-presuppositions173_2,1,human,agent,0.58,18,256
deepseek-r1_prompt2_false-presuppositions173_3,1,human,agent,0.68,22,286
deepseek-r1_prompt2_false-presuppositions173_4,1,human,agent,0.80,24,271
deepseek-r1_prompt2_false-presuppositions173_5,1,human,agent,0.49,20,278
deepseek-r1_prompt3_false-presuppositions173_1,1
deepseek-r1_prompt3_false-presuppositions173_2,1,human,agent,0.47,18,268
deepseek-r1_prompt3_false-presuppositions173_3,1,human,agent,0.62,22,288
deepseek-r1_prompt3_false-presuppositions173_4,1,human,agent,0.74,24,240
deepseek-r1_prompt3_false-presuppositions173_5,1,human,agent,0.50,20,220
deepseek-r1_prompt4_false-presuppositions173_1,1
deepseek-r1_prompt4_false-presuppositions173_2,1,human,agent,0.56,18,245
deepseek-r1_prompt4_false-presuppositions173_3,1,human,agent,0.76,22,313
deepseek-r1_prompt4_false-presuppositions173_4,1,human,agent,0.77,24,283
deepseek-r1_prompt4_false-presuppositions173_5,1,human,agent,0.51,20,305
deepseek-r1_prompt0_false-presuppositions174_1,1,human,agent,0.60,19,203
deepseek-r1_prompt0_false-presuppositions174_2,1,human,agent,0.31,17,225
deepseek-r1_prompt0_false-presuppositions174_3,1,human,agent,0.63,22,241
deepseek-r1_prompt0_false-presuppositions174_4,1,human,agent,0.65,27,241
deepseek-r1_prompt0_false-presuppositions174_5,1,human,agent,0.26,16,230
deepseek-r1_prompt1_false-presuppositions174_1,1,human,agent,0.61,19,251
deepseek-r1_prompt1_false-presuppositions174_2,1,human,agent,0.30,17,251
deepseek-r1_prompt1_false-presuppositions174_3,1,human,agent,0.71,22,262
deepseek-r1_prompt1_false-presuppositions174_4,1,human,agent,0.65,27,256
deepseek-r1_prompt1_false-presuppositions174_5,1,human,agent,0.28,16,232
deepseek-r1_prompt2_false-presuppositions174_1,1,human,agent,0.44,19,116
deepseek-r1_prompt2_false-presuppositions174_2,1,human,agent,0.37,17,265
deepseek-r1_prompt2_false-presuppositions174_3,1,human,agent,0.64,22,261
deepseek-r1_prompt2_false-presuppositions174_4,1,human,agent,0.72,27,319
deepseek-r1_prompt2_false-presuppositions174_5,1,human,agent,0.30,16,311
deepseek-r1_prompt3_false-presuppositions174_1,1,human,agent,0.49,19,208
deepseek-r1_prompt3_false-presuppositions174_2,1,human,agent,0.26,17,250
deepseek-r1_prompt3_false-presuppositions174_3,1,human,agent,0.55,22,218
deepseek-r1_prompt3_false-presuppositions174_4,1,human,agent,0.62,27,251
deepseek-r1_prompt3_false-presuppositions174_5,1,human,agent,0.25,16,245
deepseek-r1_prompt4_false-presuppositions174_1,1,human,agent,0.66,19,142
deepseek-r1_prompt4_false-presuppositions174_2,1,human,agent,0.31,17,221
deepseek-r1_prompt4_false-presuppositions174_3,1,human,agent,0.66,22,240
deepseek-r1_prompt4_false-presuppositions174_4,1,human,agent,0.73,27,249
deepseek-r1_prompt4_false-presuppositions174_5,1,human,agent,0.32,16,233
deepseek-r1_prompt0_false-presuppositions175_1,1,human,agent,0.59,26,257
deepseek-r1_prompt0_false-presuppositions175_2,1,human,agent,0.65,20,240
deepseek-r1_prompt0_false-presuppositions175_3,1,human,agent,0.51,23,250
deepseek-r1_prompt0_false-presuppositions175_4,1,human,agent,0.64,33,263
deepseek-r1_prompt0_false-presuppositions175_5,1,human,agent,0.74,30,246
deepseek-r1_prompt1_false-presuppositions175_1,1,human,agent,0.52,26,270
deepseek-r1_prompt1_false-presuppositions175_2,1,human,agent,0.66,20,283
deepseek-r1_prompt1_false-presuppositions175_3,1,human,agent,0.43,23,262
deepseek-r1_prompt1_false-presuppositions175_4,1,human,agent,0.61,33,263
deepseek-r1_prompt1_false-presuppositions175_5,1,human,agent,0.71,30,277
deepseek-r1_prompt2_false-presuppositions175_1,1,human,agent,0.51,26,104
deepseek-r1_prompt2_false-presuppositions175_2,1,human,agent,0.72,20,181
deepseek-r1_prompt2_false-presuppositions175_3,1,human,agent,0.54,23,246
deepseek-r1_prompt2_false-presuppositions175_4,1,human,agent,0.70,33,249
deepseek-r1_prompt2_false-presuppositions175_5,1,human,agent,0.73,30,289
deepseek-r1_prompt3_false-presuppositions175_1,1,human,agent,0.50,26,166
deepseek-r1_prompt3_false-presuppositions175_2,1,human,agent,0.67,20,234
deepseek-r1_prompt3_false-presuppositions175_3,1,human,agent,0.49,23,287
deepseek-r1_prompt3_false-presuppositions175_4,1,human,agent,0.62,33,249
deepseek-r1_prompt3_false-presuppositions175_5,1,human,agent,0.71,30,288
deepseek-r1_prompt4_false-presuppositions175_1,1,human,agent,0.54,26,168
deepseek-r1_prompt4_false-presuppositions175_2,1,human,agent,0.63,20,209
deepseek-r1_prompt4_false-presuppositions175_3,1,human,agent,0.47,23,232
deepseek-r1_prompt4_false-presuppositions175_4,1,human,agent,0.61,33,255
deepseek-r1_prompt4_false-presuppositions175_5,1,human,agent,0.71,30,241
deepseek-r1_prompt0_false-presuppositions176_1,1
deepseek-r1_prompt0_false-presuppositions176_2,1,human,agent,0.41,26,246
deepseek-r1_prompt0_false-presuppositions176_3,1,human,agent,0.72,20,288
deepseek-r1_prompt0_false-presuppositions176_4,1,human,agent,0.73,30,320
deepseek-r1_prompt0_false-presuppositions176_5,1,human,agent,0.58,25,307
deepseek-r1_prompt1_false-presuppositions176_1,1
deepseek-r1_prompt1_false-presuppositions176_2,1,human,agent,0.36,26,238
deepseek-r1_prompt1_false-presuppositions176_3,1,human,agent,0.66,20,274
deepseek-r1_prompt1_false-presuppositions176_4,1,human,agent,0.76,30,277
deepseek-r1_prompt1_false-presuppositions176_5,1,human,agent,0.51,25,318
deepseek-r1_prompt2_false-presuppositions176_1,1
deepseek-r1_prompt2_false-presuppositions176_2,1,human,agent,0.40,26,257
deepseek-r1_prompt2_false-presuppositions176_3,1,human,agent,0.70,20,283
deepseek-r1_prompt2_false-presuppositions176_4,1,human,agent,0.77,30,320
deepseek-r1_prompt2_false-presuppositions176_5,1,human,agent,0.50,25,301
deepseek-r1_prompt3_false-presuppositions176_1,1
deepseek-r1_prompt3_false-presuppositions176_2,1,human,agent,0.34,26,226
deepseek-r1_prompt3_false-presuppositions176_3,1,human,agent,0.58,20,247
deepseek-r1_prompt3_false-presuppositions176_4,1,human,agent,0.70,30,270
deepseek-r1_prompt3_false-presuppositions176_5,1,human,agent,0.47,25,251
deepseek-r1_prompt4_false-presuppositions176_1,1
deepseek-r1_prompt4_false-presuppositions176_2,1,human,agent,0.34,26,233
deepseek-r1_prompt4_false-presuppositions176_3,1,human,agent,0.70,20,257
deepseek-r1_prompt4_false-presuppositions176_4,1,human,agent,0.74,30,247
deepseek-r1_prompt4_false-presuppositions176_5,1,human,agent,0.55,25,296
deepseek-r1_prompt0_false-presuppositions177_1,1,human,agent,0.55,35,353
deepseek-r1_prompt0_false-presuppositions177_2,1,human,agent,0.53,40,240
deepseek-r1_prompt0_false-presuppositions177_3,1,human,agent,0.58,40,265
deepseek-r1_prompt0_false-presuppositions177_4,1,human,agent,0.63,40,268
deepseek-r1_prompt0_false-presuppositions177_5,1,human,agent,0.51,40,285
deepseek-r1_prompt1_false-presuppositions177_1,1,human,agent,0.61,35,277
deepseek-r1_prompt1_false-presuppositions177_2,1,human,agent,0.52,40,252
deepseek-r1_prompt1_false-presuppositions177_3,1,human,agent,0.52,40,242
deepseek-r1_prompt1_false-presuppositions177_4,1,human,agent,0.58,40,266
deepseek-r1_prompt1_false-presuppositions177_5,1,human,agent,0.59,40,272
deepseek-r1_prompt2_false-presuppositions177_1,1,human,agent,0.66,35,120
deepseek-r1_prompt2_false-presuppositions177_2,1,human,agent,0.62,40,257
deepseek-r1_prompt2_false-presuppositions177_3,1,human,agent,0.63,40,280
deepseek-r1_prompt2_false-presuppositions177_4,1,human,agent,0.57,40,281
deepseek-r1_prompt2_false-presuppositions177_5,1,human,agent,0.61,40,296
deepseek-r1_prompt3_false-presuppositions177_1,1,human,agent,0.62,35,215
deepseek-r1_prompt3_false-presuppositions177_2,1,human,agent,0.49,40,236
deepseek-r1_prompt3_false-presuppositions177_3,1,human,agent,0.47,40,257
deepseek-r1_prompt3_false-presuppositions177_4,1,human,agent,0.50,40,264
deepseek-r1_prompt3_false-presuppositions177_5,1,human,agent,0.55,40,259
deepseek-r1_prompt4_false-presuppositions177_1,1,human,agent,0.57,35,113
deepseek-r1_prompt4_false-presuppositions177_2,1,human,agent,0.63,40,218
deepseek-r1_prompt4_false-presuppositions177_3,1,human,agent,0.67,40,296
deepseek-r1_prompt4_false-presuppositions177_4,1,human,agent,0.53,40,243
deepseek-r1_prompt4_false-presuppositions177_5,1,human,agent,0.59,40,282
deepseek-r1_prompt0_false-presuppositions178_1,1,human,agent,0.53,15,267
deepseek-r1_prompt0_false-presuppositions178_2,1,human,agent,0.49,23,267
deepseek-r1_prompt0_false-presuppositions178_3,1,human,agent,0.61,19,291
deepseek-r1_prompt0_false-presuppositions178_4,1,human,agent,0.64,33,300
deepseek-r1_prompt0_false-presuppositions178_5,1,human,agent,0.42,28,277
deepseek-r1_prompt1_false-presuppositions178_1,1,human,agent,0.36,15,291
deepseek-r1_prompt1_false-presuppositions178_2,1,human,agent,0.46,23,259
deepseek-r1_prompt1_false-presuppositions178_3,1,human,agent,0.67,19,272
deepseek-r1_prompt1_false-presuppositions178_4,1,human,agent,0.60,33,323
deepseek-r1_prompt1_false-presuppositions178_5,1,human,agent,0.42,28,307
deepseek-r1_prompt2_false-presuppositions178_1,1,human,agent,0.47,15,136
deepseek-r1_prompt2_false-presuppositions178_2,1,human,agent,0.59,23,246
deepseek-r1_prompt2_false-presuppositions178_3,1,human,agent,0.64,19,254
deepseek-r1_prompt2_false-presuppositions178_4,1,human,agent,0.58,33,249
deepseek-r1_prompt2_false-presuppositions178_5,1,human,agent,0.48,28,273
deepseek-r1_prompt3_false-presuppositions178_1,1,human,agent,0.50,15,198
deepseek-r1_prompt3_false-presuppositions178_2,1,human,agent,0.51,23,255
deepseek-r1_prompt3_false-presuppositions178_3,1,human,agent,0.60,19,276
deepseek-r1_prompt3_false-presuppositions178_4,1,human,agent,0.62,33,250
deepseek-r1_prompt3_false-presuppositions178_5,1,human,agent,0.44,28,292
deepseek-r1_prompt4_false-presuppositions178_1,1,human,agent,0.54,15,133
deepseek-r1_prompt4_false-presuppositions178_2,1,human,agent,0.59,23,249
deepseek-r1_prompt4_false-presuppositions178_3,1,human,agent,0.58,19,255
deepseek-r1_prompt4_false-presuppositions178_4,1,human,agent,0.60,33,279
deepseek-r1_prompt4_false-presuppositions178_5,1,human,agent,0.47,28,280
deepseek-r1_prompt0_false-presuppositions179_1,1
deepseek-r1_prompt0_false-presuppositions179_2,1,human,agent,0.40,18,221
deepseek-r1_prompt0_false-presuppositions179_3,1,human,agent,0.41,16,232
deepseek-r1_prompt0_false-presuppositions179_4,1,human,agent,0.50,32,251
deepseek-r1_prompt0_false-presuppositions179_5,1,human,agent,0.39,30,254
deepseek-r1_prompt1_false-presuppositions179_1,1
deepseek-r1_prompt1_false-presuppositions179_2,1,human,agent,0.35,18,237
deepseek-r1_prompt1_false-presuppositions179_3,1,human,agent,0.42,16,286
deepseek-r1_prompt1_false-presuppositions179_4,1,human,agent,0.51,32,265
deepseek-r1_prompt1_false-presuppositions179_5,1,human,agent,0.51,30,266
deepseek-r1_prompt2_false-presuppositions179_1,1
deepseek-r1_prompt2_false-presuppositions179_2,1,human,agent,0.40,18,198
deepseek-r1_prompt2_false-presuppositions179_3,1,human,agent,0.36,16,228
deepseek-r1_prompt2_false-presuppositions179_4,1,human,agent,0.57,32,241
deepseek-r1_prompt2_false-presuppositions179_5,1,human,agent,0.50,30,266
deepseek-r1_prompt3_false-presuppositions179_1,1
deepseek-r1_prompt3_false-presuppositions179_2,1,human,agent,0.39,18,207
deepseek-r1_prompt3_false-presuppositions179_3,1,human,agent,0.48,16,231
deepseek-r1_prompt3_false-presuppositions179_4,1,human,agent,0.42,32,248
deepseek-r1_prompt3_false-presuppositions179_5,1,human,agent,0.43,30,261
deepseek-r1_prompt4_false-presuppositions179_1,1
deepseek-r1_prompt4_false-presuppositions179_2,1,human,agent,0.33,18,213
deepseek-r1_prompt4_false-presuppositions179_3,1,human,agent,0.31,16,224
deepseek-r1_prompt4_false-presuppositions179_4,1,human,agent,0.43,32,243
deepseek-r1_prompt4_false-presuppositions179_5,1,human,agent,0.45,30,265
deepseek-r1_prompt0_false-presuppositions18_1,1,human,agent,0.64,23,217
deepseek-r1_prompt0_false-presuppositions18_2,1,human,agent,0.57,22,252
deepseek-r1_prompt0_false-presuppositions18_3,1,human,agent,0.47,24,279
deepseek-r1_prompt0_false-presuppositions18_4,1,human,agent,0.77,32,299
deepseek-r1_prompt0_false-presuppositions18_5,1,human,agent,0.60,33,300
deepseek-r1_prompt1_false-presuppositions18_1,1,human,agent,0.52,23,245
deepseek-r1_prompt1_false-presuppositions18_2,1,human,agent,0.57,22,239
deepseek-r1_prompt1_false-presuppositions18_3,1,human,agent,0.49,24,263
deepseek-r1_prompt1_false-presuppositions18_4,1,human,agent,0.70,32,286
deepseek-r1_prompt1_false-presuppositions18_5,1,human,agent,0.56,33,282
deepseek-r1_prompt2_false-presuppositions18_1,1,human,agent,0.46,23,227
deepseek-r1_prompt2_false-presuppositions18_2,1,human,agent,0.64,22,240
deepseek-r1_prompt2_false-presuppositions18_3,1,human,agent,0.52,24,263
deepseek-r1_prompt2_false-presuppositions18_4,1,human,agent,0.82,32,273
deepseek-r1_prompt2_false-presuppositions18_5,1,human,agent,0.62,33,284
deepseek-r1_prompt3_false-presuppositions18_1,1,human,agent,0.53,23,202
deepseek-r1_prompt3_false-presuppositions18_2,1,human,agent,0.51,22,232
deepseek-r1_prompt3_false-presuppositions18_3,1,human,agent,0.38,24,246
deepseek-r1_prompt3_false-presuppositions18_4,1,human,agent,0.62,32,218
deepseek-r1_prompt3_false-presuppositions18_5,1,human,agent,0.52,33,202
deepseek-r1_prompt4_false-presuppositions18_1,1,human,agent,0.43,23,94
deepseek-r1_prompt4_false-presuppositions18_2,1,human,agent,0.59,22,207
deepseek-r1_prompt4_false-presuppositions18_3,1,human,agent,0.49,24,226
deepseek-r1_prompt4_false-presuppositions18_4,1,human,agent,0.75,32,251
deepseek-r1_prompt4_false-presuppositions18_5,1,human,agent,0.60,33,253
deepseek-r1_prompt0_false-presuppositions180_1,1,human,agent,0.36,47,308
deepseek-r1_prompt0_false-presuppositions180_2,1,human,agent,0.47,26,223
deepseek-r1_prompt0_false-presuppositions180_3,1,human,agent,0.58,24,316
deepseek-r1_prompt0_false-presuppositions180_4,1,human,agent,0.57,32,301
deepseek-r1_prompt0_false-presuppositions180_5,1,human,agent,0.41,35,279
deepseek-r1_prompt1_false-presuppositions180_1,1,human,agent,0.33,47,332
deepseek-r1_prompt1_false-presuppositions180_2,1,human,agent,0.52,26,215
deepseek-r1_prompt1_false-presuppositions180_3,1,human,agent,0.45,24,293
deepseek-r1_prompt1_false-presuppositions180_4,1,human,agent,0.57,32,324
deepseek-r1_prompt1_false-presuppositions180_5,1,human,agent,0.57,35,332
deepseek-r1_prompt2_false-presuppositions180_1,1,human,agent,0.45,47,294
deepseek-r1_prompt2_false-presuppositions180_2,1,human,agent,0.72,26,225
deepseek-r1_prompt2_false-presuppositions180_3,1,human,agent,0.62,24,316
deepseek-r1_prompt2_false-presuppositions180_4,1,human,agent,0.68,32,296
deepseek-r1_prompt2_false-presuppositions180_5,1,human,agent,0.49,35,335
deepseek-r1_prompt3_false-presuppositions180_1,1,human,agent,0.34,47,239
deepseek-r1_prompt3_false-presuppositions180_2,1,human,agent,0.41,26,206
deepseek-r1_prompt3_false-presuppositions180_3,1,human,agent,0.51,24,245
deepseek-r1_prompt3_false-presuppositions180_4,1,human,agent,0.58,32,276
deepseek-r1_prompt3_false-presuppositions180_5,1,human,agent,0.45,35,281
deepseek-r1_prompt4_false-presuppositions180_1,1,human,agent,0.50,47,128
deepseek-r1_prompt4_false-presuppositions180_2,1,human,agent,0.49,26,244
deepseek-r1_prompt4_false-presuppositions180_3,1,human,agent,0.50,24,260
deepseek-r1_prompt4_false-presuppositions180_4,1,human,agent,0.60,32,295
deepseek-r1_prompt4_false-presuppositions180_5,1,human,agent,0.41,35,280
deepseek-r1_prompt0_false-presuppositions181_1,1,human,agent,0.44,14,253
deepseek-r1_prompt0_false-presuppositions181_2,1,human,agent,0.53,21,242
deepseek-r1_prompt0_false-presuppositions181_3,1,human,agent,0.65,17,254
deepseek-r1_prompt0_false-presuppositions181_4,1,human,agent,0.31,22,264
deepseek-r1_prompt0_false-presuppositions181_5,1,human,agent,0.46,26,241
deepseek-r1_prompt1_false-presuppositions181_1,1,human,agent,0.37,14,282
deepseek-r1_prompt1_false-presuppositions181_2,1,human,agent,0.51,21,250
deepseek-r1_prompt1_false-presuppositions181_3,1,human,agent,0.66,17,261
deepseek-r1_prompt1_false-presuppositions181_4,1,human,agent,0.30,22,247
deepseek-r1_prompt1_false-presuppositions181_5,1,human,agent,0.46,26,239
deepseek-r1_prompt2_false-presuppositions181_1,1,human,agent,0.42,14,172
deepseek-r1_prompt2_false-presuppositions181_2,1,human,agent,0.49,21,265
deepseek-r1_prompt2_false-presuppositions181_3,1,human,agent,0.65,17,270
deepseek-r1_prompt2_false-presuppositions181_4,1,human,agent,0.34,22,245
deepseek-r1_prompt2_false-presuppositions181_5,1,human,agent,0.53,26,271
deepseek-r1_prompt3_false-presuppositions181_1,1,human,agent,0.43,14,210
deepseek-r1_prompt3_false-presuppositions181_2,1,human,agent,0.48,21,245
deepseek-r1_prompt3_false-presuppositions181_3,1,human,agent,0.58,17,221
deepseek-r1_prompt3_false-presuppositions181_4,1,human,agent,0.31,22,258
deepseek-r1_prompt3_false-presuppositions181_5,1,human,agent,0.49,26,279
deepseek-r1_prompt4_false-presuppositions181_1,1,human,agent,0.52,14,104
deepseek-r1_prompt4_false-presuppositions181_2,1,human,agent,0.51,21,250
deepseek-r1_prompt4_false-presuppositions181_3,1,human,agent,0.65,17,272
deepseek-r1_prompt4_false-presuppositions181_4,1,human,agent,0.29,22,236
deepseek-r1_prompt4_false-presuppositions181_5,1,human,agent,0.49,26,258
deepseek-r1_prompt0_false-presuppositions182_1,1,human,agent,0.36,10,286
deepseek-r1_prompt0_false-presuppositions182_2,1,human,agent,0.43,20,241
deepseek-r1_prompt0_false-presuppositions182_3,1,human,agent,0.57,17,276
deepseek-r1_prompt0_false-presuppositions182_4,1,human,agent,0.64,32,299
deepseek-r1_prompt0_false-presuppositions182_5,1,human,agent,0.50,24,285
deepseek-r1_prompt1_false-presuppositions182_1,1,human,agent,0.32,10,273
deepseek-r1_prompt1_false-presuppositions182_2,1,human,agent,0.61,20,257
deepseek-r1_prompt1_false-presuppositions182_3,1,human,agent,0.51,17,262
deepseek-r1_prompt1_false-presuppositions182_4,1,human,agent,0.63,32,303
deepseek-r1_prompt1_false-presuppositions182_5,1,human,agent,0.54,24,297
deepseek-r1_prompt2_false-presuppositions182_1,1,human,agent,0.40,10,122
deepseek-r1_prompt2_false-presuppositions182_2,1,human,agent,0.56,20,238
deepseek-r1_prompt2_false-presuppositions182_3,1,human,agent,0.58,17,265
deepseek-r1_prompt2_false-presuppositions182_4,1,human,agent,0.60,32,255
deepseek-r1_prompt2_false-presuppositions182_5,1,human,agent,0.49,24,293
deepseek-r1_prompt3_false-presuppositions182_1,1,human,agent,0.31,10,165
deepseek-r1_prompt3_false-presuppositions182_2,1,human,agent,0.53,20,252
deepseek-r1_prompt3_false-presuppositions182_3,1,human,agent,0.47,17,264
deepseek-r1_prompt3_false-presuppositions182_4,1,human,agent,0.60,32,276
deepseek-r1_prompt3_false-presuppositions182_5,1,human,agent,0.43,24,278
deepseek-r1_prompt4_false-presuppositions182_1,1,human,agent,0.38,10,98
deepseek-r1_prompt4_false-presuppositions182_2,1,human,agent,0.43,20,186
deepseek-r1_prompt4_false-presuppositions182_3,1,human,agent,0.55,17,239
deepseek-r1_prompt4_false-presuppositions182_4,1,human,agent,0.69,32,284
deepseek-r1_prompt4_false-presuppositions182_5,1,human,agent,0.53,24,294
deepseek-r1_prompt0_false-presuppositions183_1,1,human,agent,0.60,32,211
deepseek-r1_prompt0_false-presuppositions183_2,1,human,agent,0.49,21,233
deepseek-r1_prompt0_false-presuppositions183_3,1,human,agent,0.82,29,264
deepseek-r1_prompt0_false-presuppositions183_4,1,human,agent,0.68,29,288
deepseek-r1_prompt0_false-presuppositions183_5,1,human,agent,0.56,25,272
deepseek-r1_prompt1_false-presuppositions183_1,1,human,agent,0.57,32,201
deepseek-r1_prompt1_false-presuppositions183_2,1,human,agent,0.46,21,204
deepseek-r1_prompt1_false-presuppositions183_3,1,human,agent,0.79,29,262
deepseek-r1_prompt1_false-presuppositions183_4,1,human,agent,0.75,29,250
deepseek-r1_prompt1_false-presuppositions183_5,1,human,agent,0.65,25,290
deepseek-r1_prompt2_false-presuppositions183_1,1,human,agent,0.64,32,193
deepseek-r1_prompt2_false-presuppositions183_2,1,human,agent,0.53,21,201
deepseek-r1_prompt2_false-presuppositions183_3,1,human,agent,0.81,29,259
deepseek-r1_prompt2_false-presuppositions183_4,1,human,agent,0.70,29,236
deepseek-r1_prompt2_false-presuppositions183_5,1,human,agent,0.57,25,269
deepseek-r1_prompt3_false-presuppositions183_1,1,human,agent,0.62,32,164
deepseek-r1_prompt3_false-presuppositions183_2,1,human,agent,0.44,21,201
deepseek-r1_prompt3_false-presuppositions183_3,1,human,agent,0.75,29,298
deepseek-r1_prompt3_false-presuppositions183_4,1,human,agent,0.72,29,325
deepseek-r1_prompt3_false-presuppositions183_5,1,human,agent,0.57,25,293
deepseek-r1_prompt4_false-presuppositions183_1,1,human,agent,0.64,32,165
deepseek-r1_prompt4_false-presuppositions183_2,1,human,agent,0.53,21,255
deepseek-r1_prompt4_false-presuppositions183_3,1,human,agent,0.76,29,286
deepseek-r1_prompt4_false-presuppositions183_4,1,human,agent,0.70,29,265
deepseek-r1_prompt4_false-presuppositions183_5,1,human,agent,0.60,25,295
deepseek-r1_prompt0_false-presuppositions184_1,1,human,agent,0.85,16,160
deepseek-r1_prompt0_false-presuppositions184_2,1,human,agent,0.54,23,222
deepseek-r1_prompt0_false-presuppositions184_3,1,human,agent,0.71,30,266
deepseek-r1_prompt0_false-presuppositions184_4,1,human,agent,0.63,29,248
deepseek-r1_prompt0_false-presuppositions184_5,1,human,agent,0.74,30,263
deepseek-r1_prompt1_false-presuppositions184_1,1,human,agent,0.54,16,197
deepseek-r1_prompt1_false-presuppositions184_2,1,human,agent,0.53,23,235
deepseek-r1_prompt1_false-presuppositions184_3,1,human,agent,0.74,30,244
deepseek-r1_prompt1_false-presuppositions184_4,1,human,agent,0.60,29,246
deepseek-r1_prompt1_false-presuppositions184_5,1,human,agent,0.71,30,272
deepseek-r1_prompt2_false-presuppositions184_1,1,human,agent,0.60,16,137
deepseek-r1_prompt2_false-presuppositions184_2,1,human,agent,0.64,23,244
deepseek-r1_prompt2_false-presuppositions184_3,1,human,agent,0.71,30,259
deepseek-r1_prompt2_false-presuppositions184_4,1,human,agent,0.70,29,270
deepseek-r1_prompt2_false-presuppositions184_5,1,human,agent,0.72,30,290
deepseek-r1_prompt3_false-presuppositions184_1,1,human,agent,0.57,16,103
deepseek-r1_prompt3_false-presuppositions184_2,1,human,agent,0.46,23,213
deepseek-r1_prompt3_false-presuppositions184_3,1,human,agent,0.71,30,243
deepseek-r1_prompt3_false-presuppositions184_4,1,human,agent,0.57,29,252
deepseek-r1_prompt3_false-presuppositions184_5,1,human,agent,0.66,30,268
deepseek-r1_prompt4_false-presuppositions184_1,1,human,agent,0.45,16,95
deepseek-r1_prompt4_false-presuppositions184_2,1,human,agent,0.53,23,236
deepseek-r1_prompt4_false-presuppositions184_3,1,human,agent,0.78,30,244
deepseek-r1_prompt4_false-presuppositions184_4,1,human,agent,0.61,29,230
deepseek-r1_prompt4_false-presuppositions184_5,1,human,agent,0.76,30,257
deepseek-r1_prompt0_false-presuppositions185_1,1,human,agent,0.37,11,171
deepseek-r1_prompt0_false-presuppositions185_2,1,human,agent,0.43,14,232
deepseek-r1_prompt0_false-presuppositions185_3,1,human,agent,0.43,16,242
deepseek-r1_prompt0_false-presuppositions185_4,1,human,agent,0.69,25,254
deepseek-r1_prompt0_false-presuppositions185_5,1,human,agent,0.40,25,250
deepseek-r1_prompt1_false-presuppositions185_1,1,human,agent,0.40,11,181
deepseek-r1_prompt1_false-presuppositions185_2,1,human,agent,0.44,14,214
deepseek-r1_prompt1_false-presuppositions185_3,1,human,agent,0.40,16,245
deepseek-r1_prompt1_false-presuppositions185_4,1,human,agent,0.67,25,222
deepseek-r1_prompt1_false-presuppositions185_5,1,human,agent,0.62,25,230
deepseek-r1_prompt2_false-presuppositions185_1,1,human,agent,0.54,11,102
deepseek-r1_prompt2_false-presuppositions185_2,1,human,agent,0.50,14,234
deepseek-r1_prompt2_false-presuppositions185_3,1,human,agent,0.43,16,258
deepseek-r1_prompt2_false-presuppositions185_4,1,human,agent,0.69,25,264
deepseek-r1_prompt2_false-presuppositions185_5,1,human,agent,0.49,25,268
deepseek-r1_prompt3_false-presuppositions185_1,1,human,agent,0.34,11,134
deepseek-r1_prompt3_false-presuppositions185_2,1,human,agent,0.40,14,191
deepseek-r1_prompt3_false-presuppositions185_3,1,human,agent,0.40,16,252
deepseek-r1_prompt3_false-presuppositions185_4,1,human,agent,0.63,25,233
deepseek-r1_prompt3_false-presuppositions185_5,1,human,agent,0.49,25,272
deepseek-r1_prompt4_false-presuppositions185_1,1,human,agent,0.46,11,80
deepseek-r1_prompt4_false-presuppositions185_2,1,human,agent,0.50,14,157
deepseek-r1_prompt4_false-presuppositions185_3,1,human,agent,0.48,16,233
deepseek-r1_prompt4_false-presuppositions185_4,1,human,agent,0.71,25,251
deepseek-r1_prompt4_false-presuppositions185_5,1,human,agent,0.58,25,254
deepseek-r1_prompt0_false-presuppositions186_1,1,human,agent,0.44,16,312
deepseek-r1_prompt0_false-presuppositions186_2,1,human,agent,0.46,23,243
deepseek-r1_prompt0_false-presuppositions186_3,1,human,agent,0.55,23,264
deepseek-r1_prompt0_false-presuppositions186_4,1,human,agent,0.58,27,299
deepseek-r1_prompt0_false-presuppositions186_5,1,human,agent,0.58,28,255
deepseek-r1_prompt1_false-presuppositions186_1,1,human,agent,0.41,16,279
deepseek-r1_prompt1_false-presuppositions186_2,1,human,agent,0.46,23,239
deepseek-r1_prompt1_false-presuppositions186_3,1,human,agent,0.58,23,258
deepseek-r1_prompt1_false-presuppositions186_4,1,human,agent,0.54,27,288
deepseek-r1_prompt1_false-presuppositions186_5,1,human,agent,0.65,28,266
deepseek-r1_prompt2_false-presuppositions186_1,1,human,agent,0.48,16,220
deepseek-r1_prompt2_false-presuppositions186_2,1,human,agent,0.50,23,230
deepseek-r1_prompt2_false-presuppositions186_3,1,human,agent,0.55,23,242
deepseek-r1_prompt2_false-presuppositions186_4,1,human,agent,0.67,27,269
deepseek-r1_prompt2_false-presuppositions186_5,1,human,agent,0.70,28,258
deepseek-r1_prompt3_false-presuppositions186_1,1,human,agent,0.57,16,208
deepseek-r1_prompt3_false-presuppositions186_2,1,human,agent,0.40,23,252
deepseek-r1_prompt3_false-presuppositions186_3,1,human,agent,0.69,23,244
deepseek-r1_prompt3_false-presuppositions186_4,1,human,agent,0.54,27,258
deepseek-r1_prompt3_false-presuppositions186_5,1,human,agent,0.62,28,268
deepseek-r1_prompt4_false-presuppositions186_1,1,human,agent,0.56,16,165
deepseek-r1_prompt4_false-presuppositions186_2,1,human,agent,0.54,23,212
deepseek-r1_prompt4_false-presuppositions186_3,1,human,agent,0.59,23,271
deepseek-r1_prompt4_false-presuppositions186_4,1,human,agent,0.61,27,305
deepseek-r1_prompt4_false-presuppositions186_5,1,human,agent,0.64,28,316
deepseek-r1_prompt0_false-presuppositions187_1,1,human,agent,0.36,11,155
deepseek-r1_prompt0_false-presuppositions187_2,1,human,agent,0.57,19,234
deepseek-r1_prompt0_false-presuppositions187_3,1,human,agent,0.41,20,293
deepseek-r1_prompt0_false-presuppositions187_4,1,human,agent,0.55,28,275
deepseek-r1_prompt0_false-presuppositions187_5,1,human,agent,0.48,23,265
deepseek-r1_prompt1_false-presuppositions187_1,1,human,agent,0.35,11,159
deepseek-r1_prompt1_false-presuppositions187_2,1,human,agent,0.62,19,217
deepseek-r1_prompt1_false-presuppositions187_3,1,human,agent,0.37,20,256
deepseek-r1_prompt1_false-presuppositions187_4,1,human,agent,0.60,28,294
deepseek-r1_prompt1_false-presuppositions187_5,1,human,agent,0.52,23,280
deepseek-r1_prompt2_false-presuppositions187_1,1,human,agent,0.42,11,154
deepseek-r1_prompt2_false-presuppositions187_2,1,human,agent,0.65,19,225
deepseek-r1_prompt2_false-presuppositions187_3,1,human,agent,0.42,20,266
deepseek-r1_prompt2_false-presuppositions187_4,1,human,agent,0.65,28,293
deepseek-r1_prompt2_false-presuppositions187_5,1,human,agent,0.49,23,295
deepseek-r1_prompt3_false-presuppositions187_1,1,human,agent,0.49,11,153
deepseek-r1_prompt3_false-presuppositions187_2,1,human,agent,0.61,19,243
deepseek-r1_prompt3_false-presuppositions187_3,1,human,agent,0.38,20,251
deepseek-r1_prompt3_false-presuppositions187_4,1,human,agent,0.60,28,278
deepseek-r1_prompt3_false-presuppositions187_5,1,human,agent,0.43,23,296
deepseek-r1_prompt4_false-presuppositions187_1,1,human,agent,0.35,11,106
deepseek-r1_prompt4_false-presuppositions187_2,1,human,agent,0.56,19,229
deepseek-r1_prompt4_false-presuppositions187_3,1,human,agent,0.38,20,268
deepseek-r1_prompt4_false-presuppositions187_4,1,human,agent,0.63,28,288
deepseek-r1_prompt4_false-presuppositions187_5,1,human,agent,0.47,23,315
deepseek-r1_prompt0_false-presuppositions188_1,1,human,agent,0.57,20,240
deepseek-r1_prompt0_false-presuppositions188_2,1,human,agent,0.55,21,265
deepseek-r1_prompt0_false-presuppositions188_3,1,human,agent,0.49,27,256
deepseek-r1_prompt0_false-presuppositions188_4,1,human,agent,0.57,30,215
deepseek-r1_prompt0_false-presuppositions188_5,1,human,agent,0.50,36,282
deepseek-r1_prompt1_false-presuppositions188_1,1,human,agent,0.54,20,217
deepseek-r1_prompt1_false-presuppositions188_2,1,human,agent,0.60,21,240
deepseek-r1_prompt1_false-presuppositions188_3,1,human,agent,0.53,27,277
deepseek-r1_prompt1_false-presuppositions188_4,1,human,agent,0.54,30,275
deepseek-r1_prompt1_false-presuppositions188_5,1,human,agent,0.52,36,270
deepseek-r1_prompt2_false-presuppositions188_1,1,human,agent,0.39,20,115
deepseek-r1_prompt2_false-presuppositions188_2,1,human,agent,0.57,21,289
deepseek-r1_prompt2_false-presuppositions188_3,1,human,agent,0.56,27,312
deepseek-r1_prompt2_false-presuppositions188_4,1,human,agent,0.58,30,329
deepseek-r1_prompt2_false-presuppositions188_5,1,human,agent,0.57,36,323
deepseek-r1_prompt3_false-presuppositions188_1,1,human,agent,0.58,20,216
deepseek-r1_prompt3_false-presuppositions188_2,1,human,agent,0.50,21,240
deepseek-r1_prompt3_false-presuppositions188_3,1,human,agent,0.60,27,243
deepseek-r1_prompt3_false-presuppositions188_4,1,human,agent,0.56,30,269
deepseek-r1_prompt3_false-presuppositions188_5,1,human,agent,0.48,36,289
deepseek-r1_prompt4_false-presuppositions188_1,1,human,agent,0.56,20,96
deepseek-r1_prompt4_false-presuppositions188_2,1,human,agent,0.58,21,254
deepseek-r1_prompt4_false-presuppositions188_3,1,human,agent,0.51,27,262
deepseek-r1_prompt4_false-presuppositions188_4,1,human,agent,0.49,30,268
deepseek-r1_prompt4_false-presuppositions188_5,1,human,agent,0.48,36,296
deepseek-r1_prompt0_false-presuppositions189_1,1,human,agent,0.70,32,233
deepseek-r1_prompt0_false-presuppositions189_2,1,human,agent,0.31,20,225
deepseek-r1_prompt0_false-presuppositions189_3,1,human,agent,0.53,24,280
deepseek-r1_prompt0_false-presuppositions189_4,1,human,agent,0.36,29,300
deepseek-r1_prompt0_false-presuppositions189_5,1,human,agent,0.32,21,332
deepseek-r1_prompt1_false-presuppositions189_1,1,human,agent,0.73,32,241
deepseek-r1_prompt1_false-presuppositions189_2,1,human,agent,0.34,20,243
deepseek-r1_prompt1_false-presuppositions189_3,1,human,agent,0.50,24,267
deepseek-r1_prompt1_false-presuppositions189_4,1,human,agent,0.49,29,268
deepseek-r1_prompt1_false-presuppositions189_5,1,human,agent,0.35,21,256
deepseek-r1_prompt2_false-presuppositions189_1,1,human,agent,0.59,32,191
deepseek-r1_prompt2_false-presuppositions189_2,1,human,agent,0.39,20,247
deepseek-r1_prompt2_false-presuppositions189_3,1,human,agent,0.51,24,262
deepseek-r1_prompt2_false-presuppositions189_4,1,human,agent,0.53,29,240
deepseek-r1_prompt2_false-presuppositions189_5,1,human,agent,0.32,21,272
deepseek-r1_prompt3_false-presuppositions189_1,1,human,agent,0.68,32,208
deepseek-r1_prompt3_false-presuppositions189_2,1,human,agent,0.30,20,231
deepseek-r1_prompt3_false-presuppositions189_3,1,human,agent,0.48,24,283
deepseek-r1_prompt3_false-presuppositions189_4,1,human,agent,0.38,29,255
deepseek-r1_prompt3_false-presuppositions189_5,1,human,agent,0.28,21,277
deepseek-r1_prompt4_false-presuppositions189_1,1,human,agent,0.68,32,108
deepseek-r1_prompt4_false-presuppositions189_2,1,human,agent,0.39,20,185
deepseek-r1_prompt4_false-presuppositions189_3,1,human,agent,0.49,24,221
deepseek-r1_prompt4_false-presuppositions189_4,1,human,agent,0.52,29,243
deepseek-r1_prompt4_false-presuppositions189_5,1,human,agent,0.32,21,281
deepseek-r1_prompt0_false-presuppositions19_1,1,human,agent,0.52,25,227
deepseek-r1_prompt0_false-presuppositions19_2,1,human,agent,0.63,25,225
deepseek-r1_prompt0_false-presuppositions19_3,1,human,agent,0.51,22,211
deepseek-r1_prompt0_false-presuppositions19_4,1,human,agent,0.60,29,271
deepseek-r1_prompt0_false-presuppositions19_5,1,human,agent,0.46,25,284
deepseek-r1_prompt1_false-presuppositions19_1,1,human,agent,0.59,25,175
deepseek-r1_prompt1_false-presuppositions19_2,1,human,agent,0.50,25,223
deepseek-r1_prompt1_false-presuppositions19_3,1,human,agent,0.50,22,259
deepseek-r1_prompt1_false-presuppositions19_4,1,human,agent,0.62,29,286
deepseek-r1_prompt1_false-presuppositions19_5,1,human,agent,0.48,25,305
deepseek-r1_prompt2_false-presuppositions19_1,1,human,agent,0.66,25,140
deepseek-r1_prompt2_false-presuppositions19_2,1,human,agent,0.59,25,259
deepseek-r1_prompt2_false-presuppositions19_3,1,human,agent,0.57,22,272
deepseek-r1_prompt2_false-presuppositions19_4,1,human,agent,0.60,29,312
deepseek-r1_prompt2_false-presuppositions19_5,1,human,agent,0.49,25,313
deepseek-r1_prompt3_false-presuppositions19_1,1,human,agent,0.60,25,163
deepseek-r1_prompt3_false-presuppositions19_2,1,human,agent,0.51,25,239
deepseek-r1_prompt3_false-presuppositions19_3,1,human,agent,0.45,22,271
deepseek-r1_prompt3_false-presuppositions19_4,1,human,agent,0.59,29,283
deepseek-r1_prompt3_false-presuppositions19_5,1,human,agent,0.47,25,302
deepseek-r1_prompt4_false-presuppositions19_1,1,human,agent,0.58,25,160
deepseek-r1_prompt4_false-presuppositions19_2,1,human,agent,0.55,25,209
deepseek-r1_prompt4_false-presuppositions19_3,1,human,agent,0.51,22,280
deepseek-r1_prompt4_false-presuppositions19_4,1,human,agent,0.58,29,292
deepseek-r1_prompt4_false-presuppositions19_5,1,human,agent,0.47,25,297
deepseek-r1_prompt0_false-presuppositions190_1,1
deepseek-r1_prompt0_false-presuppositions190_2,1,human,agent,0.41,17,224
deepseek-r1_prompt0_false-presuppositions190_3,1,human,agent,0.36,13,221
deepseek-r1_prompt0_false-presuppositions190_4,1,human,agent,0.56,18,195
deepseek-r1_prompt0_false-presuppositions190_5,1,human,agent,0.66,23,220
deepseek-r1_prompt1_false-presuppositions190_1,1
deepseek-r1_prompt1_false-presuppositions190_2,1,human,agent,0.42,17,231
deepseek-r1_prompt1_false-presuppositions190_3,1,human,agent,0.43,13,219
deepseek-r1_prompt1_false-presuppositions190_4,1,human,agent,0.54,18,209
deepseek-r1_prompt1_false-presuppositions190_5,1,human,agent,0.66,23,264
deepseek-r1_prompt2_false-presuppositions190_1,1
deepseek-r1_prompt2_false-presuppositions190_2,1,human,agent,0.43,17,208
deepseek-r1_prompt2_false-presuppositions190_3,1,human,agent,0.46,13,232
deepseek-r1_prompt2_false-presuppositions190_4,1,human,agent,0.65,18,224
deepseek-r1_prompt2_false-presuppositions190_5,1,human,agent,0.74,23,238
deepseek-r1_prompt3_false-presuppositions190_1,1
deepseek-r1_prompt3_false-presuppositions190_2,1,human,agent,0.40,17,177
deepseek-r1_prompt3_false-presuppositions190_3,1,human,agent,0.40,13,173
deepseek-r1_prompt3_false-presuppositions190_4,1,human,agent,0.47,18,177
deepseek-r1_prompt3_false-presuppositions190_5,1,human,agent,0.63,23,245
deepseek-r1_prompt4_false-presuppositions190_1,1
deepseek-r1_prompt4_false-presuppositions190_2,1,human,agent,0.44,17,242
deepseek-r1_prompt4_false-presuppositions190_3,1,human,agent,0.45,13,242
deepseek-r1_prompt4_false-presuppositions190_4,1,human,agent,0.59,18,235
deepseek-r1_prompt4_false-presuppositions190_5,1,human,agent,0.65,23,265
deepseek-r1_prompt0_false-presuppositions191_1,1,human,agent,0.44,11,161
deepseek-r1_prompt0_false-presuppositions191_2,1,human,agent,0.48,17,183
deepseek-r1_prompt0_false-presuppositions191_3,1,human,agent,0.62,22,207
deepseek-r1_prompt0_false-presuppositions191_4,1,human,agent,0.46,37,205
deepseek-r1_prompt0_false-presuppositions191_5,1,human,agent,0.54,30,215
deepseek-r1_prompt1_false-presuppositions191_1,1,human,agent,0.43,11,190
deepseek-r1_prompt1_false-presuppositions191_2,1,human,agent,0.47,17,168
deepseek-r1_prompt1_false-presuppositions191_3,1,human,agent,0.57,22,192
deepseek-r1_prompt1_false-presuppositions191_4,1,human,agent,0.51,37,205
deepseek-r1_prompt1_false-presuppositions191_5,1,human,agent,0.64,30,247
deepseek-r1_prompt2_false-presuppositions191_1,1,human,agent,0.58,11,106
deepseek-r1_prompt2_false-presuppositions191_2,1,human,agent,0.49,17,251
deepseek-r1_prompt2_false-presuppositions191_3,1,human,agent,0.69,22,260
deepseek-r1_prompt2_false-presuppositions191_4,1,human,agent,0.60,37,254
deepseek-r1_prompt2_false-presuppositions191_5,1,human,agent,0.69,30,263
deepseek-r1_prompt3_false-presuppositions191_1,1,human,agent,0.31,11,183
deepseek-r1_prompt3_false-presuppositions191_2,1,human,agent,0.41,17,222
deepseek-r1_prompt3_false-presuppositions191_3,1,human,agent,0.63,22,206
deepseek-r1_prompt3_false-presuppositions191_4,1,human,agent,0.59,37,185
deepseek-r1_prompt3_false-presuppositions191_5,1,human,agent,0.49,30,205
deepseek-r1_prompt4_false-presuppositions191_1,1,human,agent,0.59,11,84
deepseek-r1_prompt4_false-presuppositions191_2,1,human,agent,0.53,17,190
deepseek-r1_prompt4_false-presuppositions191_3,1,human,agent,0.69,22,239
deepseek-r1_prompt4_false-presuppositions191_4,1,human,agent,0.57,37,224
deepseek-r1_prompt4_false-presuppositions191_5,1,human,agent,0.61,30,239
deepseek-r1_prompt0_false-presuppositions192_1,1,human,agent,0.33,13,246
deepseek-r1_prompt0_false-presuppositions192_2,1,human,agent,0.61,21,244
deepseek-r1_prompt0_false-presuppositions192_3,1,human,agent,0.46,20,246
deepseek-r1_prompt0_false-presuppositions192_4,1,human,agent,0.45,25,280
deepseek-r1_prompt0_false-presuppositions192_5,1,human,agent,0.58,24,286
deepseek-r1_prompt1_false-presuppositions192_1,1,human,agent,0.32,13,202
deepseek-r1_prompt1_false-presuppositions192_2,1,human,agent,0.66,21,229
deepseek-r1_prompt1_false-presuppositions192_3,1,human,agent,0.46,20,210
deepseek-r1_prompt1_false-presuppositions192_4,1,human,agent,0.54,25,206
deepseek-r1_prompt1_false-presuppositions192_5,1,human,agent,0.58,24,236
deepseek-r1_prompt2_false-presuppositions192_1,1,human,agent,0.47,13,140
deepseek-r1_prompt2_false-presuppositions192_2,1,human,agent,0.67,21,230
deepseek-r1_prompt2_false-presuppositions192_3,1,human,agent,0.65,20,248
deepseek-r1_prompt2_false-presuppositions192_4,1,human,agent,0.50,25,276
deepseek-r1_prompt2_false-presuppositions192_5,1,human,agent,0.58,24,288
deepseek-r1_prompt3_false-presuppositions192_1,1,human,agent,0.33,13,224
deepseek-r1_prompt3_false-presuppositions192_2,1,human,agent,0.53,21,227
deepseek-r1_prompt3_false-presuppositions192_3,1,human,agent,0.49,20,238
deepseek-r1_prompt3_false-presuppositions192_4,1,human,agent,0.47,25,250
deepseek-r1_prompt3_false-presuppositions192_5,1,human,agent,0.59,24,262
deepseek-r1_prompt4_false-presuppositions192_1,1,human,agent,0.40,13,120
deepseek-r1_prompt4_false-presuppositions192_2,1,human,agent,0.69,21,220
deepseek-r1_prompt4_false-presuppositions192_3,1,human,agent,0.57,20,264
deepseek-r1_prompt4_false-presuppositions192_4,1,human,agent,0.49,25,261
deepseek-r1_prompt4_false-presuppositions192_5,1,human,agent,0.57,24,282
deepseek-r1_prompt0_false-presuppositions193_1,1,human,agent,0.51,16,294
deepseek-r1_prompt0_false-presuppositions193_2,1,human,agent,0.40,21,254
deepseek-r1_prompt0_false-presuppositions193_3,1,human,agent,0.48,20,295
deepseek-r1_prompt0_false-presuppositions193_4,1,human,agent,0.38,24,267
deepseek-r1_prompt0_false-presuppositions193_5,1,human,agent,0.52,20,294
deepseek-r1_prompt1_false-presuppositions193_1,1,human,agent,0.36,16,254
deepseek-r1_prompt1_false-presuppositions193_2,1,human,agent,0.45,21,273
deepseek-r1_prompt1_false-presuppositions193_3,1,human,agent,0.53,20,280
deepseek-r1_prompt1_false-presuppositions193_4,1,human,agent,0.40,24,294
deepseek-r1_prompt1_false-presuppositions193_5,1,human,agent,0.54,20,278
deepseek-r1_prompt2_false-presuppositions193_1,1,human,agent,0.36,16,163
deepseek-r1_prompt2_false-presuppositions193_2,1,human,agent,0.55,21,211
deepseek-r1_prompt2_false-presuppositions193_3,1,human,agent,0.59,20,245
deepseek-r1_prompt2_false-presuppositions193_4,1,human,agent,0.43,24,252
deepseek-r1_prompt2_false-presuppositions193_5,1,human,agent,0.47,20,258
deepseek-r1_prompt3_false-presuppositions193_1,1,human,agent,0.46,16,212
deepseek-r1_prompt3_false-presuppositions193_2,1,human,agent,0.41,21,237
deepseek-r1_prompt3_false-presuppositions193_3,1,human,agent,0.39,20,243
deepseek-r1_prompt3_false-presuppositions193_4,1,human,agent,0.38,24,292
deepseek-r1_prompt3_false-presuppositions193_5,1,human,agent,0.53,20,302
deepseek-r1_prompt4_false-presuppositions193_1,1,human,agent,0.41,16,122
deepseek-r1_prompt4_false-presuppositions193_2,1,human,agent,0.52,21,237
deepseek-r1_prompt4_false-presuppositions193_3,1,human,agent,0.52,20,295
deepseek-r1_prompt4_false-presuppositions193_4,1,human,agent,0.43,24,284
deepseek-r1_prompt4_false-presuppositions193_5,1,human,agent,0.56,20,304
deepseek-r1_prompt0_false-presuppositions194_1,1,human,agent,0.31,25,244
deepseek-r1_prompt0_false-presuppositions194_2,1,human,agent,0.55,24,262
deepseek-r1_prompt0_false-presuppositions194_3,1,human,agent,0.21,14,273
deepseek-r1_prompt0_false-presuppositions194_4,1,human,agent,0.47,22,275
deepseek-r1_prompt0_false-presuppositions194_5,1,human,agent,0.50,32,275
deepseek-r1_prompt1_false-presuppositions194_1,1,human,agent,0.30,25,264
deepseek-r1_prompt1_false-presuppositions194_2,1,human,agent,0.56,24,291
deepseek-r1_prompt1_false-presuppositions194_3,1,human,agent,0.23,14,336
deepseek-r1_prompt1_false-presuppositions194_4,1,human,agent,0.54,22,291
deepseek-r1_prompt1_false-presuppositions194_5,1,human,agent,0.53,32,220
deepseek-r1_prompt2_false-presuppositions194_1,1,human,agent,0.36,25,267
deepseek-r1_prompt2_false-presuppositions194_2,1,human,agent,0.49,24,287
deepseek-r1_prompt2_false-presuppositions194_3,1,human,agent,0.22,14,273
deepseek-r1_prompt2_false-presuppositions194_4,1,human,agent,0.55,22,276
deepseek-r1_prompt2_false-presuppositions194_5,1,human,agent,0.49,32,281
deepseek-r1_prompt3_false-presuppositions194_1,1,human,agent,0.30,25,291
deepseek-r1_prompt3_false-presuppositions194_2,1,human,agent,0.43,24,246
deepseek-r1_prompt3_false-presuppositions194_3,1,human,agent,0.23,14,265
deepseek-r1_prompt3_false-presuppositions194_4,1,human,agent,0.56,22,236
deepseek-r1_prompt3_false-presuppositions194_5,1,human,agent,0.48,32,286
deepseek-r1_prompt4_false-presuppositions194_1,1,human,agent,0.38,25,234
deepseek-r1_prompt4_false-presuppositions194_2,1,human,agent,0.53,24,254
deepseek-r1_prompt4_false-presuppositions194_3,1,human,agent,0.23,14,265
deepseek-r1_prompt4_false-presuppositions194_4,1,human,agent,0.53,22,217
deepseek-r1_prompt4_false-presuppositions194_5,1,human,agent,0.52,32,242
deepseek-r1_prompt0_false-presuppositions195_1,1,human,agent,0.48,33,280
deepseek-r1_prompt0_false-presuppositions195_2,1,human,agent,0.33,21,207
deepseek-r1_prompt0_false-presuppositions195_3,1,human,agent,0.60,24,252
deepseek-r1_prompt0_false-presuppositions195_4,1,human,agent,0.57,28,256
deepseek-r1_prompt0_false-presuppositions195_5,1,human,agent,0.39,24,253
deepseek-r1_prompt1_false-presuppositions195_1,1,human,agent,0.49,33,290
deepseek-r1_prompt1_false-presuppositions195_2,1,human,agent,0.37,21,270
deepseek-r1_prompt1_false-presuppositions195_3,1,human,agent,0.59,24,266
deepseek-r1_prompt1_false-presuppositions195_4,1,human,agent,0.52,28,246
deepseek-r1_prompt1_false-presuppositions195_5,1,human,agent,0.40,24,257
deepseek-r1_prompt2_false-presuppositions195_1,1,human,agent,0.66,33,211
deepseek-r1_prompt2_false-presuppositions195_2,1,human,agent,0.42,21,245
deepseek-r1_prompt2_false-presuppositions195_3,1,human,agent,0.65,24,254
deepseek-r1_prompt2_false-presuppositions195_4,1,human,agent,0.70,28,250
deepseek-r1_prompt2_false-presuppositions195_5,1,human,agent,0.49,24,262
deepseek-r1_prompt3_false-presuppositions195_1,1,human,agent,0.53,33,272
deepseek-r1_prompt3_false-presuppositions195_2,1,human,agent,0.31,21,215
deepseek-r1_prompt3_false-presuppositions195_3,1,human,agent,0.55,24,237
deepseek-r1_prompt3_false-presuppositions195_4,1,human,agent,0.52,28,258
deepseek-r1_prompt3_false-presuppositions195_5,1,human,agent,0.39,24,261
deepseek-r1_prompt4_false-presuppositions195_1,1,human,agent,0.60,33,124
deepseek-r1_prompt4_false-presuppositions195_2,1,human,agent,0.45,21,245
deepseek-r1_prompt4_false-presuppositions195_3,1,human,agent,0.56,24,256
deepseek-r1_prompt4_false-presuppositions195_4,1,human,agent,0.56,28,266
deepseek-r1_prompt4_false-presuppositions195_5,1,human,agent,0.45,24,262
deepseek-r1_prompt0_false-presuppositions196_1,1,human,agent,0.39,20,291
deepseek-r1_prompt0_false-presuppositions196_2,1,human,agent,0.25,17,237
deepseek-r1_prompt0_false-presuppositions196_3,1,human,agent,0.27,22,239
deepseek-r1_prompt0_false-presuppositions196_4,1,human,agent,0.43,31,269
deepseek-r1_prompt0_false-presuppositions196_5,1,human,agent,0.70,37,310
deepseek-r1_prompt1_false-presuppositions196_1,1,human,agent,0.43,20,336
deepseek-r1_prompt1_false-presuppositions196_2,1,human,agent,0.24,17,251
deepseek-r1_prompt1_false-presuppositions196_3,1,human,agent,0.27,22,267
deepseek-r1_prompt1_false-presuppositions196_4,1,human,agent,0.39,31,294
deepseek-r1_prompt1_false-presuppositions196_5,1,human,agent,0.52,37,277
deepseek-r1_prompt2_false-presuppositions196_1,1,human,agent,0.39,20,238
deepseek-r1_prompt2_false-presuppositions196_2,1,human,agent,0.30,17,260
deepseek-r1_prompt2_false-presuppositions196_3,1,human,agent,0.44,22,261
deepseek-r1_prompt2_false-presuppositions196_4,1,human,agent,0.53,31,278
deepseek-r1_prompt2_false-presuppositions196_5,1,human,agent,0.66,37,310
deepseek-r1_prompt3_false-presuppositions196_1,1,human,agent,0.52,20,290
deepseek-r1_prompt3_false-presuppositions196_2,1,human,agent,0.31,17,256
deepseek-r1_prompt3_false-presuppositions196_3,1,human,agent,0.31,22,283
deepseek-r1_prompt3_false-presuppositions196_4,1,human,agent,0.48,31,278
deepseek-r1_prompt3_false-presuppositions196_5,1,human,agent,0.53,37,283
deepseek-r1_prompt4_false-presuppositions196_1,1,human,agent,0.35,20,195
deepseek-r1_prompt4_false-presuppositions196_2,1,human,agent,0.36,17,255
deepseek-r1_prompt4_false-presuppositions196_3,1,human,agent,0.35,22,290
deepseek-r1_prompt4_false-presuppositions196_4,1,human,agent,0.49,31,280
deepseek-r1_prompt4_false-presuppositions196_5,1,human,agent,0.59,37,300
deepseek-r1_prompt0_false-presuppositions197_1,1,human,agent,0.28,13,206
deepseek-r1_prompt0_false-presuppositions197_2,1,human,agent,0.59,22,235
deepseek-r1_prompt0_false-presuppositions197_3,1,human,agent,0.46,19,222
deepseek-r1_prompt0_false-presuppositions197_4,1,human,agent,0.54,31,263
deepseek-r1_prompt0_false-presuppositions197_5,1,human,agent,0.68,25,273
deepseek-r1_prompt1_false-presuppositions197_1,1,human,agent,0.23,13,234
deepseek-r1_prompt1_false-presuppositions197_2,1,human,agent,0.64,22,226
deepseek-r1_prompt1_false-presuppositions197_3,1,human,agent,0.53,19,256
deepseek-r1_prompt1_false-presuppositions197_4,1,human,agent,0.49,31,280
deepseek-r1_prompt1_false-presuppositions197_5,1,human,agent,0.63,25,265
deepseek-r1_prompt2_false-presuppositions197_1,1,human,agent,0.40,13,128
deepseek-r1_prompt2_false-presuppositions197_2,1,human,agent,0.58,22,243
deepseek-r1_prompt2_false-presuppositions197_3,1,human,agent,0.50,19,247
deepseek-r1_prompt2_false-presuppositions197_4,1,human,agent,0.51,31,305
deepseek-r1_prompt2_false-presuppositions197_5,1,human,agent,0.62,25,279
deepseek-r1_prompt3_false-presuppositions197_1,1,human,agent,0.33,13,193
deepseek-r1_prompt3_false-presuppositions197_2,1,human,agent,0.62,22,259
deepseek-r1_prompt3_false-presuppositions197_3,1,human,agent,0.48,19,265
deepseek-r1_prompt3_false-presuppositions197_4,1,human,agent,0.56,31,272
deepseek-r1_prompt3_false-presuppositions197_5,1,human,agent,0.56,25,246
deepseek-r1_prompt4_false-presuppositions197_1,1,human,agent,0.38,13,123
deepseek-r1_prompt4_false-presuppositions197_2,1,human,agent,0.65,22,216
deepseek-r1_prompt4_false-presuppositions197_3,1,human,agent,0.47,19,221
deepseek-r1_prompt4_false-presuppositions197_4,1,human,agent,0.47,31,271
deepseek-r1_prompt4_false-presuppositions197_5,1,human,agent,0.62,25,256
deepseek-r1_prompt0_false-presuppositions198_1,1
deepseek-r1_prompt0_false-presuppositions198_2,1,human,agent,0.28,16,245
deepseek-r1_prompt0_false-presuppositions198_3,1,human,agent,0.54,21,262
deepseek-r1_prompt0_false-presuppositions198_4,1,human,agent,0.58,27,264
deepseek-r1_prompt0_false-presuppositions198_5,1,human,agent,0.33,19,243
deepseek-r1_prompt1_false-presuppositions198_1,1
deepseek-r1_prompt1_false-presuppositions198_2,1,human,agent,0.41,16,259
deepseek-r1_prompt1_false-presuppositions198_3,1,human,agent,0.63,21,282
deepseek-r1_prompt1_false-presuppositions198_4,1,human,agent,0.61,27,280
deepseek-r1_prompt1_false-presuppositions198_5,1,human,agent,0.38,19,266
deepseek-r1_prompt2_false-presuppositions198_1,1
deepseek-r1_prompt2_false-presuppositions198_2,1,human,agent,0.32,16,252
deepseek-r1_prompt2_false-presuppositions198_3,1,human,agent,0.63,21,320
deepseek-r1_prompt2_false-presuppositions198_4,1,human,agent,0.66,27,331
deepseek-r1_prompt2_false-presuppositions198_5,1,human,agent,0.41,19,321
deepseek-r1_prompt3_false-presuppositions198_1,1
deepseek-r1_prompt3_false-presuppositions198_2,1,human,agent,0.39,16,237
deepseek-r1_prompt3_false-presuppositions198_3,1,human,agent,0.60,21,257
deepseek-r1_prompt3_false-presuppositions198_4,1,human,agent,0.59,27,277
deepseek-r1_prompt3_false-presuppositions198_5,1,human,agent,0.33,19,299
deepseek-r1_prompt4_false-presuppositions198_1,1
deepseek-r1_prompt4_false-presuppositions198_2,1,human,agent,0.28,16,245
deepseek-r1_prompt4_false-presuppositions198_3,1,human,agent,0.61,21,301
deepseek-r1_prompt4_false-presuppositions198_4,1,human,agent,0.59,27,314
deepseek-r1_prompt4_false-presuppositions198_5,1,human,agent,0.36,19,300
deepseek-r1_prompt0_false-presuppositions199_1,1,human,agent,0.55,35,310
deepseek-r1_prompt0_false-presuppositions199_2,1,human,agent,0.57,22,258
deepseek-r1_prompt0_false-presuppositions199_3,1,human,agent,0.71,34,328
deepseek-r1_prompt0_false-presuppositions199_4,1,human,agent,0.74,36,327
deepseek-r1_prompt0_false-presuppositions199_5,1,human,agent,0.63,32,317
deepseek-r1_prompt1_false-presuppositions199_1,1,human,agent,0.51,35,294
deepseek-r1_prompt1_false-presuppositions199_2,1,human,agent,0.62,22,245
deepseek-r1_prompt1_false-presuppositions199_3,1,human,agent,0.67,34,278
deepseek-r1_prompt1_false-presuppositions199_4,1,human,agent,0.70,36,279
deepseek-r1_prompt1_false-presuppositions199_5,1,human,agent,0.65,32,310
deepseek-r1_prompt2_false-presuppositions199_1,1,human,agent,0.54,35,115
deepseek-r1_prompt2_false-presuppositions199_2,1,human,agent,0.62,22,254
deepseek-r1_prompt2_false-presuppositions199_3,1,human,agent,0.74,34,275
deepseek-r1_prompt2_false-presuppositions199_4,1,human,agent,0.79,36,304
deepseek-r1_prompt2_false-presuppositions199_5,1,human,agent,0.68,32,347
deepseek-r1_prompt3_false-presuppositions199_1,1,human,agent,0.57,35,169
deepseek-r1_prompt3_false-presuppositions199_2,1,human,agent,0.53,22,262
deepseek-r1_prompt3_false-presuppositions199_3,1,human,agent,0.59,34,286
deepseek-r1_prompt3_false-presuppositions199_4,1,human,agent,0.63,36,304
deepseek-r1_prompt3_false-presuppositions199_5,1,human,agent,0.68,32,315
deepseek-r1_prompt4_false-presuppositions199_1,1,human,agent,0.40,35,87
deepseek-r1_prompt4_false-presuppositions199_2,1,human,agent,0.58,22,242
deepseek-r1_prompt4_false-presuppositions199_3,1,human,agent,0.75,34,276
deepseek-r1_prompt4_false-presuppositions199_4,1,human,agent,0.68,36,306
deepseek-r1_prompt4_false-presuppositions199_5,1,human,agent,0.65,32,317
deepseek-r1_prompt0_false-presuppositions2_1,1,human,agent,0.66,13,188
deepseek-r1_prompt0_false-presuppositions2_2,1,human,agent,0.48,19,245
deepseek-r1_prompt0_false-presuppositions2_3,1,human,agent,0.55,19,268
deepseek-r1_prompt0_false-presuppositions2_4,1,human,agent,0.58,22,279
deepseek-r1_prompt0_false-presuppositions2_5,1,human,agent,0.61,25,251
deepseek-r1_prompt1_false-presuppositions2_1,1,human,agent,0.46,13,274
deepseek-r1_prompt1_false-presuppositions2_2,1,human,agent,0.44,19,200
deepseek-r1_prompt1_false-presuppositions2_3,1,human,agent,0.54,19,261
deepseek-r1_prompt1_false-presuppositions2_4,1,human,agent,0.58,22,294
deepseek-r1_prompt1_false-presuppositions2_5,1,human,agent,0.64,25,264
deepseek-r1_prompt2_false-presuppositions2_1,1,human,agent,0.41,13,148
deepseek-r1_prompt2_false-presuppositions2_2,1,human,agent,0.58,19,254
deepseek-r1_prompt2_false-presuppositions2_3,1,human,agent,0.54,19,309
deepseek-r1_prompt2_false-presuppositions2_4,1,human,agent,0.59,22,312
deepseek-r1_prompt2_false-presuppositions2_5,1,human,agent,0.62,25,334
deepseek-r1_prompt3_false-presuppositions2_1,1,human,agent,0.50,13,170
deepseek-r1_prompt3_false-presuppositions2_2,1,human,agent,0.42,19,224
deepseek-r1_prompt3_false-presuppositions2_3,1,human,agent,0.47,19,254
deepseek-r1_prompt3_false-presuppositions2_4,1,human,agent,0.50,22,296
deepseek-r1_prompt3_false-presuppositions2_5,1,human,agent,0.53,25,272
deepseek-r1_prompt4_false-presuppositions2_1,1,human,agent,0.58,13,152
deepseek-r1_prompt4_false-presuppositions2_2,1,human,agent,0.56,19,240
deepseek-r1_prompt4_false-presuppositions2_3,1,human,agent,0.62,19,258
deepseek-r1_prompt4_false-presuppositions2_4,1,human,agent,0.64,22,274
deepseek-r1_prompt4_false-presuppositions2_5,1,human,agent,0.58,25,271
deepseek-r1_prompt0_false-presuppositions20_1,1,human,agent,0.60,18,203
deepseek-r1_prompt0_false-presuppositions20_2,1,human,agent,0.61,26,257
deepseek-r1_prompt0_false-presuppositions20_3,1,human,agent,0.56,25,288
deepseek-r1_prompt0_false-presuppositions20_4,1,human,agent,0.73,31,301
deepseek-r1_prompt0_false-presuppositions20_5,1,human,agent,0.59,30,279
deepseek-r1_prompt1_false-presuppositions20_1,1,human,agent,0.47,18,208
deepseek-r1_prompt1_false-presuppositions20_2,1,human,agent,0.60,26,237
deepseek-r1_prompt1_false-presuppositions20_3,1,human,agent,0.46,25,270
deepseek-r1_prompt1_false-presuppositions20_4,1,human,agent,0.78,31,262
deepseek-r1_prompt1_false-presuppositions20_5,1,human,agent,0.59,30,271
deepseek-r1_prompt2_false-presuppositions20_1,1,human,agent,0.55,18,217
deepseek-r1_prompt2_false-presuppositions20_2,1,human,agent,0.59,26,255
deepseek-r1_prompt2_false-presuppositions20_3,1,human,agent,0.50,25,264
deepseek-r1_prompt2_false-presuppositions20_4,1,human,agent,0.79,31,288
deepseek-r1_prompt2_false-presuppositions20_5,1,human,agent,0.67,30,298
deepseek-r1_prompt3_false-presuppositions20_1,1,human,agent,0.56,18,242
deepseek-r1_prompt3_false-presuppositions20_2,1,human,agent,0.58,26,230
deepseek-r1_prompt3_false-presuppositions20_3,1,human,agent,0.36,25,253
deepseek-r1_prompt3_false-presuppositions20_4,1,human,agent,0.74,31,268
deepseek-r1_prompt3_false-presuppositions20_5,1,human,agent,0.57,30,267
deepseek-r1_prompt4_false-presuppositions20_1,1,human,agent,0.60,18,132
deepseek-r1_prompt4_false-presuppositions20_2,1,human,agent,0.57,26,185
deepseek-r1_prompt4_false-presuppositions20_3,1,human,agent,0.47,25,221
deepseek-r1_prompt4_false-presuppositions20_4,1,human,agent,0.82,31,236
deepseek-r1_prompt4_false-presuppositions20_5,1,human,agent,0.57,30,243
deepseek-r1_prompt0_false-presuppositions200_1,1,human,agent,0.68,28,290
deepseek-r1_prompt0_false-presuppositions200_2,1,human,agent,0.42,21,211
deepseek-r1_prompt0_false-presuppositions200_3,1,human,agent,0.53,27,247
deepseek-r1_prompt0_false-presuppositions200_4,1,human,agent,0.67,29,242
deepseek-r1_prompt0_false-presuppositions200_5,1,human,agent,0.44,26,248
deepseek-r1_prompt1_false-presuppositions200_1,1,human,agent,0.79,28,290
deepseek-r1_prompt1_false-presuppositions200_2,1,human,agent,0.34,21,199
deepseek-r1_prompt1_false-presuppositions200_3,1,human,agent,0.54,27,259
deepseek-r1_prompt1_false-presuppositions200_4,1,human,agent,0.73,29,252
deepseek-r1_prompt1_false-presuppositions200_5,1,human,agent,0.46,26,246
deepseek-r1_prompt2_false-presuppositions200_1,1,human,agent,0.58,28,321
deepseek-r1_prompt2_false-presuppositions200_2,1,human,agent,0.50,21,222
deepseek-r1_prompt2_false-presuppositions200_3,1,human,agent,0.62,27,305
deepseek-r1_prompt2_false-presuppositions200_4,1,human,agent,0.67,29,303
deepseek-r1_prompt2_false-presuppositions200_5,1,human,agent,0.41,26,325
deepseek-r1_prompt3_false-presuppositions200_1,1,human,agent,0.47,28,326
deepseek-r1_prompt3_false-presuppositions200_2,1,human,agent,0.36,21,250
deepseek-r1_prompt3_false-presuppositions200_3,1,human,agent,0.47,27,264
deepseek-r1_prompt3_false-presuppositions200_4,1,human,agent,0.66,29,293
deepseek-r1_prompt3_false-presuppositions200_5,1,human,agent,0.40,26,248
deepseek-r1_prompt4_false-presuppositions200_1,1,human,agent,0.56,28,159
deepseek-r1_prompt4_false-presuppositions200_2,1,human,agent,0.43,21,249
deepseek-r1_prompt4_false-presuppositions200_3,1,human,agent,0.59,27,295
deepseek-r1_prompt4_false-presuppositions200_4,1,human,agent,0.64,29,272
deepseek-r1_prompt4_false-presuppositions200_5,1,human,agent,0.52,26,292
deepseek-r1_prompt0_false-presuppositions21_1,1,human,agent,0.44,11,241
deepseek-r1_prompt0_false-presuppositions21_2,1,human,agent,0.32,16,262
deepseek-r1_prompt0_false-presuppositions21_3,1,human,agent,0.48,16,300
deepseek-r1_prompt0_false-presuppositions21_4,1,human,agent,0.46,16,319
deepseek-r1_prompt0_false-presuppositions21_5,1,human,agent,0.43,16,292
deepseek-r1_prompt1_false-presuppositions21_1,1,human,agent,0.57,11,258
deepseek-r1_prompt1_false-presuppositions21_2,1,human,agent,0.33,16,255
deepseek-r1_prompt1_false-presuppositions21_3,1,human,agent,0.41,16,248
deepseek-r1_prompt1_false-presuppositions21_4,1,human,agent,0.42,16,274
deepseek-r1_prompt1_false-presuppositions21_5,1,human,agent,0.47,16,301
deepseek-r1_prompt2_false-presuppositions21_1,1,human,agent,0.41,11,107
deepseek-r1_prompt2_false-presuppositions21_2,1,human,agent,0.42,16,256
deepseek-r1_prompt2_false-presuppositions21_3,1,human,agent,0.41,16,263
deepseek-r1_prompt2_false-presuppositions21_4,1,human,agent,0.50,16,280
deepseek-r1_prompt2_false-presuppositions21_5,1,human,agent,0.46,16,296
deepseek-r1_prompt3_false-presuppositions21_1,1,human,agent,0.55,11,250
deepseek-r1_prompt3_false-presuppositions21_2,1,human,agent,0.36,16,273
deepseek-r1_prompt3_false-presuppositions21_3,1,human,agent,0.34,16,300
deepseek-r1_prompt3_false-presuppositions21_4,1,human,agent,0.40,16,313
deepseek-r1_prompt3_false-presuppositions21_5,1,human,agent,0.45,16,314
deepseek-r1_prompt4_false-presuppositions21_1,1,human,agent,0.47,11,124
deepseek-r1_prompt4_false-presuppositions21_2,1,human,agent,0.39,16,245
deepseek-r1_prompt4_false-presuppositions21_3,1,human,agent,0.37,16,301
deepseek-r1_prompt4_false-presuppositions21_4,1,human,agent,0.43,16,276
deepseek-r1_prompt4_false-presuppositions21_5,1,human,agent,0.41,16,275
deepseek-r1_prompt0_false-presuppositions22_1,1,human,agent,0.32,15,248
deepseek-r1_prompt0_false-presuppositions22_2,1,human,agent,0.50,18,221
deepseek-r1_prompt0_false-presuppositions22_3,1,human,agent,0.60,22,225
deepseek-r1_prompt0_false-presuppositions22_4,1,human,agent,0.68,28,206
deepseek-r1_prompt0_false-presuppositions22_5,1,human,agent,0.50,20,234
deepseek-r1_prompt1_false-presuppositions22_1,1,human,agent,0.36,15,226
deepseek-r1_prompt1_false-presuppositions22_2,1,human,agent,0.49,18,232
deepseek-r1_prompt1_false-presuppositions22_3,1,human,agent,0.61,22,242
deepseek-r1_prompt1_false-presuppositions22_4,1,human,agent,0.70,28,208
deepseek-r1_prompt1_false-presuppositions22_5,1,human,agent,0.46,20,241
deepseek-r1_prompt2_false-presuppositions22_1,1,human,agent,0.43,15,153
deepseek-r1_prompt2_false-presuppositions22_2,1,human,agent,0.53,18,214
deepseek-r1_prompt2_false-presuppositions22_3,1,human,agent,0.76,22,221
deepseek-r1_prompt2_false-presuppositions22_4,1,human,agent,0.76,28,234
deepseek-r1_prompt2_false-presuppositions22_5,1,human,agent,0.53,20,275
deepseek-r1_prompt3_false-presuppositions22_1,1,human,agent,0.35,15,259
deepseek-r1_prompt3_false-presuppositions22_2,1,human,agent,0.50,18,243
deepseek-r1_prompt3_false-presuppositions22_3,1,human,agent,0.66,22,231
deepseek-r1_prompt3_false-presuppositions22_4,1,human,agent,0.66,28,269
deepseek-r1_prompt3_false-presuppositions22_5,1,human,agent,0.46,20,261
deepseek-r1_prompt4_false-presuppositions22_1,1,human,agent,0.49,15,145
deepseek-r1_prompt4_false-presuppositions22_2,1,human,agent,0.46,18,234
deepseek-r1_prompt4_false-presuppositions22_3,1,human,agent,0.65,22,223
deepseek-r1_prompt4_false-presuppositions22_4,1,human,agent,0.70,28,240
deepseek-r1_prompt4_false-presuppositions22_5,1,human,agent,0.49,20,265
deepseek-r1_prompt0_false-presuppositions23_1,1,human,agent,0.43,14,196
deepseek-r1_prompt0_false-presuppositions23_2,1,human,agent,0.41,21,233
deepseek-r1_prompt0_false-presuppositions23_3,1,human,agent,0.38,18,267
deepseek-r1_prompt0_false-presuppositions23_4,1,human,agent,0.59,32,245
deepseek-r1_prompt0_false-presuppositions23_5,1,human,agent,0.52,28,289
deepseek-r1_prompt1_false-presuppositions23_1,1,human,agent,0.36,14,215
deepseek-r1_prompt1_false-presuppositions23_2,1,human,agent,0.45,21,245
deepseek-r1_prompt1_false-presuppositions23_3,1,human,agent,0.36,18,276
deepseek-r1_prompt1_false-presuppositions23_4,1,human,agent,0.54,32,253
deepseek-r1_prompt1_false-presuppositions23_5,1,human,agent,0.53,28,271
deepseek-r1_prompt2_false-presuppositions23_1,1,human,agent,0.40,14,146
deepseek-r1_prompt2_false-presuppositions23_2,1,human,agent,0.49,21,239
deepseek-r1_prompt2_false-presuppositions23_3,1,human,agent,0.38,18,249
deepseek-r1_prompt2_false-presuppositions23_4,1,human,agent,0.59,32,291
deepseek-r1_prompt2_false-presuppositions23_5,1,human,agent,0.54,28,308
deepseek-r1_prompt3_false-presuppositions23_1,1,human,agent,0.30,14,185
deepseek-r1_prompt3_false-presuppositions23_2,1,human,agent,0.48,21,263
deepseek-r1_prompt3_false-presuppositions23_3,1,human,agent,0.36,18,237
deepseek-r1_prompt3_false-presuppositions23_4,1,human,agent,0.56,32,263
deepseek-r1_prompt3_false-presuppositions23_5,1,human,agent,0.46,28,285
deepseek-r1_prompt4_false-presuppositions23_1,1,human,agent,0.47,14,115
deepseek-r1_prompt4_false-presuppositions23_2,1,human,agent,0.56,21,242
deepseek-r1_prompt4_false-presuppositions23_3,1,human,agent,0.37,18,264
deepseek-r1_prompt4_false-presuppositions23_4,1,human,agent,0.51,32,252
deepseek-r1_prompt4_false-presuppositions23_5,1,human,agent,0.60,28,282
deepseek-r1_prompt0_false-presuppositions24_1,1,human,agent,0.41,12,257
deepseek-r1_prompt0_false-presuppositions24_2,1,human,agent,0.34,21,218
deepseek-r1_prompt0_false-presuppositions24_3,1,human,agent,0.63,24,240
deepseek-r1_prompt0_false-presuppositions24_4,1,human,agent,0.57,31,274
deepseek-r1_prompt0_false-presuppositions24_5,1,human,agent,0.48,27,261
deepseek-r1_prompt1_false-presuppositions24_1,1,human,agent,0.41,12,303
deepseek-r1_prompt1_false-presuppositions24_2,1,human,agent,0.30,21,239
deepseek-r1_prompt1_false-presuppositions24_3,1,human,agent,0.58,24,227
deepseek-r1_prompt1_false-presuppositions24_4,1,human,agent,0.55,31,242
deepseek-r1_prompt1_false-presuppositions24_5,1,human,agent,0.45,27,273
deepseek-r1_prompt2_false-presuppositions24_1,1,human,agent,0.57,12,187
deepseek-r1_prompt2_false-presuppositions24_2,1,human,agent,0.39,21,216
deepseek-r1_prompt2_false-presuppositions24_3,1,human,agent,0.58,24,268
deepseek-r1_prompt2_false-presuppositions24_4,1,human,agent,0.66,31,303
deepseek-r1_prompt2_false-presuppositions24_5,1,human,agent,0.60,27,330
deepseek-r1_prompt3_false-presuppositions24_1,1,human,agent,0.64,12,218
deepseek-r1_prompt3_false-presuppositions24_2,1,human,agent,0.28,21,235
deepseek-r1_prompt3_false-presuppositions24_3,1,human,agent,0.58,24,242
deepseek-r1_prompt3_false-presuppositions24_4,1,human,agent,0.56,31,305
deepseek-r1_prompt3_false-presuppositions24_5,1,human,agent,0.42,27,282
deepseek-r1_prompt4_false-presuppositions24_1,1,human,agent,0.50,12,184
deepseek-r1_prompt4_false-presuppositions24_2,1,human,agent,0.32,21,264
deepseek-r1_prompt4_false-presuppositions24_3,1,human,agent,0.57,24,278
deepseek-r1_prompt4_false-presuppositions24_4,1,human,agent,0.61,31,294
deepseek-r1_prompt4_false-presuppositions24_5,1,human,agent,0.56,27,320
deepseek-r1_prompt0_false-presuppositions25_1,1,human,agent,0.23,13,204
deepseek-r1_prompt0_false-presuppositions25_2,1,human,agent,0.56,20,233
deepseek-r1_prompt0_false-presuppositions25_3,1,human,agent,0.42,15,281
deepseek-r1_prompt0_false-presuppositions25_4,1,human,agent,0.56,21,308
deepseek-r1_prompt0_false-presuppositions25_5,1,human,agent,0.50,21,281
deepseek-r1_prompt1_false-presuppositions25_1,1,human,agent,0.24,13,259
deepseek-r1_prompt1_false-presuppositions25_2,1,human,agent,0.58,20,236
deepseek-r1_prompt1_false-presuppositions25_3,1,human,agent,0.42,15,245
deepseek-r1_prompt1_false-presuppositions25_4,1,human,agent,0.61,21,269
deepseek-r1_prompt1_false-presuppositions25_5,1,human,agent,0.63,21,282
deepseek-r1_prompt2_false-presuppositions25_1,1,human,agent,0.32,13,145
deepseek-r1_prompt2_false-presuppositions25_2,1,human,agent,0.61,20,259
deepseek-r1_prompt2_false-presuppositions25_3,1,human,agent,0.43,15,288
deepseek-r1_prompt2_false-presuppositions25_4,1,human,agent,0.60,21,301
deepseek-r1_prompt2_false-presuppositions25_5,1,human,agent,0.64,21,324
deepseek-r1_prompt3_false-presuppositions25_1,1,human,agent,0.37,13,213
deepseek-r1_prompt3_false-presuppositions25_2,1,human,agent,0.51,20,225
deepseek-r1_prompt3_false-presuppositions25_3,1,human,agent,0.36,15,243
deepseek-r1_prompt3_false-presuppositions25_4,1,human,agent,0.58,21,250
deepseek-r1_prompt3_false-presuppositions25_5,1,human,agent,0.51,21,254
deepseek-r1_prompt4_false-presuppositions25_1,1,human,agent,0.29,13,134
deepseek-r1_prompt4_false-presuppositions25_2,1,human,agent,0.57,20,208
deepseek-r1_prompt4_false-presuppositions25_3,1,human,agent,0.45,15,241
deepseek-r1_prompt4_false-presuppositions25_4,1,human,agent,0.55,21,256
deepseek-r1_prompt4_false-presuppositions25_5,1,human,agent,0.62,21,245
deepseek-r1_prompt0_false-presuppositions26_1,1,human,agent,0.45,16,291
deepseek-r1_prompt0_false-presuppositions26_2,1,human,agent,0.58,23,237
deepseek-r1_prompt0_false-presuppositions26_3,1,human,agent,0.62,20,260
deepseek-r1_prompt0_false-presuppositions26_4,1,human,agent,0.51,26,281
deepseek-r1_prompt0_false-presuppositions26_5,1,human,agent,0.50,28,264
deepseek-r1_prompt1_false-presuppositions26_1,1,human,agent,0.46,16,285
deepseek-r1_prompt1_false-presuppositions26_2,1,human,agent,0.65,23,278
deepseek-r1_prompt1_false-presuppositions26_3,1,human,agent,0.65,20,304
deepseek-r1_prompt1_false-presuppositions26_4,1,human,agent,0.48,26,288
deepseek-r1_prompt1_false-presuppositions26_5,1,human,agent,0.58,28,268
deepseek-r1_prompt2_false-presuppositions26_1,1,human,agent,0.55,16,140
deepseek-r1_prompt2_false-presuppositions26_2,1,human,agent,0.68,23,253
deepseek-r1_prompt2_false-presuppositions26_3,1,human,agent,0.73,20,310
deepseek-r1_prompt2_false-presuppositions26_4,1,human,agent,0.62,26,330
deepseek-r1_prompt2_false-presuppositions26_5,1,human,agent,0.48,28,292
deepseek-r1_prompt3_false-presuppositions26_1,1,human,agent,0.40,16,223
deepseek-r1_prompt3_false-presuppositions26_2,1,human,agent,0.47,23,258
deepseek-r1_prompt3_false-presuppositions26_3,1,human,agent,0.52,20,287
deepseek-r1_prompt3_false-presuppositions26_4,1,human,agent,0.50,26,287
deepseek-r1_prompt3_false-presuppositions26_5,1,human,agent,0.50,28,280
deepseek-r1_prompt4_false-presuppositions26_1,1,human,agent,0.59,16,104
deepseek-r1_prompt4_false-presuppositions26_2,1,human,agent,0.59,23,242
deepseek-r1_prompt4_false-presuppositions26_3,1,human,agent,0.61,20,293
deepseek-r1_prompt4_false-presuppositions26_4,1,human,agent,0.57,26,320
deepseek-r1_prompt4_false-presuppositions26_5,1,human,agent,0.50,28,319
deepseek-r1_prompt0_false-presuppositions27_1,1,human,agent,0.51,21,226
deepseek-r1_prompt0_false-presuppositions27_2,1,human,agent,0.78,22,246
deepseek-r1_prompt0_false-presuppositions27_3,1,human,agent,0.70,21,292
deepseek-r1_prompt0_false-presuppositions27_4,1,human,agent,0.44,21,264
deepseek-r1_prompt0_false-presuppositions27_5,1,human,agent,0.30,13,226
deepseek-r1_prompt1_false-presuppositions27_1,1,human,agent,0.46,21,226
deepseek-r1_prompt1_false-presuppositions27_2,1,human,agent,0.66,22,253
deepseek-r1_prompt1_false-presuppositions27_3,1,human,agent,0.66,21,253
deepseek-r1_prompt1_false-presuppositions27_4,1,human,agent,0.54,21,270
deepseek-r1_prompt1_false-presuppositions27_5,1,human,agent,0.25,13,238
deepseek-r1_prompt2_false-presuppositions27_1,1,human,agent,0.50,21,207
deepseek-r1_prompt2_false-presuppositions27_2,1,human,agent,0.71,22,267
deepseek-r1_prompt2_false-presuppositions27_3,1,human,agent,0.73,21,287
deepseek-r1_prompt2_false-presuppositions27_4,1,human,agent,0.60,21,305
deepseek-r1_prompt2_false-presuppositions27_5,1,human,agent,0.33,13,266
deepseek-r1_prompt3_false-presuppositions27_1,1,human,agent,0.62,21,180
deepseek-r1_prompt3_false-presuppositions27_2,1,human,agent,0.62,22,244
deepseek-r1_prompt3_false-presuppositions27_3,1,human,agent,0.65,21,274
deepseek-r1_prompt3_false-presuppositions27_4,1,human,agent,0.47,21,264
deepseek-r1_prompt3_false-presuppositions27_5,1,human,agent,0.32,13,258
deepseek-r1_prompt4_false-presuppositions27_1,1,human,agent,0.51,21,154
deepseek-r1_prompt4_false-presuppositions27_2,1,human,agent,0.72,22,266
deepseek-r1_prompt4_false-presuppositions27_3,1,human,agent,0.67,21,279
deepseek-r1_prompt4_false-presuppositions27_4,1,human,agent,0.48,21,321
deepseek-r1_prompt4_false-presuppositions27_5,1,human,agent,0.35,13,300
deepseek-r1_prompt0_false-presuppositions28_1,1
deepseek-r1_prompt0_false-presuppositions28_2,1,human,agent,0.67,27,279
deepseek-r1_prompt0_false-presuppositions28_3,1,human,agent,0.68,20,269
deepseek-r1_prompt0_false-presuppositions28_4,1,human,agent,0.78,31,280
deepseek-r1_prompt0_false-presuppositions28_5,1,human,agent,0.46,26,284
deepseek-r1_prompt1_false-presuppositions28_1,1
deepseek-r1_prompt1_false-presuppositions28_2,1,human,agent,0.66,27,286
deepseek-r1_prompt1_false-presuppositions28_3,1,human,agent,0.62,20,300
deepseek-r1_prompt1_false-presuppositions28_4,1,human,agent,0.83,31,303
deepseek-r1_prompt1_false-presuppositions28_5,1,human,agent,0.49,26,267
deepseek-r1_prompt2_false-presuppositions28_1,1
deepseek-r1_prompt2_false-presuppositions28_2,1,human,agent,0.67,27,242
deepseek-r1_prompt2_false-presuppositions28_3,1,human,agent,0.70,20,283
deepseek-r1_prompt2_false-presuppositions28_4,1,human,agent,0.78,31,284
deepseek-r1_prompt2_false-presuppositions28_5,1,human,agent,0.45,26,292
deepseek-r1_prompt3_false-presuppositions28_1,1
deepseek-r1_prompt3_false-presuppositions28_2,1,human,agent,0.68,27,278
deepseek-r1_prompt3_false-presuppositions28_3,1,human,agent,0.55,20,294
deepseek-r1_prompt3_false-presuppositions28_4,1,human,agent,0.75,31,274
deepseek-r1_prompt3_false-presuppositions28_5,1,human,agent,0.42,26,256
deepseek-r1_prompt4_false-presuppositions28_1,1
deepseek-r1_prompt4_false-presuppositions28_2,1,human,agent,0.62,27,253
deepseek-r1_prompt4_false-presuppositions28_3,1,human,agent,0.71,20,258
deepseek-r1_prompt4_false-presuppositions28_4,1,human,agent,0.74,31,264
deepseek-r1_prompt4_false-presuppositions28_5,1,human,agent,0.44,26,295
deepseek-r1_prompt0_false-presuppositions29_1,1,human,agent,0.41,11,226
deepseek-r1_prompt0_false-presuppositions29_2,1,human,agent,0.48,20,203
deepseek-r1_prompt0_false-presuppositions29_3,1,human,agent,0.57,19,265
deepseek-r1_prompt0_false-presuppositions29_4,1,human,agent,0.48,23,237
deepseek-r1_prompt0_false-presuppositions29_5,1,human,agent,0.42,25,269
deepseek-r1_prompt1_false-presuppositions29_1,1,human,agent,0.38,11,202
deepseek-r1_prompt1_false-presuppositions29_2,1,human,agent,0.51,20,254
deepseek-r1_prompt1_false-presuppositions29_3,1,human,agent,0.59,19,253
deepseek-r1_prompt1_false-presuppositions29_4,1,human,agent,0.46,23,276
deepseek-r1_prompt1_false-presuppositions29_5,1,human,agent,0.43,25,277
deepseek-r1_prompt2_false-presuppositions29_1,1,human,agent,0.49,11,87
deepseek-r1_prompt2_false-presuppositions29_2,1,human,agent,0.61,20,251
deepseek-r1_prompt2_false-presuppositions29_3,1,human,agent,0.57,19,292
deepseek-r1_prompt2_false-presuppositions29_4,1,human,agent,0.50,23,291
deepseek-r1_prompt2_false-presuppositions29_5,1,human,agent,0.42,25,285
deepseek-r1_prompt3_false-presuppositions29_1,1,human,agent,0.40,11,203
deepseek-r1_prompt3_false-presuppositions29_2,1,human,agent,0.55,20,215
deepseek-r1_prompt3_false-presuppositions29_3,1,human,agent,0.57,19,250
deepseek-r1_prompt3_false-presuppositions29_4,1,human,agent,0.49,23,262
deepseek-r1_prompt3_false-presuppositions29_5,1,human,agent,0.49,25,252
deepseek-r1_prompt4_false-presuppositions29_1,1,human,agent,0.49,11,118
deepseek-r1_prompt4_false-presuppositions29_2,1,human,agent,0.58,20,217
deepseek-r1_prompt4_false-presuppositions29_3,1,human,agent,0.55,19,239
deepseek-r1_prompt4_false-presuppositions29_4,1,human,agent,0.49,23,286
deepseek-r1_prompt4_false-presuppositions29_5,1,human,agent,0.46,25,265
deepseek-r1_prompt0_false-presuppositions3_1,1,human,agent,0.49,23,303
deepseek-r1_prompt0_false-presuppositions3_2,1,human,agent,0.61,28,240
deepseek-r1_prompt0_false-presuppositions3_3,1,human,agent,0.59,28,347
deepseek-r1_prompt0_false-presuppositions3_4,1,human,agent,0.72,28,285
deepseek-r1_prompt0_false-presuppositions3_5,1,human,agent,0.62,28,275
deepseek-r1_prompt1_false-presuppositions3_1,1,human,agent,0.43,23,248
deepseek-r1_prompt1_false-presuppositions3_2,1,human,agent,0.62,28,282
deepseek-r1_prompt1_false-presuppositions3_3,1,human,agent,0.64,28,302
deepseek-r1_prompt1_false-presuppositions3_4,1,human,agent,0.68,28,327
deepseek-r1_prompt1_false-presuppositions3_5,1,human,agent,0.73,28,328
deepseek-r1_prompt2_false-presuppositions3_1,1,human,agent,0.64,23,135
deepseek-r1_prompt2_false-presuppositions3_2,1,human,agent,0.63,28,276
deepseek-r1_prompt2_false-presuppositions3_3,1,human,agent,0.72,28,326
deepseek-r1_prompt2_false-presuppositions3_4,1,human,agent,0.69,28,340
deepseek-r1_prompt2_false-presuppositions3_5,1,human,agent,0.66,28,301
deepseek-r1_prompt3_false-presuppositions3_1,1,human,agent,0.48,23,232
deepseek-r1_prompt3_false-presuppositions3_2,1,human,agent,0.67,28,276
deepseek-r1_prompt3_false-presuppositions3_3,1,human,agent,0.63,28,312
deepseek-r1_prompt3_false-presuppositions3_4,1,human,agent,0.62,28,342
deepseek-r1_prompt3_false-presuppositions3_5,1,human,agent,0.65,28,307
deepseek-r1_prompt4_false-presuppositions3_1,1,human,agent,0.56,23,193
deepseek-r1_prompt4_false-presuppositions3_2,1,human,agent,0.60,28,242
deepseek-r1_prompt4_false-presuppositions3_3,1,human,agent,0.70,28,276
deepseek-r1_prompt4_false-presuppositions3_4,1,human,agent,0.73,28,272
deepseek-r1_prompt4_false-presuppositions3_5,1,human,agent,0.69,28,276
deepseek-r1_prompt0_false-presuppositions30_1,1,human,agent,0.63,19,280
deepseek-r1_prompt0_false-presuppositions30_2,1,human,agent,0.36,25,225
deepseek-r1_prompt0_false-presuppositions30_3,1,human,agent,0.74,27,236
deepseek-r1_prompt0_false-presuppositions30_4,1,human,agent,0.44,29,245
deepseek-r1_prompt0_false-presuppositions30_5,1,human,agent,0.59,28,252
deepseek-r1_prompt1_false-presuppositions30_1,1,human,agent,0.63,19,242
deepseek-r1_prompt1_false-presuppositions30_2,1,human,agent,0.33,25,273
deepseek-r1_prompt1_false-presuppositions30_3,1,human,agent,0.69,27,261
deepseek-r1_prompt1_false-presuppositions30_4,1,human,agent,0.44,29,266
deepseek-r1_prompt1_false-presuppositions30_5,1,human,agent,0.47,28,255
deepseek-r1_prompt2_false-presuppositions30_1,1,human,agent,0.63,19,162
deepseek-r1_prompt2_false-presuppositions30_2,1,human,agent,0.46,25,241
deepseek-r1_prompt2_false-presuppositions30_3,1,human,agent,0.82,27,264
deepseek-r1_prompt2_false-presuppositions30_4,1,human,agent,0.53,29,273
deepseek-r1_prompt2_false-presuppositions30_5,1,human,agent,0.62,28,294
deepseek-r1_prompt3_false-presuppositions30_1,1,human,agent,0.66,19,243
deepseek-r1_prompt3_false-presuppositions30_2,1,human,agent,0.34,25,261
deepseek-r1_prompt3_false-presuppositions30_3,1,human,agent,0.59,27,277
deepseek-r1_prompt3_false-presuppositions30_4,1,human,agent,0.45,29,281
deepseek-r1_prompt3_false-presuppositions30_5,1,human,agent,0.56,28,273
deepseek-r1_prompt4_false-presuppositions30_1,1,human,agent,0.52,19,197
deepseek-r1_prompt4_false-presuppositions30_2,1,human,agent,0.41,25,239
deepseek-r1_prompt4_false-presuppositions30_3,1,human,agent,0.66,27,249
deepseek-r1_prompt4_false-presuppositions30_4,1,human,agent,0.47,29,252
deepseek-r1_prompt4_false-presuppositions30_5,1,human,agent,0.61,28,270
deepseek-r1_prompt0_false-presuppositions31_1,1,human,agent,0.49,21,368
deepseek-r1_prompt0_false-presuppositions31_2,1,human,agent,0.53,26,261
deepseek-r1_prompt0_false-presuppositions31_3,1,human,agent,0.61,33,272
deepseek-r1_prompt0_false-presuppositions31_4,1,human,agent,0.63,41,296
deepseek-r1_prompt0_false-presuppositions31_5,1,human,agent,0.52,38,284
deepseek-r1_prompt1_false-presuppositions31_1,1,human,agent,0.44,21,333
deepseek-r1_prompt1_false-presuppositions31_2,1,human,agent,0.57,26,247
deepseek-r1_prompt1_false-presuppositions31_3,1,human,agent,0.69,33,285
deepseek-r1_prompt1_false-presuppositions31_4,1,human,agent,0.68,41,286
deepseek-r1_prompt1_false-presuppositions31_5,1,human,agent,0.59,38,289
deepseek-r1_prompt2_false-presuppositions31_1,1,human,agent,0.51,21,242
deepseek-r1_prompt2_false-presuppositions31_2,1,human,agent,0.67,26,255
deepseek-r1_prompt2_false-presuppositions31_3,1,human,agent,0.75,33,268
deepseek-r1_prompt2_false-presuppositions31_4,1,human,agent,0.74,41,273
deepseek-r1_prompt2_false-presuppositions31_5,1,human,agent,0.67,38,286
deepseek-r1_prompt3_false-presuppositions31_1,1,human,agent,0.47,21,309
deepseek-r1_prompt3_false-presuppositions31_2,1,human,agent,0.55,26,235
deepseek-r1_prompt3_false-presuppositions31_3,1,human,agent,0.59,33,250
deepseek-r1_prompt3_false-presuppositions31_4,1,human,agent,0.69,41,287
deepseek-r1_prompt3_false-presuppositions31_5,1,human,agent,0.57,38,269
deepseek-r1_prompt4_false-presuppositions31_1,1,human,agent,0.46,21,134
deepseek-r1_prompt4_false-presuppositions31_2,1,human,agent,0.59,26,213
deepseek-r1_prompt4_false-presuppositions31_3,1,human,agent,0.61,33,279
deepseek-r1_prompt4_false-presuppositions31_4,1,human,agent,0.69,41,254
deepseek-r1_prompt4_false-presuppositions31_5,1,human,agent,0.59,38,276
deepseek-r1_prompt0_false-presuppositions32_1,1,human,agent,0.57,17,263
deepseek-r1_prompt0_false-presuppositions32_2,1,human,agent,0.48,17,243
deepseek-r1_prompt0_false-presuppositions32_3,1,human,agent,0.59,20,314
deepseek-r1_prompt0_false-presuppositions32_4,1,human,agent,0.54,29,314
deepseek-r1_prompt0_false-presuppositions32_5,1,human,agent,0.64,26,264
deepseek-r1_prompt1_false-presuppositions32_1,1,human,agent,0.55,17,287
deepseek-r1_prompt1_false-presuppositions32_2,1,human,agent,0.53,17,264
deepseek-r1_prompt1_false-presuppositions32_3,1,human,agent,0.52,20,283
deepseek-r1_prompt1_false-presuppositions32_4,1,human,agent,0.59,29,291
deepseek-r1_prompt1_false-presuppositions32_5,1,human,agent,0.65,26,230
deepseek-r1_prompt2_false-presuppositions32_1,1,human,agent,0.61,17,207
deepseek-r1_prompt2_false-presuppositions32_2,1,human,agent,0.63,17,246
deepseek-r1_prompt2_false-presuppositions32_3,1,human,agent,0.69,20,300
deepseek-r1_prompt2_false-presuppositions32_4,1,human,agent,0.65,29,281
deepseek-r1_prompt2_false-presuppositions32_5,1,human,agent,0.76,26,312
deepseek-r1_prompt3_false-presuppositions32_1,1,human,agent,0.56,17,271
deepseek-r1_prompt3_false-presuppositions32_2,1,human,agent,0.43,17,212
deepseek-r1_prompt3_false-presuppositions32_3,1,human,agent,0.49,20,253
deepseek-r1_prompt3_false-presuppositions32_4,1,human,agent,0.51,29,268
deepseek-r1_prompt3_false-presuppositions32_5,1,human,agent,0.65,26,301
deepseek-r1_prompt4_false-presuppositions32_1,1,human,agent,0.54,17,109
deepseek-r1_prompt4_false-presuppositions32_2,1,human,agent,0.55,17,235
deepseek-r1_prompt4_false-presuppositions32_3,1,human,agent,0.60,20,262
deepseek-r1_prompt4_false-presuppositions32_4,1,human,agent,0.57,29,281
deepseek-r1_prompt4_false-presuppositions32_5,1,human,agent,0.76,26,279
deepseek-r1_prompt0_false-presuppositions33_1,1,human,agent,0.62,43,309
deepseek-r1_prompt0_false-presuppositions33_2,1,human,agent,0.59,23,238
deepseek-r1_prompt0_false-presuppositions33_3,1,human,agent,0.54,26,247
deepseek-r1_prompt0_false-presuppositions33_4,1,human,agent,0.73,32,284
deepseek-r1_prompt0_false-presuppositions33_5,1,human,agent,0.53,30,245
deepseek-r1_prompt1_false-presuppositions33_1,1,human,agent,0.57,43,300
deepseek-r1_prompt1_false-presuppositions33_2,1,human,agent,0.54,23,245
deepseek-r1_prompt1_false-presuppositions33_3,1,human,agent,0.44,26,242
deepseek-r1_prompt1_false-presuppositions33_4,1,human,agent,0.69,32,253
deepseek-r1_prompt1_false-presuppositions33_5,1,human,agent,0.60,30,269
deepseek-r1_prompt2_false-presuppositions33_1,1,human,agent,0.75,43,197
deepseek-r1_prompt2_false-presuppositions33_2,1,human,agent,0.60,23,255
deepseek-r1_prompt2_false-presuppositions33_3,1,human,agent,0.66,26,269
deepseek-r1_prompt2_false-presuppositions33_4,1,human,agent,0.82,32,293
deepseek-r1_prompt2_false-presuppositions33_5,1,human,agent,0.54,30,271
deepseek-r1_prompt3_false-presuppositions33_1,1,human,agent,0.64,43,300
deepseek-r1_prompt3_false-presuppositions33_2,1,human,agent,0.54,23,250
deepseek-r1_prompt3_false-presuppositions33_3,1,human,agent,0.53,26,268
deepseek-r1_prompt3_false-presuppositions33_4,1,human,agent,0.70,32,257
deepseek-r1_prompt3_false-presuppositions33_5,1,human,agent,0.51,30,280
deepseek-r1_prompt4_false-presuppositions33_1,1,human,agent,0.70,43,142
deepseek-r1_prompt4_false-presuppositions33_2,1,human,agent,0.65,23,217
deepseek-r1_prompt4_false-presuppositions33_3,1,human,agent,0.53,26,239
deepseek-r1_prompt4_false-presuppositions33_4,1,human,agent,0.76,32,241
deepseek-r1_prompt4_false-presuppositions33_5,1,human,agent,0.60,30,252
deepseek-r1_prompt0_false-presuppositions34_1,1,human,agent,0.41,12,248
deepseek-r1_prompt0_false-presuppositions34_2,1,human,agent,0.65,26,227
deepseek-r1_prompt0_false-presuppositions34_3,1,human,agent,0.49,20,289
deepseek-r1_prompt0_false-presuppositions34_4,1,human,agent,0.64,28,265
deepseek-r1_prompt0_false-presuppositions34_5,1,human,agent,0.43,26,261
deepseek-r1_prompt1_false-presuppositions34_1,1,human,agent,0.44,12,197
deepseek-r1_prompt1_false-presuppositions34_2,1,human,agent,0.54,26,264
deepseek-r1_prompt1_false-presuppositions34_3,1,human,agent,0.48,20,262
deepseek-r1_prompt1_false-presuppositions34_4,1,human,agent,0.71,28,280
deepseek-r1_prompt1_false-presuppositions34_5,1,human,agent,0.45,26,256
deepseek-r1_prompt2_false-presuppositions34_1,1,human,agent,0.32,12,159
deepseek-r1_prompt2_false-presuppositions34_2,1,human,agent,0.63,26,263
deepseek-r1_prompt2_false-presuppositions34_3,1,human,agent,0.50,20,310
deepseek-r1_prompt2_false-presuppositions34_4,1,human,agent,0.74,28,295
deepseek-r1_prompt2_false-presuppositions34_5,1,human,agent,0.50,26,303
deepseek-r1_prompt3_false-presuppositions34_1,1,human,agent,0.30,12,224
deepseek-r1_prompt3_false-presuppositions34_2,1,human,agent,0.53,26,261
deepseek-r1_prompt3_false-presuppositions34_3,1,human,agent,0.44,20,240
deepseek-r1_prompt3_false-presuppositions34_4,1,human,agent,0.69,28,222
deepseek-r1_prompt3_false-presuppositions34_5,1,human,agent,0.46,26,229
deepseek-r1_prompt4_false-presuppositions34_1,1,human,agent,0.28,12,105
deepseek-r1_prompt4_false-presuppositions34_2,1,human,agent,0.63,26,251
deepseek-r1_prompt4_false-presuppositions34_3,1,human,agent,0.50,20,259
deepseek-r1_prompt4_false-presuppositions34_4,1,human,agent,0.65,28,241
deepseek-r1_prompt4_false-presuppositions34_5,1,human,agent,0.50,26,246
deepseek-r1_prompt0_false-presuppositions35_1,1,human,agent,0.47,17,191
deepseek-r1_prompt0_false-presuppositions35_2,1,human,agent,0.55,16,247
deepseek-r1_prompt0_false-presuppositions35_3,1,human,agent,0.50,17,277
deepseek-r1_prompt0_false-presuppositions35_4,1,human,agent,0.65,28,259
deepseek-r1_prompt0_false-presuppositions35_5,1,human,agent,0.49,26,260
deepseek-r1_prompt1_false-presuppositions35_1,1,human,agent,0.51,17,189
deepseek-r1_prompt1_false-presuppositions35_2,1,human,agent,0.60,16,241
deepseek-r1_prompt1_false-presuppositions35_3,1,human,agent,0.58,17,261
deepseek-r1_prompt1_false-presuppositions35_4,1,human,agent,0.61,28,245
deepseek-r1_prompt1_false-presuppositions35_5,1,human,agent,0.46,26,256
deepseek-r1_prompt2_false-presuppositions35_1,1,human,agent,0.49,17,102
deepseek-r1_prompt2_false-presuppositions35_2,1,human,agent,0.59,16,228
deepseek-r1_prompt2_false-presuppositions35_3,1,human,agent,0.58,17,254
deepseek-r1_prompt2_false-presuppositions35_4,1,human,agent,0.64,28,285
deepseek-r1_prompt2_false-presuppositions35_5,1,human,agent,0.56,26,269
deepseek-r1_prompt3_false-presuppositions35_1,1,human,agent,0.45,17,190
deepseek-r1_prompt3_false-presuppositions35_2,1,human,agent,0.48,16,221
deepseek-r1_prompt3_false-presuppositions35_3,1,human,agent,0.44,17,240
deepseek-r1_prompt3_false-presuppositions35_4,1,human,agent,0.53,28,262
deepseek-r1_prompt3_false-presuppositions35_5,1,human,agent,0.46,26,249
deepseek-r1_prompt4_false-presuppositions35_1,1,human,agent,0.51,17,105
deepseek-r1_prompt4_false-presuppositions35_2,1,human,agent,0.54,16,215
deepseek-r1_prompt4_false-presuppositions35_3,1,human,agent,0.52,17,248
deepseek-r1_prompt4_false-presuppositions35_4,1,human,agent,0.66,28,278
deepseek-r1_prompt4_false-presuppositions35_5,1,human,agent,0.55,26,299
deepseek-r1_prompt0_false-presuppositions36_1,1,human,agent,0.38,24,317
deepseek-r1_prompt0_false-presuppositions36_2,1,human,agent,0.26,19,249
deepseek-r1_prompt0_false-presuppositions36_3,1,human,agent,0.35,24,265
deepseek-r1_prompt0_false-presuppositions36_4,1,human,agent,0.56,27,260
deepseek-r1_prompt0_false-presuppositions36_5,1,human,agent,0.54,26,279
deepseek-r1_prompt1_false-presuppositions36_1,1,human,agent,0.32,24,328
deepseek-r1_prompt1_false-presuppositions36_2,1,human,agent,0.24,19,241
deepseek-r1_prompt1_false-presuppositions36_3,1,human,agent,0.30,24,245
deepseek-r1_prompt1_false-presuppositions36_4,1,human,agent,0.48,27,266
deepseek-r1_prompt1_false-presuppositions36_5,1,human,agent,0.52,26,279
deepseek-r1_prompt2_false-presuppositions36_1,1,human,agent,0.51,24,207
deepseek-r1_prompt2_false-presuppositions36_2,1,human,agent,0.31,19,237
deepseek-r1_prompt2_false-presuppositions36_3,1,human,agent,0.47,24,265
deepseek-r1_prompt2_false-presuppositions36_4,1,human,agent,0.65,27,301
deepseek-r1_prompt2_false-presuppositions36_5,1,human,agent,0.69,26,289
deepseek-r1_prompt3_false-presuppositions36_1,1,human,agent,0.38,24,248
deepseek-r1_prompt3_false-presuppositions36_2,1,human,agent,0.16,19,281
deepseek-r1_prompt3_false-presuppositions36_3,1,human,agent,0.36,24,294
deepseek-r1_prompt3_false-presuppositions36_4,1,human,agent,0.51,27,263
deepseek-r1_prompt3_false-presuppositions36_5,1,human,agent,0.49,26,260
deepseek-r1_prompt4_false-presuppositions36_1,1,human,agent,0.37,24,150
deepseek-r1_prompt4_false-presuppositions36_2,1,human,agent,0.28,19,233
deepseek-r1_prompt4_false-presuppositions36_3,1,human,agent,0.39,24,288
deepseek-r1_prompt4_false-presuppositions36_4,1,human,agent,0.59,27,328
deepseek-r1_prompt4_false-presuppositions36_5,1,human,agent,0.63,26,331
deepseek-r1_prompt0_false-presuppositions37_1,1,human,agent,0.63,29,215
deepseek-r1_prompt0_false-presuppositions37_2,1,human,agent,0.28,16,181
deepseek-r1_prompt0_false-presuppositions37_3,1,human,agent,0.53,18,248
deepseek-r1_prompt0_false-presuppositions37_4,1,human,agent,0.57,27,238
deepseek-r1_prompt0_false-presuppositions37_5,1,human,agent,0.59,19,271
deepseek-r1_prompt1_false-presuppositions37_1,1,human,agent,0.52,29,251
deepseek-r1_prompt1_false-presuppositions37_2,1,human,agent,0.30,16,238
deepseek-r1_prompt1_false-presuppositions37_3,1,human,agent,0.48,18,275
deepseek-r1_prompt1_false-presuppositions37_4,1,human,agent,0.48,27,268
deepseek-r1_prompt1_false-presuppositions37_5,1,human,agent,0.58,19,265
deepseek-r1_prompt2_false-presuppositions37_1,1,human,agent,0.70,29,138
deepseek-r1_prompt2_false-presuppositions37_2,1,human,agent,0.36,16,239
deepseek-r1_prompt2_false-presuppositions37_3,1,human,agent,0.55,18,288
deepseek-r1_prompt2_false-presuppositions37_4,1,human,agent,0.61,27,259
deepseek-r1_prompt2_false-presuppositions37_5,1,human,agent,0.64,19,317
deepseek-r1_prompt3_false-presuppositions37_1,1,human,agent,0.67,29,242
deepseek-r1_prompt3_false-presuppositions37_2,1,human,agent,0.28,16,227
deepseek-r1_prompt3_false-presuppositions37_3,1,human,agent,0.52,18,255
deepseek-r1_prompt3_false-presuppositions37_4,1,human,agent,0.51,27,256
deepseek-r1_prompt3_false-presuppositions37_5,1,human,agent,0.50,19,292
deepseek-r1_prompt4_false-presuppositions37_1,1,human,agent,0.61,29,144
deepseek-r1_prompt4_false-presuppositions37_2,1,human,agent,0.32,16,193
deepseek-r1_prompt4_false-presuppositions37_3,1,human,agent,0.57,18,221
deepseek-r1_prompt4_false-presuppositions37_4,1,human,agent,0.57,27,245
deepseek-r1_prompt4_false-presuppositions37_5,1,human,agent,0.55,19,275
deepseek-r1_prompt0_false-presuppositions38_1,1,human,agent,0.43,12,171
deepseek-r1_prompt0_false-presuppositions38_2,1,human,agent,0.47,24,207
deepseek-r1_prompt0_false-presuppositions38_3,1,human,agent,0.81,26,248
deepseek-r1_prompt0_false-presuppositions38_4,1,human,agent,0.70,29,254
deepseek-r1_prompt0_false-presuppositions38_5,1,human,agent,0.66,38,260
deepseek-r1_prompt1_false-presuppositions38_1,1,human,agent,0.45,12,204
deepseek-r1_prompt1_false-presuppositions38_2,1,human,agent,0.50,24,205
deepseek-r1_prompt1_false-presuppositions38_3,1,human,agent,0.70,26,241
deepseek-r1_prompt1_false-presuppositions38_4,1,human,agent,0.64,29,240
deepseek-r1_prompt1_false-presuppositions38_5,1,human,agent,0.66,38,263
deepseek-r1_prompt2_false-presuppositions38_1,1,human,agent,0.46,12,101
deepseek-r1_prompt2_false-presuppositions38_2,1,human,agent,0.47,24,241
deepseek-r1_prompt2_false-presuppositions38_3,1,human,agent,0.84,26,283
deepseek-r1_prompt2_false-presuppositions38_4,1,human,agent,0.80,29,305
deepseek-r1_prompt2_false-presuppositions38_5,1,human,agent,0.66,38,297
deepseek-r1_prompt3_false-presuppositions38_1,1,human,agent,0.36,12,141
deepseek-r1_prompt3_false-presuppositions38_2,1,human,agent,0.38,24,208
deepseek-r1_prompt3_false-presuppositions38_3,1,human,agent,0.70,26,231
deepseek-r1_prompt3_false-presuppositions38_4,1,human,agent,0.72,29,248
deepseek-r1_prompt3_false-presuppositions38_5,1,human,agent,0.66,38,266
deepseek-r1_prompt4_false-presuppositions38_1,1,human,agent,0.61,12,96
deepseek-r1_prompt4_false-presuppositions38_2,1,human,agent,0.41,24,238
deepseek-r1_prompt4_false-presuppositions38_3,1,human,agent,0.66,26,273
deepseek-r1_prompt4_false-presuppositions38_4,1,human,agent,0.69,29,264
deepseek-r1_prompt4_false-presuppositions38_5,1,human,agent,0.71,38,284
deepseek-r1_prompt0_false-presuppositions39_1,1,human,agent,0.49,32,290
deepseek-r1_prompt0_false-presuppositions39_2,1,human,agent,0.62,25,275
deepseek-r1_prompt0_false-presuppositions39_3,1,human,agent,0.68,23,322
deepseek-r1_prompt0_false-presuppositions39_4,1,human,agent,0.75,37,345
deepseek-r1_prompt0_false-presuppositions39_5,1,human,agent,0.57,33,280
deepseek-r1_prompt1_false-presuppositions39_1,1,human,agent,0.62,32,352
deepseek-r1_prompt1_false-presuppositions39_2,1,human,agent,0.60,25,270
deepseek-r1_prompt1_false-presuppositions39_3,1,human,agent,0.62,23,313
deepseek-r1_prompt1_false-presuppositions39_4,1,human,agent,0.70,37,305
deepseek-r1_prompt1_false-presuppositions39_5,1,human,agent,0.55,33,305
deepseek-r1_prompt2_false-presuppositions39_1,1,human,agent,0.61,32,190
deepseek-r1_prompt2_false-presuppositions39_2,1,human,agent,0.64,25,268
deepseek-r1_prompt2_false-presuppositions39_3,1,human,agent,0.72,23,269
deepseek-r1_prompt2_false-presuppositions39_4,1,human,agent,0.81,37,313
deepseek-r1_prompt2_false-presuppositions39_5,1,human,agent,0.56,33,321
deepseek-r1_prompt3_false-presuppositions39_1,1,human,agent,0.49,32,300
deepseek-r1_prompt3_false-presuppositions39_2,1,human,agent,0.56,25,261
deepseek-r1_prompt3_false-presuppositions39_3,1,human,agent,0.53,23,297
deepseek-r1_prompt3_false-presuppositions39_4,1,human,agent,0.72,37,285
deepseek-r1_prompt3_false-presuppositions39_5,1,human,agent,0.53,33,328
deepseek-r1_prompt4_false-presuppositions39_1,1,human,agent,0.63,32,222
deepseek-r1_prompt4_false-presuppositions39_2,1,human,agent,0.60,25,256
deepseek-r1_prompt4_false-presuppositions39_3,1,human,agent,0.69,23,279
deepseek-r1_prompt4_false-presuppositions39_4,1,human,agent,0.78,37,282
deepseek-r1_prompt4_false-presuppositions39_5,1,human,agent,0.61,33,293
deepseek-r1_prompt0_false-presuppositions4_1,1,human,agent,0.40,11,197
deepseek-r1_prompt0_false-presuppositions4_2,1,human,agent,0.65,21,220
deepseek-r1_prompt0_false-presuppositions4_3,1,human,agent,0.58,22,241
deepseek-r1_prompt0_false-presuppositions4_4,1,human,agent,0.44,24,239
deepseek-r1_prompt0_false-presuppositions4_5,1,human,agent,0.45,21,256
deepseek-r1_prompt1_false-presuppositions4_1,1,human,agent,0.43,11,272
deepseek-r1_prompt1_false-presuppositions4_2,1,human,agent,0.68,21,193
deepseek-r1_prompt1_false-presuppositions4_3,1,human,agent,0.52,22,256
deepseek-r1_prompt1_false-presuppositions4_4,1,human,agent,0.44,24,240
deepseek-r1_prompt1_false-presuppositions4_5,1,human,agent,0.42,21,267
deepseek-r1_prompt2_false-presuppositions4_1,1,human,agent,0.44,11,208
deepseek-r1_prompt2_false-presuppositions4_2,1,human,agent,0.72,21,235
deepseek-r1_prompt2_false-presuppositions4_3,1,human,agent,0.63,22,292
deepseek-r1_prompt2_false-presuppositions4_4,1,human,agent,0.53,24,288
deepseek-r1_prompt2_false-presuppositions4_5,1,human,agent,0.49,21,280
deepseek-r1_prompt3_false-presuppositions4_1,1,human,agent,0.47,11,195
deepseek-r1_prompt3_false-presuppositions4_2,1,human,agent,0.57,21,267
deepseek-r1_prompt3_false-presuppositions4_3,1,human,agent,0.54,22,283
deepseek-r1_prompt3_false-presuppositions4_4,1,human,agent,0.41,24,250
deepseek-r1_prompt3_false-presuppositions4_5,1,human,agent,0.42,21,271
deepseek-r1_prompt4_false-presuppositions4_1,1,human,agent,0.54,11,117
deepseek-r1_prompt4_false-presuppositions4_2,1,human,agent,0.60,21,255
deepseek-r1_prompt4_false-presuppositions4_3,1,human,agent,0.58,22,251
deepseek-r1_prompt4_false-presuppositions4_4,1,human,agent,0.48,24,220
deepseek-r1_prompt4_false-presuppositions4_5,1,human,agent,0.36,21,227
deepseek-r1_prompt0_false-presuppositions40_1,1
deepseek-r1_prompt0_false-presuppositions40_2,1,human,agent,0.44,19,252
deepseek-r1_prompt0_false-presuppositions40_3,1,human,agent,0.49,16,242
deepseek-r1_prompt0_false-presuppositions40_4,1,human,agent,0.60,24,267
deepseek-r1_prompt0_false-presuppositions40_5,1,human,agent,0.56,21,277
deepseek-r1_prompt1_false-presuppositions40_1,1
deepseek-r1_prompt1_false-presuppositions40_2,1,human,agent,0.37,19,277
deepseek-r1_prompt1_false-presuppositions40_3,1,human,agent,0.57,16,267
deepseek-r1_prompt1_false-presuppositions40_4,1,human,agent,0.61,24,294
deepseek-r1_prompt1_false-presuppositions40_5,1,human,agent,0.56,21,284
deepseek-r1_prompt2_false-presuppositions40_1,1
deepseek-r1_prompt2_false-presuppositions40_2,1,human,agent,0.50,19,221
deepseek-r1_prompt2_false-presuppositions40_3,1,human,agent,0.59,16,258
deepseek-r1_prompt2_false-presuppositions40_4,1,human,agent,0.65,24,243
deepseek-r1_prompt2_false-presuppositions40_5,1,human,agent,0.58,21,266
deepseek-r1_prompt3_false-presuppositions40_1,1
deepseek-r1_prompt3_false-presuppositions40_2,1,human,agent,0.41,19,195
deepseek-r1_prompt3_false-presuppositions40_3,1,human,agent,0.49,16,230
deepseek-r1_prompt3_false-presuppositions40_4,1,human,agent,0.59,24,241
deepseek-r1_prompt3_false-presuppositions40_5,1,human,agent,0.54,21,238
deepseek-r1_prompt4_false-presuppositions40_1,1
deepseek-r1_prompt4_false-presuppositions40_2,1,human,agent,0.43,19,195
deepseek-r1_prompt4_false-presuppositions40_3,1,human,agent,0.51,16,265
deepseek-r1_prompt4_false-presuppositions40_4,1,human,agent,0.64,24,261
deepseek-r1_prompt4_false-presuppositions40_5,1,human,agent,0.53,21,266
deepseek-r1_prompt0_false-presuppositions41_1,1,human,agent,0.21,13,198
deepseek-r1_prompt0_false-presuppositions41_2,1,human,agent,0.41,18,251
deepseek-r1_prompt0_false-presuppositions41_3,1,human,agent,0.52,28,287
deepseek-r1_prompt0_false-presuppositions41_4,1,human,agent,0.64,35,324
deepseek-r1_prompt0_false-presuppositions41_5,1,human,agent,0.45,26,265
deepseek-r1_prompt1_false-presuppositions41_1,1,human,agent,0.24,13,289
deepseek-r1_prompt1_false-presuppositions41_2,1,human,agent,0.47,18,246
deepseek-r1_prompt1_false-presuppositions41_3,1,human,agent,0.65,28,248
deepseek-r1_prompt1_false-presuppositions41_4,1,human,agent,0.66,35,289
deepseek-r1_prompt1_false-presuppositions41_5,1,human,agent,0.41,26,264
deepseek-r1_prompt2_false-presuppositions41_1,1,human,agent,0.26,13,174
deepseek-r1_prompt2_false-presuppositions41_2,1,human,agent,0.66,18,262
deepseek-r1_prompt2_false-presuppositions41_3,1,human,agent,0.79,28,301
deepseek-r1_prompt2_false-presuppositions41_4,1,human,agent,0.65,35,308
deepseek-r1_prompt2_false-presuppositions41_5,1,human,agent,0.54,26,311
deepseek-r1_prompt3_false-presuppositions41_1,1,human,agent,0.21,13,197
deepseek-r1_prompt3_false-presuppositions41_2,1,human,agent,0.47,18,246
deepseek-r1_prompt3_false-presuppositions41_3,1,human,agent,0.63,28,277
deepseek-r1_prompt3_false-presuppositions41_4,1,human,agent,0.64,35,296
deepseek-r1_prompt3_false-presuppositions41_5,1,human,agent,0.40,26,247
deepseek-r1_prompt4_false-presuppositions41_1,1,human,agent,0.22,13,119
deepseek-r1_prompt4_false-presuppositions41_2,1,human,agent,0.45,18,260
deepseek-r1_prompt4_false-presuppositions41_3,1,human,agent,0.66,28,262
deepseek-r1_prompt4_false-presuppositions41_4,1,human,agent,0.63,35,285
deepseek-r1_prompt4_false-presuppositions41_5,1,human,agent,0.43,26,307
deepseek-r1_prompt0_false-presuppositions42_1,1,human,agent,0.56,13,218
deepseek-r1_prompt0_false-presuppositions42_2,1,human,agent,0.58,19,227
deepseek-r1_prompt0_false-presuppositions42_3,1,human,agent,0.58,25,274
deepseek-r1_prompt0_false-presuppositions42_4,1,human,agent,0.62,29,289
deepseek-r1_prompt0_false-presuppositions42_5,1,human,agent,0.54,25,311
deepseek-r1_prompt1_false-presuppositions42_1,1,human,agent,0.55,13,267
deepseek-r1_prompt1_false-presuppositions42_2,1,human,agent,0.48,19,229
deepseek-r1_prompt1_false-presuppositions42_3,1,human,agent,0.54,25,256
deepseek-r1_prompt1_false-presuppositions42_4,1,human,agent,0.58,29,266
deepseek-r1_prompt1_false-presuppositions42_5,1,human,agent,0.54,25,291
deepseek-r1_prompt2_false-presuppositions42_1,1,human,agent,0.49,13,113
deepseek-r1_prompt2_false-presuppositions42_2,1,human,agent,0.51,19,242
deepseek-r1_prompt2_false-presuppositions42_3,1,human,agent,0.61,25,260
deepseek-r1_prompt2_false-presuppositions42_4,1,human,agent,0.64,29,273
deepseek-r1_prompt2_false-presuppositions42_5,1,human,agent,0.59,25,305
deepseek-r1_prompt3_false-presuppositions42_1,1,human,agent,0.44,13,156
deepseek-r1_prompt3_false-presuppositions42_2,1,human,agent,0.47,19,220
deepseek-r1_prompt3_false-presuppositions42_3,1,human,agent,0.55,25,246
deepseek-r1_prompt3_false-presuppositions42_4,1,human,agent,0.46,29,250
deepseek-r1_prompt3_false-presuppositions42_5,1,human,agent,0.54,25,265
deepseek-r1_prompt4_false-presuppositions42_1,1,human,agent,0.56,13,114
deepseek-r1_prompt4_false-presuppositions42_2,1,human,agent,0.55,19,210
deepseek-r1_prompt4_false-presuppositions42_3,1,human,agent,0.59,25,241
deepseek-r1_prompt4_false-presuppositions42_4,1,human,agent,0.57,29,259
deepseek-r1_prompt4_false-presuppositions42_5,1,human,agent,0.61,25,281
deepseek-r1_prompt0_false-presuppositions43_1,1,human,agent,0.40,53,261
deepseek-r1_prompt0_false-presuppositions43_2,1,human,agent,0.54,28,261
deepseek-r1_prompt0_false-presuppositions43_3,1,human,agent,0.57,29,291
deepseek-r1_prompt0_false-presuppositions43_4,1,human,agent,0.75,44,312
deepseek-r1_prompt0_false-presuppositions43_5,1,human,agent,0.39,27,286
deepseek-r1_prompt1_false-presuppositions43_1,1,human,agent,0.49,53,355
deepseek-r1_prompt1_false-presuppositions43_2,1,human,agent,0.67,28,239
deepseek-r1_prompt1_false-presuppositions43_3,1,human,agent,0.59,29,274
deepseek-r1_prompt1_false-presuppositions43_4,1,human,agent,0.69,44,302
deepseek-r1_prompt1_false-presuppositions43_5,1,human,agent,0.42,27,293
deepseek-r1_prompt2_false-presuppositions43_1,1,human,agent,0.62,53,202
deepseek-r1_prompt2_false-presuppositions43_2,1,human,agent,0.56,28,263
deepseek-r1_prompt2_false-presuppositions43_3,1,human,agent,0.58,29,283
deepseek-r1_prompt2_false-presuppositions43_4,1,human,agent,0.77,44,318
deepseek-r1_prompt2_false-presuppositions43_5,1,human,agent,0.40,27,330
deepseek-r1_prompt3_false-presuppositions43_1,1,human,agent,0.52,53,202
deepseek-r1_prompt3_false-presuppositions43_2,1,human,agent,0.61,28,229
deepseek-r1_prompt3_false-presuppositions43_3,1,human,agent,0.44,29,258
deepseek-r1_prompt3_false-presuppositions43_4,1,human,agent,0.67,44,258
deepseek-r1_prompt3_false-presuppositions43_5,1,human,agent,0.37,27,273
deepseek-r1_prompt4_false-presuppositions43_1,1,human,agent,0.52,53,173
deepseek-r1_prompt4_false-presuppositions43_2,1,human,agent,0.57,28,245
deepseek-r1_prompt4_false-presuppositions43_3,1,human,agent,0.59,29,260
deepseek-r1_prompt4_false-presuppositions43_4,1,human,agent,0.75,44,282
deepseek-r1_prompt4_false-presuppositions43_5,1,human,agent,0.43,27,306
deepseek-r1_prompt0_false-presuppositions44_1,1,human,agent,0.60,18,263
deepseek-r1_prompt0_false-presuppositions44_2,1,human,agent,0.35,21,244
deepseek-r1_prompt0_false-presuppositions44_3,1,human,agent,0.76,25,275
deepseek-r1_prompt0_false-presuppositions44_4,1,human,agent,0.59,36,255
deepseek-r1_prompt0_false-presuppositions44_5,1,human,agent,0.68,32,300
deepseek-r1_prompt1_false-presuppositions44_1,1,human,agent,0.48,18,224
deepseek-r1_prompt1_false-presuppositions44_2,1,human,agent,0.41,21,220
deepseek-r1_prompt1_false-presuppositions44_3,1,human,agent,0.70,25,285
deepseek-r1_prompt1_false-presuppositions44_4,1,human,agent,0.61,36,287
deepseek-r1_prompt1_false-presuppositions44_5,1,human,agent,0.76,32,274
deepseek-r1_prompt2_false-presuppositions44_1,1,human,agent,0.54,18,199
deepseek-r1_prompt2_false-presuppositions44_2,1,human,agent,0.40,21,266
deepseek-r1_prompt2_false-presuppositions44_3,1,human,agent,0.76,25,315
deepseek-r1_prompt2_false-presuppositions44_4,1,human,agent,0.60,36,308
deepseek-r1_prompt2_false-presuppositions44_5,1,human,agent,0.71,32,278
deepseek-r1_prompt3_false-presuppositions44_1,1,human,agent,0.61,18,218
deepseek-r1_prompt3_false-presuppositions44_2,1,human,agent,0.38,21,243
deepseek-r1_prompt3_false-presuppositions44_3,1,human,agent,0.64,25,265
deepseek-r1_prompt3_false-presuppositions44_4,1,human,agent,0.60,36,235
deepseek-r1_prompt3_false-presuppositions44_5,1,human,agent,0.70,32,279
deepseek-r1_prompt4_false-presuppositions44_1,1,human,agent,0.51,18,143
deepseek-r1_prompt4_false-presuppositions44_2,1,human,agent,0.42,21,240
deepseek-r1_prompt4_false-presuppositions44_3,1,human,agent,0.67,25,255
deepseek-r1_prompt4_false-presuppositions44_4,1,human,agent,0.64,36,271
deepseek-r1_prompt4_false-presuppositions44_5,1,human,agent,0.72,32,280
deepseek-r1_prompt0_false-presuppositions45_1,1,human,agent,0.67,36,285
deepseek-r1_prompt0_false-presuppositions45_2,1,human,agent,0.25,21,246
deepseek-r1_prompt0_false-presuppositions45_3,1,human,agent,0.68,29,271
deepseek-r1_prompt0_false-presuppositions45_4,1,human,agent,0.53,32,279
deepseek-r1_prompt0_false-presuppositions45_5,1,human,agent,0.47,30,262
deepseek-r1_prompt1_false-presuppositions45_1,1,human,agent,0.60,36,333
deepseek-r1_prompt1_false-presuppositions45_2,1,human,agent,0.26,21,269
deepseek-r1_prompt1_false-presuppositions45_3,1,human,agent,0.60,29,293
deepseek-r1_prompt1_false-presuppositions45_4,1,human,agent,0.55,32,285
deepseek-r1_prompt1_false-presuppositions45_5,1,human,agent,0.46,30,273
deepseek-r1_prompt2_false-presuppositions45_1,1,human,agent,0.66,36,279
deepseek-r1_prompt2_false-presuppositions45_2,1,human,agent,0.29,21,260
deepseek-r1_prompt2_false-presuppositions45_3,1,human,agent,0.71,29,271
deepseek-r1_prompt2_false-presuppositions45_4,1,human,agent,0.65,32,283
deepseek-r1_prompt2_false-presuppositions45_5,1,human,agent,0.50,30,278
deepseek-r1_prompt3_false-presuppositions45_1,1,human,agent,0.74,36,258
deepseek-r1_prompt3_false-presuppositions45_2,1,human,agent,0.21,21,235
deepseek-r1_prompt3_false-presuppositions45_3,1,human,agent,0.63,29,245
deepseek-r1_prompt3_false-presuppositions45_4,1,human,agent,0.52,32,242
deepseek-r1_prompt3_false-presuppositions45_5,1,human,agent,0.57,30,279
deepseek-r1_prompt4_false-presuppositions45_1,1,human,agent,0.63,36,275
deepseek-r1_prompt4_false-presuppositions45_2,1,human,agent,0.19,21,236
deepseek-r1_prompt4_false-presuppositions45_3,1,human,agent,0.66,29,258
deepseek-r1_prompt4_false-presuppositions45_4,1,human,agent,0.48,32,264
deepseek-r1_prompt4_false-presuppositions45_5,1,human,agent,0.51,30,271
deepseek-r1_prompt0_false-presuppositions46_1,1,human,agent,0.29,14,237
deepseek-r1_prompt0_false-presuppositions46_2,1,human,agent,0.43,19,256
deepseek-r1_prompt0_false-presuppositions46_3,1,human,agent,0.76,20,260
deepseek-r1_prompt0_false-presuppositions46_4,1,human,agent,0.57,29,268
deepseek-r1_prompt0_false-presuppositions46_5,1,human,agent,0.79,23,291
deepseek-r1_prompt1_false-presuppositions46_1,1,human,agent,0.33,14,241
deepseek-r1_prompt1_false-presuppositions46_2,1,human,agent,0.42,19,242
deepseek-r1_prompt1_false-presuppositions46_3,1,human,agent,0.76,20,274
deepseek-r1_prompt1_false-presuppositions46_4,1,human,agent,0.58,29,254
deepseek-r1_prompt1_false-presuppositions46_5,1,human,agent,0.81,23,291
deepseek-r1_prompt2_false-presuppositions46_1,1,human,agent,0.37,14,124
deepseek-r1_prompt2_false-presuppositions46_2,1,human,agent,0.45,19,244
deepseek-r1_prompt2_false-presuppositions46_3,1,human,agent,0.78,20,238
deepseek-r1_prompt2_false-presuppositions46_4,1,human,agent,0.63,29,253
deepseek-r1_prompt2_false-presuppositions46_5,1,human,agent,0.88,23,276
deepseek-r1_prompt3_false-presuppositions46_1,1,human,agent,0.32,14,207
deepseek-r1_prompt3_false-presuppositions46_2,1,human,agent,0.43,19,186
deepseek-r1_prompt3_false-presuppositions46_3,1,human,agent,0.70,20,204
deepseek-r1_prompt3_false-presuppositions46_4,1,human,agent,0.57,29,206
deepseek-r1_prompt3_false-presuppositions46_5,1,human,agent,0.70,23,227
deepseek-r1_prompt4_false-presuppositions46_1,1,human,agent,0.39,14,98
deepseek-r1_prompt4_false-presuppositions46_2,1,human,agent,0.57,19,184
deepseek-r1_prompt4_false-presuppositions46_3,1,human,agent,0.76,20,230
deepseek-r1_prompt4_false-presuppositions46_4,1,human,agent,0.62,29,231
deepseek-r1_prompt4_false-presuppositions46_5,1,human,agent,0.82,23,276
deepseek-r1_prompt0_false-presuppositions47_1,1,human,agent,0.35,13,292
deepseek-r1_prompt0_false-presuppositions47_2,1,human,agent,0.41,28,289
deepseek-r1_prompt0_false-presuppositions47_3,1,human,agent,0.42,22,310
deepseek-r1_prompt0_false-presuppositions47_4,1,human,agent,0.58,28,286
deepseek-r1_prompt0_false-presuppositions47_5,1,human,agent,0.72,26,289
deepseek-r1_prompt1_false-presuppositions47_1,1,human,agent,0.50,13,298
deepseek-r1_prompt1_false-presuppositions47_2,1,human,agent,0.38,28,257
deepseek-r1_prompt1_false-presuppositions47_3,1,human,agent,0.45,22,299
deepseek-r1_prompt1_false-presuppositions47_4,1,human,agent,0.68,28,289
deepseek-r1_prompt1_false-presuppositions47_5,1,human,agent,0.65,26,323
deepseek-r1_prompt2_false-presuppositions47_1,1,human,agent,0.30,13,168
deepseek-r1_prompt2_false-presuppositions47_2,1,human,agent,0.47,28,229
deepseek-r1_prompt2_false-presuppositions47_3,1,human,agent,0.57,22,258
deepseek-r1_prompt2_false-presuppositions47_4,1,human,agent,0.82,28,292
deepseek-r1_prompt2_false-presuppositions47_5,1,human,agent,0.66,26,297
deepseek-r1_prompt3_false-presuppositions47_1,1,human,agent,0.49,13,305
deepseek-r1_prompt3_false-presuppositions47_2,1,human,agent,0.42,28,280
deepseek-r1_prompt3_false-presuppositions47_3,1,human,agent,0.44,22,299
deepseek-r1_prompt3_false-presuppositions47_4,1,human,agent,0.50,28,313
deepseek-r1_prompt3_false-presuppositions47_5,1,human,agent,0.59,26,308
deepseek-r1_prompt4_false-presuppositions47_1,1,human,agent,0.27,13,148
deepseek-r1_prompt4_false-presuppositions47_2,1,human,agent,0.48,28,228
deepseek-r1_prompt4_false-presuppositions47_3,1,human,agent,0.52,22,246
deepseek-r1_prompt4_false-presuppositions47_4,1,human,agent,0.63,28,268
deepseek-r1_prompt4_false-presuppositions47_5,1,human,agent,0.77,26,235
deepseek-r1_prompt0_false-presuppositions48_1,1,human,agent,0.74,59,242
deepseek-r1_prompt0_false-presuppositions48_2,1,human,agent,0.67,64,206
deepseek-r1_prompt0_false-presuppositions48_3,1,human,agent,0.70,64,213
deepseek-r1_prompt0_false-presuppositions48_4,1,human,agent,0.77,64,206
deepseek-r1_prompt0_false-presuppositions48_5,1,human,agent,0.75,64,243
deepseek-r1_prompt1_false-presuppositions48_1,1,human,agent,0.79,59,190
deepseek-r1_prompt1_false-presuppositions48_2,1,human,agent,0.72,64,227
deepseek-r1_prompt1_false-presuppositions48_3,1,human,agent,0.71,64,227
deepseek-r1_prompt1_false-presuppositions48_4,1,human,agent,0.72,64,234
deepseek-r1_prompt1_false-presuppositions48_5,1,human,agent,0.71,64,223
deepseek-r1_prompt2_false-presuppositions48_1,1,human,agent,0.76,59,128
deepseek-r1_prompt2_false-presuppositions48_2,1,human,agent,0.73,64,267
deepseek-r1_prompt2_false-presuppositions48_3,1,human,agent,0.70,64,270
deepseek-r1_prompt2_false-presuppositions48_4,1,human,agent,0.75,64,249
deepseek-r1_prompt2_false-presuppositions48_5,1,human,agent,0.66,64,289
deepseek-r1_prompt3_false-presuppositions48_1,1,human,agent,0.70,59,142
deepseek-r1_prompt3_false-presuppositions48_2,1,human,agent,0.70,64,217
deepseek-r1_prompt3_false-presuppositions48_3,1,human,agent,0.63,64,247
deepseek-r1_prompt3_false-presuppositions48_4,1,human,agent,0.57,64,260
deepseek-r1_prompt3_false-presuppositions48_5,1,human,agent,0.60,64,259
deepseek-r1_prompt4_false-presuppositions48_1,1,human,agent,0.72,59,114
deepseek-r1_prompt4_false-presuppositions48_2,1,human,agent,0.71,64,247
deepseek-r1_prompt4_false-presuppositions48_3,1,human,agent,0.68,64,256
deepseek-r1_prompt4_false-presuppositions48_4,1,human,agent,0.68,64,261
deepseek-r1_prompt4_false-presuppositions48_5,1,human,agent,0.74,64,296
deepseek-r1_prompt0_false-presuppositions49_1,1,human,agent,0.58,15,288
deepseek-r1_prompt0_false-presuppositions49_2,1,human,agent,0.26,20,257
deepseek-r1_prompt0_false-presuppositions49_3,1,human,agent,0.39,15,280
deepseek-r1_prompt0_false-presuppositions49_4,1,human,agent,0.41,33,243
deepseek-r1_prompt0_false-presuppositions49_5,1,human,agent,0.45,28,300
deepseek-r1_prompt1_false-presuppositions49_1,1,human,agent,0.41,15,230
deepseek-r1_prompt1_false-presuppositions49_2,1,human,agent,0.28,20,235
deepseek-r1_prompt1_false-presuppositions49_3,1,human,agent,0.40,15,279
deepseek-r1_prompt1_false-presuppositions49_4,1,human,agent,0.38,33,265
deepseek-r1_prompt1_false-presuppositions49_5,1,human,agent,0.44,28,261
deepseek-r1_prompt2_false-presuppositions49_1,1,human,agent,0.52,15,134
deepseek-r1_prompt2_false-presuppositions49_2,1,human,agent,0.41,20,254
deepseek-r1_prompt2_false-presuppositions49_3,1,human,agent,0.52,15,272
deepseek-r1_prompt2_false-presuppositions49_4,1,human,agent,0.44,33,288
deepseek-r1_prompt2_false-presuppositions49_5,1,human,agent,0.51,28,318
deepseek-r1_prompt3_false-presuppositions49_1,1,human,agent,0.52,15,197
deepseek-r1_prompt3_false-presuppositions49_2,1,human,agent,0.24,20,207
deepseek-r1_prompt3_false-presuppositions49_3,1,human,agent,0.37,15,243
deepseek-r1_prompt3_false-presuppositions49_4,1,human,agent,0.36,33,284
deepseek-r1_prompt3_false-presuppositions49_5,1,human,agent,0.48,28,269
deepseek-r1_prompt4_false-presuppositions49_1,1,human,agent,0.43,15,129
deepseek-r1_prompt4_false-presuppositions49_2,1,human,agent,0.32,20,223
deepseek-r1_prompt4_false-presuppositions49_3,1,human,agent,0.45,15,278
deepseek-r1_prompt4_false-presuppositions49_4,1,human,agent,0.41,33,265
deepseek-r1_prompt4_false-presuppositions49_5,1,human,agent,0.47,28,315
deepseek-r1_prompt0_false-presuppositions5_1,1,human,agent,0.41,28,227
deepseek-r1_prompt0_false-presuppositions5_2,1,human,agent,0.60,18,276
deepseek-r1_prompt0_false-presuppositions5_3,1,human,agent,0.51,26,302
deepseek-r1_prompt0_false-presuppositions5_4,1,human,agent,0.68,29,318
deepseek-r1_prompt0_false-presuppositions5_5,1,human,agent,0.49,25,295
deepseek-r1_prompt1_false-presuppositions5_1,1,human,agent,0.40,28,227
deepseek-r1_prompt1_false-presuppositions5_2,1,human,agent,0.55,18,238
deepseek-r1_prompt1_false-presuppositions5_3,1,human,agent,0.53,26,291
deepseek-r1_prompt1_false-presuppositions5_4,1,human,agent,0.65,29,318
deepseek-r1_prompt1_false-presuppositions5_5,1,human,agent,0.60,25,322
deepseek-r1_prompt2_false-presuppositions5_1,1,human,agent,0.58,28,196
deepseek-r1_prompt2_false-presuppositions5_2,1,human,agent,0.65,18,264
deepseek-r1_prompt2_false-presuppositions5_3,1,human,agent,0.61,26,277
deepseek-r1_prompt2_false-presuppositions5_4,1,human,agent,0.75,29,298
deepseek-r1_prompt2_false-presuppositions5_5,1,human,agent,0.55,25,285
deepseek-r1_prompt3_false-presuppositions5_1,1,human,agent,0.52,28,303
deepseek-r1_prompt3_false-presuppositions5_2,1,human,agent,0.55,18,255
deepseek-r1_prompt3_false-presuppositions5_3,1,human,agent,0.54,26,276
deepseek-r1_prompt3_false-presuppositions5_4,1,human,agent,0.63,29,263
deepseek-r1_prompt3_false-presuppositions5_5,1,human,agent,0.53,25,292
deepseek-r1_prompt0_false-presuppositions50_1,1,human,agent,0.48,22,199
deepseek-r1_prompt0_false-presuppositions50_2,1,human,agent,0.40,21,223
deepseek-r1_prompt0_false-presuppositions50_3,1,human,agent,0.45,20,210
deepseek-r1_prompt0_false-presuppositions50_4,1,human,agent,0.39,22,214
deepseek-r1_prompt0_false-presuppositions50_5,1,human,agent,0.32,29,244
deepseek-r1_prompt1_false-presuppositions50_1,1,human,agent,0.52,22,227
deepseek-r1_prompt1_false-presuppositions50_2,1,human,agent,0.48,21,204
deepseek-r1_prompt1_false-presuppositions50_3,1,human,agent,0.56,20,211
deepseek-r1_prompt1_false-presuppositions50_4,1,human,agent,0.48,22,198
deepseek-r1_prompt1_false-presuppositions50_5,1,human,agent,0.43,29,208
deepseek-r1_prompt2_false-presuppositions50_1,1,human,agent,0.52,22,190
deepseek-r1_prompt2_false-presuppositions50_2,1,human,agent,0.42,21,215
deepseek-r1_prompt2_false-presuppositions50_3,1,human,agent,0.55,20,250
deepseek-r1_prompt2_false-presuppositions50_4,1,human,agent,0.35,22,230
deepseek-r1_prompt2_false-presuppositions50_5,1,human,agent,0.54,29,260
deepseek-r1_prompt3_false-presuppositions50_1,1,human,agent,0.54,22,168
deepseek-r1_prompt3_false-presuppositions50_2,1,human,agent,0.45,21,205
deepseek-r1_prompt3_false-presuppositions50_3,1,human,agent,0.50,20,207
deepseek-r1_prompt3_false-presuppositions50_4,1,human,agent,0.35,22,242
deepseek-r1_prompt3_false-presuppositions50_5,1,human,agent,0.40,29,264
deepseek-r1_prompt4_false-presuppositions50_1,1,human,agent,0.52,22,109
deepseek-r1_prompt4_false-presuppositions50_2,1,human,agent,0.40,21,204
deepseek-r1_prompt4_false-presuppositions50_3,1,human,agent,0.56,20,245
deepseek-r1_prompt4_false-presuppositions50_4,1,human,agent,0.41,22,223
deepseek-r1_prompt4_false-presuppositions50_5,1,human,agent,0.47,29,262
deepseek-r1_prompt0_false-presuppositions51_1,1,human,agent,0.45,22,208
deepseek-r1_prompt0_false-presuppositions51_2,1,human,agent,0.60,24,291
deepseek-r1_prompt0_false-presuppositions51_3,1,human,agent,0.60,27,298
deepseek-r1_prompt0_false-presuppositions51_4,1,human,agent,0.62,25,301
deepseek-r1_prompt0_false-presuppositions51_5,1,human,agent,0.56,23,297
deepseek-r1_prompt1_false-presuppositions51_1,1,human,agent,0.49,22,201
deepseek-r1_prompt1_false-presuppositions51_2,1,human,agent,0.63,24,264
deepseek-r1_prompt1_false-presuppositions51_3,1,human,agent,0.65,27,298
deepseek-r1_prompt1_false-presuppositions51_4,1,human,agent,0.65,25,293
deepseek-r1_prompt1_false-presuppositions51_5,1,human,agent,0.59,23,292
deepseek-r1_prompt2_false-presuppositions51_1,1,human,agent,0.60,22,108
deepseek-r1_prompt2_false-presuppositions51_2,1,human,agent,0.71,24,271
deepseek-r1_prompt2_false-presuppositions51_3,1,human,agent,0.72,27,296
deepseek-r1_prompt2_false-presuppositions51_4,1,human,agent,0.76,25,313
deepseek-r1_prompt2_false-presuppositions51_5,1,human,agent,0.65,23,334
deepseek-r1_prompt3_false-presuppositions51_1,1,human,agent,0.45,22,186
deepseek-r1_prompt3_false-presuppositions51_2,1,human,agent,0.59,24,241
deepseek-r1_prompt3_false-presuppositions51_3,1,human,agent,0.68,27,260
deepseek-r1_prompt3_false-presuppositions51_4,1,human,agent,0.55,25,283
deepseek-r1_prompt3_false-presuppositions51_5,1,human,agent,0.52,23,312
deepseek-r1_prompt4_false-presuppositions51_1,1,human,agent,0.63,22,129
deepseek-r1_prompt4_false-presuppositions51_2,1,human,agent,0.70,24,248
deepseek-r1_prompt4_false-presuppositions51_3,1,human,agent,0.75,27,266
deepseek-r1_prompt4_false-presuppositions51_4,1,human,agent,0.72,25,290
deepseek-r1_prompt4_false-presuppositions51_5,1,human,agent,0.64,23,312
deepseek-r1_prompt0_false-presuppositions52_1,1,human,agent,0.43,32,276
deepseek-r1_prompt0_false-presuppositions52_2,1,human,agent,0.38,24,152
deepseek-r1_prompt0_false-presuppositions52_3,1,human,agent,0.78,26,197
deepseek-r1_prompt0_false-presuppositions52_4,1,human,agent,0.67,30,179
deepseek-r1_prompt0_false-presuppositions52_5,1,human,agent,0.46,29,246
deepseek-r1_prompt1_false-presuppositions52_1,1,human,agent,0.49,32,291
deepseek-r1_prompt1_false-presuppositions52_2,1,human,agent,0.40,24,177
deepseek-r1_prompt1_false-presuppositions52_3,1,human,agent,0.65,26,173
deepseek-r1_prompt1_false-presuppositions52_4,1,human,agent,0.72,30,236
deepseek-r1_prompt1_false-presuppositions52_5,1,human,agent,0.46,29,223
deepseek-r1_prompt2_false-presuppositions52_1,1,human,agent,0.48,32,207
deepseek-r1_prompt2_false-presuppositions52_2,1,human,agent,0.57,24,254
deepseek-r1_prompt2_false-presuppositions52_3,1,human,agent,0.73,26,230
deepseek-r1_prompt2_false-presuppositions52_4,1,human,agent,0.75,30,232
deepseek-r1_prompt2_false-presuppositions52_5,1,human,agent,0.49,29,238
deepseek-r1_prompt3_false-presuppositions52_1,1,human,agent,0.46,32,207
deepseek-r1_prompt3_false-presuppositions52_2,1,human,agent,0.32,24,194
deepseek-r1_prompt3_false-presuppositions52_3,1,human,agent,0.69,26,200
deepseek-r1_prompt3_false-presuppositions52_4,1,human,agent,0.65,30,211
deepseek-r1_prompt3_false-presuppositions52_5,1,human,agent,0.39,29,196
deepseek-r1_prompt4_false-presuppositions52_1,1,human,agent,0.50,32,135
deepseek-r1_prompt4_false-presuppositions52_2,1,human,agent,0.48,24,224
deepseek-r1_prompt4_false-presuppositions52_3,1,human,agent,0.73,26,244
deepseek-r1_prompt4_false-presuppositions52_4,1,human,agent,0.78,30,232
deepseek-r1_prompt4_false-presuppositions52_5,1,human,agent,0.52,29,266
deepseek-r1_prompt0_false-presuppositions53_1,1
deepseek-r1_prompt0_false-presuppositions53_2,1,human,agent,0.54,21,196
deepseek-r1_prompt0_false-presuppositions53_3,1,human,agent,0.46,22,268
deepseek-r1_prompt0_false-presuppositions53_4,1,human,agent,0.50,21,247
deepseek-r1_prompt0_false-presuppositions53_5,1,human,agent,0.48,25,273
deepseek-r1_prompt1_false-presuppositions53_1,1
deepseek-r1_prompt1_false-presuppositions53_2,1,human,agent,0.56,21,205
deepseek-r1_prompt1_false-presuppositions53_3,1,human,agent,0.51,22,276
deepseek-r1_prompt1_false-presuppositions53_4,1,human,agent,0.54,21,273
deepseek-r1_prompt1_false-presuppositions53_5,1,human,agent,0.47,25,317
deepseek-r1_prompt2_false-presuppositions53_1,1
deepseek-r1_prompt2_false-presuppositions53_2,1,human,agent,0.60,21,217
deepseek-r1_prompt2_false-presuppositions53_3,1,human,agent,0.53,22,231
deepseek-r1_prompt2_false-presuppositions53_4,1,human,agent,0.60,21,247
deepseek-r1_prompt2_false-presuppositions53_5,1,human,agent,0.52,25,263
deepseek-r1_prompt3_false-presuppositions53_1,1
deepseek-r1_prompt3_false-presuppositions53_2,1,human,agent,0.49,21,223
deepseek-r1_prompt3_false-presuppositions53_3,1,human,agent,0.36,22,229
deepseek-r1_prompt3_false-presuppositions53_4,1,human,agent,0.48,21,224
deepseek-r1_prompt3_false-presuppositions53_5,1,human,agent,0.44,25,281
deepseek-r1_prompt4_false-presuppositions53_1,1
deepseek-r1_prompt4_false-presuppositions53_2,1,human,agent,0.57,21,256
deepseek-r1_prompt4_false-presuppositions53_3,1,human,agent,0.47,22,261
deepseek-r1_prompt4_false-presuppositions53_4,1,human,agent,0.58,21,291
deepseek-r1_prompt4_false-presuppositions53_5,1,human,agent,0.44,25,324
deepseek-r1_prompt0_false-presuppositions54_1,1,human,agent,0.37,15,154
deepseek-r1_prompt0_false-presuppositions54_2,1,human,agent,0.64,28,220
deepseek-r1_prompt0_false-presuppositions54_3,1,human,agent,0.51,21,247
deepseek-r1_prompt0_false-presuppositions54_4,1,human,agent,0.71,28,325
deepseek-r1_prompt0_false-presuppositions54_5,1,human,agent,0.70,31,267
deepseek-r1_prompt1_false-presuppositions54_1,1,human,agent,0.44,15,213
deepseek-r1_prompt1_false-presuppositions54_2,1,human,agent,0.57,28,217
deepseek-r1_prompt1_false-presuppositions54_3,1,human,agent,0.46,21,210
deepseek-r1_prompt1_false-presuppositions54_4,1,human,agent,0.63,28,244
deepseek-r1_prompt1_false-presuppositions54_5,1,human,agent,0.66,31,236
deepseek-r1_prompt2_false-presuppositions54_1,1,human,agent,0.51,15,187
deepseek-r1_prompt2_false-presuppositions54_2,1,human,agent,0.57,28,254
deepseek-r1_prompt2_false-presuppositions54_3,1,human,agent,0.57,21,256
deepseek-r1_prompt2_false-presuppositions54_4,1,human,agent,0.68,28,280
deepseek-r1_prompt2_false-presuppositions54_5,1,human,agent,0.67,31,261
deepseek-r1_prompt3_false-presuppositions54_1,1,human,agent,0.57,15,154
deepseek-r1_prompt3_false-presuppositions54_2,1,human,agent,0.63,28,197
deepseek-r1_prompt3_false-presuppositions54_3,1,human,agent,0.44,21,252
deepseek-r1_prompt3_false-presuppositions54_4,1,human,agent,0.60,28,253
deepseek-r1_prompt3_false-presuppositions54_5,1,human,agent,0.65,31,260
deepseek-r1_prompt4_false-presuppositions54_1,1,human,agent,0.59,15,115
deepseek-r1_prompt4_false-presuppositions54_2,1,human,agent,0.63,28,175
deepseek-r1_prompt4_false-presuppositions54_3,1,human,agent,0.49,21,239
deepseek-r1_prompt4_false-presuppositions54_4,1,human,agent,0.71,28,277
deepseek-r1_prompt4_false-presuppositions54_5,1,human,agent,0.73,31,248
deepseek-r1_prompt0_false-presuppositions55_1,1,human,agent,0.34,18,288
deepseek-r1_prompt0_false-presuppositions55_2,1,human,agent,0.30,16,284
deepseek-r1_prompt0_false-presuppositions55_3,1,human,agent,0.33,17,250
deepseek-r1_prompt0_false-presuppositions55_4,1,human,agent,0.18,16,268
deepseek-r1_prompt0_false-presuppositions55_5,1,human,agent,0.31,16,291
deepseek-r1_prompt1_false-presuppositions55_1,1,human,agent,0.28,18,273
deepseek-r1_prompt1_false-presuppositions55_2,1,human,agent,0.35,16,265
deepseek-r1_prompt1_false-presuppositions55_3,1,human,agent,0.36,17,275
deepseek-r1_prompt1_false-presuppositions55_4,1,human,agent,0.17,16,248
deepseek-r1_prompt1_false-presuppositions55_5,1,human,agent,0.32,16,285
deepseek-r1_prompt2_false-presuppositions55_1,1,human,agent,0.30,18,146
deepseek-r1_prompt2_false-presuppositions55_2,1,human,agent,0.35,16,267
deepseek-r1_prompt2_false-presuppositions55_3,1,human,agent,0.41,17,289
deepseek-r1_prompt2_false-presuppositions55_4,1,human,agent,0.17,16,285
deepseek-r1_prompt2_false-presuppositions55_5,1,human,agent,0.30,16,296
deepseek-r1_prompt3_false-presuppositions55_1,1,human,agent,0.22,18,252
deepseek-r1_prompt3_false-presuppositions55_2,1,human,agent,0.26,16,235
deepseek-r1_prompt3_false-presuppositions55_3,1,human,agent,0.29,17,251
deepseek-r1_prompt3_false-presuppositions55_4,1,human,agent,0.29,16,231
deepseek-r1_prompt3_false-presuppositions55_5,1,human,agent,0.26,16,246
deepseek-r1_prompt4_false-presuppositions55_1,1,human,agent,0.28,18,127
deepseek-r1_prompt4_false-presuppositions55_2,1,human,agent,0.30,16,264
deepseek-r1_prompt4_false-presuppositions55_3,1,human,agent,0.35,17,254
deepseek-r1_prompt4_false-presuppositions55_4,1,human,agent,0.18,16,259
deepseek-r1_prompt4_false-presuppositions55_5,1,human,agent,0.29,16,271
deepseek-r1_prompt0_false-presuppositions56_1,1,human,agent,0.40,13,285
deepseek-r1_prompt0_false-presuppositions56_2,1,human,agent,0.60,21,253
deepseek-r1_prompt0_false-presuppositions56_3,1,human,agent,0.56,16,306
deepseek-r1_prompt0_false-presuppositions56_4,1,human,agent,0.61,20,305
deepseek-r1_prompt0_false-presuppositions56_5,1,human,agent,0.54,22,311
deepseek-r1_prompt1_false-presuppositions56_1,1,human,agent,0.39,13,253
deepseek-r1_prompt1_false-presuppositions56_2,1,human,agent,0.58,21,263
deepseek-r1_prompt1_false-presuppositions56_3,1,human,agent,0.55,16,256
deepseek-r1_prompt1_false-presuppositions56_4,1,human,agent,0.56,20,275
deepseek-r1_prompt1_false-presuppositions56_5,1,human,agent,0.55,22,302
deepseek-r1_prompt2_false-presuppositions56_1,1,human,agent,0.55,13,179
deepseek-r1_prompt2_false-presuppositions56_2,1,human,agent,0.68,21,261
deepseek-r1_prompt2_false-presuppositions56_3,1,human,agent,0.71,16,275
deepseek-r1_prompt2_false-presuppositions56_4,1,human,agent,0.64,20,257
deepseek-r1_prompt2_false-presuppositions56_5,1,human,agent,0.61,22,292
deepseek-r1_prompt3_false-presuppositions56_1,1,human,agent,0.39,13,214
deepseek-r1_prompt3_false-presuppositions56_2,1,human,agent,0.53,21,235
deepseek-r1_prompt3_false-presuppositions56_3,1,human,agent,0.51,16,241
deepseek-r1_prompt3_false-presuppositions56_4,1,human,agent,0.50,20,277
deepseek-r1_prompt3_false-presuppositions56_5,1,human,agent,0.51,22,280
deepseek-r1_prompt4_false-presuppositions56_1,1,human,agent,0.52,13,147
deepseek-r1_prompt4_false-presuppositions56_2,1,human,agent,0.64,21,215
deepseek-r1_prompt4_false-presuppositions56_3,1,human,agent,0.54,16,230
deepseek-r1_prompt4_false-presuppositions56_4,1,human,agent,0.51,20,247
deepseek-r1_prompt4_false-presuppositions56_5,1,human,agent,0.61,22,249
deepseek-r1_prompt0_false-presuppositions57_1,1,human,agent,0.26,12,110
deepseek-r1_prompt0_false-presuppositions57_2,1,human,agent,0.46,24,221
deepseek-r1_prompt0_false-presuppositions57_3,1,human,agent,0.41,19,256
deepseek-r1_prompt0_false-presuppositions57_4,1,human,agent,0.73,28,245
deepseek-r1_prompt0_false-presuppositions57_5,1,human,agent,0.23,17,264
deepseek-r1_prompt1_false-presuppositions57_1,1,human,agent,0.20,12,204
deepseek-r1_prompt1_false-presuppositions57_2,1,human,agent,0.46,24,216
deepseek-r1_prompt1_false-presuppositions57_3,1,human,agent,0.38,19,235
deepseek-r1_prompt1_false-presuppositions57_4,1,human,agent,0.63,28,248
deepseek-r1_prompt1_false-presuppositions57_5,1,human,agent,0.30,17,270
deepseek-r1_prompt2_false-presuppositions57_1,1,human,agent,0.28,12,131
deepseek-r1_prompt2_false-presuppositions57_2,1,human,agent,0.54,24,208
deepseek-r1_prompt2_false-presuppositions57_3,1,human,agent,0.45,19,226
deepseek-r1_prompt2_false-presuppositions57_4,1,human,agent,0.79,28,225
deepseek-r1_prompt2_false-presuppositions57_5,1,human,agent,0.36,17,230
deepseek-r1_prompt3_false-presuppositions57_1,1,human,agent,0.24,12,108
deepseek-r1_prompt3_false-presuppositions57_2,1,human,agent,0.42,24,185
deepseek-r1_prompt3_false-presuppositions57_3,1,human,agent,0.34,19,209
deepseek-r1_prompt3_false-presuppositions57_4,1,human,agent,0.75,28,249
deepseek-r1_prompt3_false-presuppositions57_5,1,human,agent,0.28,17,284
deepseek-r1_prompt4_false-presuppositions57_1,1,human,agent,0.28,12,141
deepseek-r1_prompt4_false-presuppositions57_2,1,human,agent,0.55,24,174
deepseek-r1_prompt4_false-presuppositions57_3,1,human,agent,0.49,19,236
deepseek-r1_prompt4_false-presuppositions57_4,1,human,agent,0.76,28,225
deepseek-r1_prompt4_false-presuppositions57_5,1,human,agent,0.35,17,268
deepseek-r1_prompt0_false-presuppositions58_1,1,human,agent,0.51,16,243
deepseek-r1_prompt0_false-presuppositions58_2,1,human,agent,0.48,16,240
deepseek-r1_prompt0_false-presuppositions58_3,1,human,agent,0.62,22,309
deepseek-r1_prompt0_false-presuppositions58_4,1,human,agent,0.63,25,309
deepseek-r1_prompt0_false-presuppositions58_5,1,human,agent,0.53,25,263
deepseek-r1_prompt1_false-presuppositions58_1,1,human,agent,0.60,16,255
deepseek-r1_prompt1_false-presuppositions58_2,1,human,agent,0.37,16,226
deepseek-r1_prompt1_false-presuppositions58_3,1,human,agent,0.62,22,283
deepseek-r1_prompt1_false-presuppositions58_4,1,human,agent,0.61,25,259
deepseek-r1_prompt1_false-presuppositions58_5,1,human,agent,0.55,25,297
deepseek-r1_prompt2_false-presuppositions58_1,1,human,agent,0.49,16,106
deepseek-r1_prompt2_false-presuppositions58_2,1,human,agent,0.48,16,280
deepseek-r1_prompt2_false-presuppositions58_3,1,human,agent,0.73,22,314
deepseek-r1_prompt2_false-presuppositions58_4,1,human,agent,0.55,25,332
deepseek-r1_prompt2_false-presuppositions58_5,1,human,agent,0.57,25,313
deepseek-r1_prompt3_false-presuppositions58_1,1,human,agent,0.52,16,129
deepseek-r1_prompt3_false-presuppositions58_2,1,human,agent,0.38,16,206
deepseek-r1_prompt3_false-presuppositions58_3,1,human,agent,0.62,22,254
deepseek-r1_prompt3_false-presuppositions58_4,1,human,agent,0.63,25,272
deepseek-r1_prompt3_false-presuppositions58_5,1,human,agent,0.50,25,282
deepseek-r1_prompt4_false-presuppositions58_1,1,human,agent,0.50,16,116
deepseek-r1_prompt4_false-presuppositions58_2,1,human,agent,0.45,16,247
deepseek-r1_prompt4_false-presuppositions58_3,1,human,agent,0.66,22,281
deepseek-r1_prompt4_false-presuppositions58_4,1,human,agent,0.62,25,288
deepseek-r1_prompt4_false-presuppositions58_5,1,human,agent,0.59,25,322
deepseek-r1_prompt0_false-presuppositions59_1,1,human,agent,0.34,21,331
deepseek-r1_prompt0_false-presuppositions59_2,1,human,agent,0.44,26,185
deepseek-r1_prompt0_false-presuppositions59_3,1,human,agent,0.45,26,249
deepseek-r1_prompt0_false-presuppositions59_4,1,human,agent,0.43,26,241
deepseek-r1_prompt0_false-presuppositions59_5,1,human,agent,0.47,26,226
deepseek-r1_prompt1_false-presuppositions59_1,1,human,agent,0.48,21,303
deepseek-r1_prompt1_false-presuppositions59_2,1,human,agent,0.41,26,227
deepseek-r1_prompt1_false-presuppositions59_3,1,human,agent,0.38,26,247
deepseek-r1_prompt1_false-presuppositions59_4,1,human,agent,0.35,26,278
deepseek-r1_prompt1_false-presuppositions59_5,1,human,agent,0.42,26,257
deepseek-r1_prompt2_false-presuppositions59_1,1,human,agent,0.42,21,139
deepseek-r1_prompt2_false-presuppositions59_2,1,human,agent,0.53,26,243
deepseek-r1_prompt2_false-presuppositions59_3,1,human,agent,0.53,26,246
deepseek-r1_prompt2_false-presuppositions59_4,1,human,agent,0.40,26,239
deepseek-r1_prompt2_false-presuppositions59_5,1,human,agent,0.48,26,241
deepseek-r1_prompt3_false-presuppositions59_1,1,human,agent,0.46,21,243
deepseek-r1_prompt3_false-presuppositions59_2,1,human,agent,0.33,26,179
deepseek-r1_prompt3_false-presuppositions59_3,1,human,agent,0.35,26,182
deepseek-r1_prompt3_false-presuppositions59_4,1,human,agent,0.41,26,221
deepseek-r1_prompt3_false-presuppositions59_5,1,human,agent,0.37,26,204
deepseek-r1_prompt4_false-presuppositions59_1,1,human,agent,0.43,21,195
deepseek-r1_prompt4_false-presuppositions59_2,1,human,agent,0.48,26,242
deepseek-r1_prompt4_false-presuppositions59_3,1,human,agent,0.54,26,278
deepseek-r1_prompt4_false-presuppositions59_4,1,human,agent,0.49,26,245
deepseek-r1_prompt4_false-presuppositions59_5,1,human,agent,0.53,26,296
deepseek-r1_prompt0_false-presuppositions6_1,1,human,agent,0.57,15,210
deepseek-r1_prompt0_false-presuppositions6_2,1,human,agent,0.50,22,203
deepseek-r1_prompt0_false-presuppositions6_3,1,human,agent,0.40,22,238
deepseek-r1_prompt0_false-presuppositions6_4,1,human,agent,0.49,26,255
deepseek-r1_prompt0_false-presuppositions6_5,1,human,agent,0.34,25,239
deepseek-r1_prompt1_false-presuppositions6_1,1,human,agent,0.59,15,207
deepseek-r1_prompt1_false-presuppositions6_2,1,human,agent,0.38,22,226
deepseek-r1_prompt1_false-presuppositions6_3,1,human,agent,0.43,22,267
deepseek-r1_prompt1_false-presuppositions6_4,1,human,agent,0.45,26,247
deepseek-r1_prompt1_false-presuppositions6_5,1,human,agent,0.25,25,247
deepseek-r1_prompt2_false-presuppositions6_1,1,human,agent,0.57,15,186
deepseek-r1_prompt2_false-presuppositions6_2,1,human,agent,0.39,22,248
deepseek-r1_prompt2_false-presuppositions6_3,1,human,agent,0.50,22,256
deepseek-r1_prompt2_false-presuppositions6_4,1,human,agent,0.51,26,245
deepseek-r1_prompt2_false-presuppositions6_5,1,human,agent,0.36,25,281
deepseek-r1_prompt3_false-presuppositions6_1,1,human,agent,0.41,15,262
deepseek-r1_prompt3_false-presuppositions6_2,1,human,agent,0.30,22,226
deepseek-r1_prompt3_false-presuppositions6_3,1,human,agent,0.36,22,254
deepseek-r1_prompt3_false-presuppositions6_4,1,human,agent,0.46,26,243
deepseek-r1_prompt3_false-presuppositions6_5,1,human,agent,0.32,25,272
deepseek-r1_prompt4_false-presuppositions6_1,1,human,agent,0.52,15,156
deepseek-r1_prompt4_false-presuppositions6_2,1,human,agent,0.33,22,231
deepseek-r1_prompt4_false-presuppositions6_3,1,human,agent,0.41,22,258
deepseek-r1_prompt4_false-presuppositions6_4,1,human,agent,0.43,26,280
deepseek-r1_prompt4_false-presuppositions6_5,1,human,agent,0.30,25,245
deepseek-r1_prompt0_false-presuppositions60_1,1
deepseek-r1_prompt0_false-presuppositions60_2,1,human,agent,0.39,16,243
deepseek-r1_prompt0_false-presuppositions60_3,1,human,agent,0.45,18,232
deepseek-r1_prompt0_false-presuppositions60_4,1,human,agent,0.72,27,234
deepseek-r1_prompt0_false-presuppositions60_5,1,human,agent,0.51,21,249
deepseek-r1_prompt1_false-presuppositions60_1,1
deepseek-r1_prompt1_false-presuppositions60_2,1,human,agent,0.31,16,241
deepseek-r1_prompt1_false-presuppositions60_3,1,human,agent,0.51,18,267
deepseek-r1_prompt1_false-presuppositions60_4,1,human,agent,0.76,27,291
deepseek-r1_prompt1_false-presuppositions60_5,1,human,agent,0.52,21,263
deepseek-r1_prompt2_false-presuppositions60_1,1
deepseek-r1_prompt2_false-presuppositions60_2,1,human,agent,0.40,16,269
deepseek-r1_prompt2_false-presuppositions60_3,1,human,agent,0.57,18,302
deepseek-r1_prompt2_false-presuppositions60_4,1,human,agent,0.75,27,310
deepseek-r1_prompt2_false-presuppositions60_5,1,human,agent,0.48,21,284
deepseek-r1_prompt3_false-presuppositions60_1,1
deepseek-r1_prompt3_false-presuppositions60_2,1,human,agent,0.29,16,223
deepseek-r1_prompt3_false-presuppositions60_3,1,human,agent,0.46,18,238
deepseek-r1_prompt3_false-presuppositions60_4,1,human,agent,0.68,27,234
deepseek-r1_prompt3_false-presuppositions60_5,1,human,agent,0.46,21,258
deepseek-r1_prompt4_false-presuppositions60_1,1
deepseek-r1_prompt4_false-presuppositions60_2,1,human,agent,0.34,16,221
deepseek-r1_prompt4_false-presuppositions60_3,1,human,agent,0.47,18,250
deepseek-r1_prompt4_false-presuppositions60_4,1,human,agent,0.69,27,290
deepseek-r1_prompt4_false-presuppositions60_5,1,human,agent,0.40,21,233
deepseek-r1_prompt0_false-presuppositions61_1,1,human,agent,0.61,30,217
deepseek-r1_prompt0_false-presuppositions61_2,1,human,agent,0.51,23,304
deepseek-r1_prompt0_false-presuppositions61_3,1,human,agent,0.50,22,284
deepseek-r1_prompt0_false-presuppositions61_4,1,human,agent,0.52,30,303
deepseek-r1_prompt0_false-presuppositions61_5,1,human,agent,0.35,24,294
deepseek-r1_prompt1_false-presuppositions61_1,1,human,agent,0.66,30,261
deepseek-r1_prompt1_false-presuppositions61_2,1,human,agent,0.54,23,250
deepseek-r1_prompt1_false-presuppositions61_3,1,human,agent,0.51,22,240
deepseek-r1_prompt1_false-presuppositions61_4,1,human,agent,0.56,30,237
deepseek-r1_prompt1_false-presuppositions61_5,1,human,agent,0.38,24,255
deepseek-r1_prompt2_false-presuppositions61_1,1,human,agent,0.63,30,123
deepseek-r1_prompt2_false-presuppositions61_2,1,human,agent,0.56,23,223
deepseek-r1_prompt2_false-presuppositions61_3,1,human,agent,0.49,22,230
deepseek-r1_prompt2_false-presuppositions61_4,1,human,agent,0.55,30,286
deepseek-r1_prompt2_false-presuppositions61_5,1,human,agent,0.41,24,263
deepseek-r1_prompt3_false-presuppositions61_1,1,human,agent,0.60,30,172
deepseek-r1_prompt3_false-presuppositions61_2,1,human,agent,0.45,23,235
deepseek-r1_prompt3_false-presuppositions61_3,1,human,agent,0.46,22,238
deepseek-r1_prompt3_false-presuppositions61_4,1,human,agent,0.49,30,261
deepseek-r1_prompt3_false-presuppositions61_5,1,human,agent,0.38,24,240
deepseek-r1_prompt4_false-presuppositions61_1,1,human,agent,0.69,30,60
deepseek-r1_prompt4_false-presuppositions61_2,1,human,agent,0.52,23,248
deepseek-r1_prompt4_false-presuppositions61_3,1,human,agent,0.52,22,264
deepseek-r1_prompt4_false-presuppositions61_4,1,human,agent,0.56,30,270
deepseek-r1_prompt4_false-presuppositions61_5,1,human,agent,0.39,24,288
deepseek-r1_prompt0_false-presuppositions62_1,1,human,agent,0.50,34,314
deepseek-r1_prompt0_false-presuppositions62_2,1,human,agent,0.57,26,250
deepseek-r1_prompt0_false-presuppositions62_3,1,human,agent,0.56,24,284
deepseek-r1_prompt0_false-presuppositions62_4,1,human,agent,0.34,26,307
deepseek-r1_prompt0_false-presuppositions62_5,1,human,agent,0.33,26,314
deepseek-r1_prompt1_false-presuppositions62_1,1,human,agent,0.50,34,298
deepseek-r1_prompt1_false-presuppositions62_2,1,human,agent,0.61,26,247
deepseek-r1_prompt1_false-presuppositions62_3,1,human,agent,0.57,24,236
deepseek-r1_prompt1_false-presuppositions62_4,1,human,agent,0.33,26,254
deepseek-r1_prompt1_false-presuppositions62_5,1,human,agent,0.41,26,303
deepseek-r1_prompt2_false-presuppositions62_1,1,human,agent,0.66,34,78
deepseek-r1_prompt2_false-presuppositions62_2,1,human,agent,0.45,26,238
deepseek-r1_prompt2_false-presuppositions62_3,1,human,agent,0.67,24,250
deepseek-r1_prompt2_false-presuppositions62_4,1,human,agent,0.37,26,262
deepseek-r1_prompt2_false-presuppositions62_5,1,human,agent,0.49,26,303
deepseek-r1_prompt3_false-presuppositions62_1,1,human,agent,0.54,34,190
deepseek-r1_prompt3_false-presuppositions62_2,1,human,agent,0.46,26,218
deepseek-r1_prompt3_false-presuppositions62_3,1,human,agent,0.47,24,236
deepseek-r1_prompt3_false-presuppositions62_4,1,human,agent,0.31,26,284
deepseek-r1_prompt3_false-presuppositions62_5,1,human,agent,0.39,26,292
deepseek-r1_prompt4_false-presuppositions62_1,1,human,agent,0.71,34,103
deepseek-r1_prompt4_false-presuppositions62_2,1,human,agent,0.55,26,231
deepseek-r1_prompt4_false-presuppositions62_3,1,human,agent,0.61,24,244
deepseek-r1_prompt4_false-presuppositions62_4,1,human,agent,0.40,26,251
deepseek-r1_prompt4_false-presuppositions62_5,1,human,agent,0.38,26,284
deepseek-r1_prompt0_false-presuppositions63_1,1,human,agent,0.47,22,234
deepseek-r1_prompt0_false-presuppositions63_2,1,human,agent,0.22,15,250
deepseek-r1_prompt0_false-presuppositions63_3,1,human,agent,0.52,20,281
deepseek-r1_prompt0_false-presuppositions63_4,1,human,agent,0.56,24,258
deepseek-r1_prompt0_false-presuppositions63_5,1,human,agent,0.44,19,303
deepseek-r1_prompt1_false-presuppositions63_1,1,human,agent,0.58,22,235
deepseek-r1_prompt1_false-presuppositions63_2,1,human,agent,0.30,15,224
deepseek-r1_prompt1_false-presuppositions63_3,1,human,agent,0.54,20,250
deepseek-r1_prompt1_false-presuppositions63_4,1,human,agent,0.61,24,252
deepseek-r1_prompt1_false-presuppositions63_5,1,human,agent,0.47,19,252
deepseek-r1_prompt2_false-presuppositions63_1,1,human,agent,0.51,22,161
deepseek-r1_prompt2_false-presuppositions63_2,1,human,agent,0.30,15,307
deepseek-r1_prompt2_false-presuppositions63_3,1,human,agent,0.60,20,301
deepseek-r1_prompt2_false-presuppositions63_4,1,human,agent,0.63,24,323
deepseek-r1_prompt2_false-presuppositions63_5,1,human,agent,0.47,19,310
deepseek-r1_prompt3_false-presuppositions63_1,1,human,agent,0.55,22,204
deepseek-r1_prompt3_false-presuppositions63_2,1,human,agent,0.26,15,266
deepseek-r1_prompt3_false-presuppositions63_3,1,human,agent,0.56,20,284
deepseek-r1_prompt3_false-presuppositions63_4,1,human,agent,0.59,24,296
deepseek-r1_prompt3_false-presuppositions63_5,1,human,agent,0.44,19,271
deepseek-r1_prompt4_false-presuppositions63_1,1,human,agent,0.50,22,101
deepseek-r1_prompt4_false-presuppositions63_2,1,human,agent,0.27,15,212
deepseek-r1_prompt4_false-presuppositions63_3,1,human,agent,0.61,20,254
deepseek-r1_prompt4_false-presuppositions63_4,1,human,agent,0.66,24,277
deepseek-r1_prompt4_false-presuppositions63_5,1,human,agent,0.41,19,311
deepseek-r1_prompt0_false-presuppositions64_1,1,human,agent,0.64,24,204
deepseek-r1_prompt0_false-presuppositions64_2,1,human,agent,0.44,23,206
deepseek-r1_prompt0_false-presuppositions64_3,1,human,agent,0.60,28,222
deepseek-r1_prompt0_false-presuppositions64_4,1,human,agent,0.55,44,230
deepseek-r1_prompt0_false-presuppositions64_5,1,human,agent,0.53,31,251
deepseek-r1_prompt1_false-presuppositions64_1,1,human,agent,0.67,24,210
deepseek-r1_prompt1_false-presuppositions64_2,1,human,agent,0.32,23,227
deepseek-r1_prompt1_false-presuppositions64_3,1,human,agent,0.64,28,210
deepseek-r1_prompt1_false-presuppositions64_4,1,human,agent,0.53,44,275
deepseek-r1_prompt1_false-presuppositions64_5,1,human,agent,0.54,31,216
deepseek-r1_prompt2_false-presuppositions64_1,1,human,agent,0.69,24,104
deepseek-r1_prompt2_false-presuppositions64_2,1,human,agent,0.36,23,259
deepseek-r1_prompt2_false-presuppositions64_3,1,human,agent,0.56,28,270
deepseek-r1_prompt2_false-presuppositions64_4,1,human,agent,0.57,44,301
deepseek-r1_prompt2_false-presuppositions64_5,1,human,agent,0.58,31,285
deepseek-r1_prompt3_false-presuppositions64_1,1,human,agent,0.72,24,187
deepseek-r1_prompt3_false-presuppositions64_2,1,human,agent,0.31,23,187
deepseek-r1_prompt3_false-presuppositions64_3,1,human,agent,0.55,28,220
deepseek-r1_prompt3_false-presuppositions64_4,1,human,agent,0.52,44,227
deepseek-r1_prompt3_false-presuppositions64_5,1,human,agent,0.44,31,220
deepseek-r1_prompt4_false-presuppositions64_1,1,human,agent,0.75,24,112
deepseek-r1_prompt4_false-presuppositions64_2,1,human,agent,0.39,23,235
deepseek-r1_prompt4_false-presuppositions64_3,1,human,agent,0.58,28,257
deepseek-r1_prompt4_false-presuppositions64_4,1,human,agent,0.52,44,284
deepseek-r1_prompt4_false-presuppositions64_5,1,human,agent,0.56,31,299
deepseek-r1_prompt0_false-presuppositions65_1,1
deepseek-r1_prompt0_false-presuppositions65_2,1,human,agent,0.51,16,182
deepseek-r1_prompt0_false-presuppositions65_3,1,human,agent,0.64,17,200
deepseek-r1_prompt0_false-presuppositions65_4,1,human,agent,0.35,17,218
deepseek-r1_prompt0_false-presuppositions65_5,1,human,agent,0.40,15,245
deepseek-r1_prompt1_false-presuppositions65_1,1
deepseek-r1_prompt1_false-presuppositions65_2,1,human,agent,0.53,16,201
deepseek-r1_prompt1_false-presuppositions65_3,1,human,agent,0.59,17,221
deepseek-r1_prompt1_false-presuppositions65_4,1,human,agent,0.39,17,249
deepseek-r1_prompt1_false-presuppositions65_5,1,human,agent,0.39,15,271
deepseek-r1_prompt2_false-presuppositions65_1,1
deepseek-r1_prompt2_false-presuppositions65_2,1,human,agent,0.57,16,228
deepseek-r1_prompt2_false-presuppositions65_3,1,human,agent,0.70,17,244
deepseek-r1_prompt2_false-presuppositions65_4,1,human,agent,0.51,17,259
deepseek-r1_prompt2_false-presuppositions65_5,1,human,agent,0.49,15,257
deepseek-r1_prompt3_false-presuppositions65_1,1
deepseek-r1_prompt3_false-presuppositions65_2,1,human,agent,0.48,16,193
deepseek-r1_prompt3_false-presuppositions65_3,1,human,agent,0.46,17,237
deepseek-r1_prompt3_false-presuppositions65_4,1,human,agent,0.35,17,266
deepseek-r1_prompt3_false-presuppositions65_5,1,human,agent,0.35,15,268
deepseek-r1_prompt4_false-presuppositions65_1,1
deepseek-r1_prompt4_false-presuppositions65_2,1,human,agent,0.48,16,193
deepseek-r1_prompt4_false-presuppositions65_3,1,human,agent,0.56,17,232
deepseek-r1_prompt4_false-presuppositions65_4,1,human,agent,0.34,17,252
deepseek-r1_prompt4_false-presuppositions65_5,1,human,agent,0.55,15,236
deepseek-r1_prompt0_false-presuppositions66_1,1
deepseek-r1_prompt0_false-presuppositions66_2,1,human,agent,0.54,19,217
deepseek-r1_prompt0_false-presuppositions66_3,1,human,agent,0.46,22,266
deepseek-r1_prompt0_false-presuppositions66_4,1,human,agent,0.55,27,297
deepseek-r1_prompt0_false-presuppositions66_5,1,human,agent,0.40,26,247
deepseek-r1_prompt1_false-presuppositions66_1,1
deepseek-r1_prompt1_false-presuppositions66_2,1,human,agent,0.45,19,236
deepseek-r1_prompt1_false-presuppositions66_3,1,human,agent,0.45,22,239
deepseek-r1_prompt1_false-presuppositions66_4,1,human,agent,0.56,27,251
deepseek-r1_prompt1_false-presuppositions66_5,1,human,agent,0.35,26,252
deepseek-r1_prompt2_false-presuppositions66_1,1
deepseek-r1_prompt2_false-presuppositions66_2,1,human,agent,0.50,19,249
deepseek-r1_prompt2_false-presuppositions66_3,1,human,agent,0.52,22,269
deepseek-r1_prompt2_false-presuppositions66_4,1,human,agent,0.64,27,302
deepseek-r1_prompt2_false-presuppositions66_5,1,human,agent,0.49,26,321
deepseek-r1_prompt3_false-presuppositions66_1,1
deepseek-r1_prompt3_false-presuppositions66_2,1,human,agent,0.40,19,240
deepseek-r1_prompt3_false-presuppositions66_3,1,human,agent,0.45,22,277
deepseek-r1_prompt3_false-presuppositions66_4,1,human,agent,0.52,27,277
deepseek-r1_prompt3_false-presuppositions66_5,1,human,agent,0.39,26,267
deepseek-r1_prompt4_false-presuppositions66_1,1
deepseek-r1_prompt4_false-presuppositions66_2,1,human,agent,0.42,19,226
deepseek-r1_prompt4_false-presuppositions66_3,1,human,agent,0.48,22,275
deepseek-r1_prompt4_false-presuppositions66_4,1,human,agent,0.63,27,317
deepseek-r1_prompt4_false-presuppositions66_5,1,human,agent,0.46,26,334
deepseek-r1_prompt0_false-presuppositions67_1,1,human,agent,0.68,37,306
deepseek-r1_prompt0_false-presuppositions67_2,1,human,agent,0.59,23,241
deepseek-r1_prompt0_false-presuppositions67_3,1,human,agent,0.68,28,271
deepseek-r1_prompt0_false-presuppositions67_4,1,human,agent,0.54,32,256
deepseek-r1_prompt0_false-presuppositions67_5,1,human,agent,0.43,30,284
deepseek-r1_prompt1_false-presuppositions67_1,1,human,agent,0.61,37,226
deepseek-r1_prompt1_false-presuppositions67_2,1,human,agent,0.61,23,197
deepseek-r1_prompt1_false-presuppositions67_3,1,human,agent,0.61,28,254
deepseek-r1_prompt1_false-presuppositions67_4,1,human,agent,0.56,32,267
deepseek-r1_prompt1_false-presuppositions67_5,1,human,agent,0.36,30,264
deepseek-r1_prompt2_false-presuppositions67_1,1,human,agent,0.80,37,226
deepseek-r1_prompt2_false-presuppositions67_2,1,human,agent,0.69,23,232
deepseek-r1_prompt2_false-presuppositions67_3,1,human,agent,0.76,28,255
deepseek-r1_prompt2_false-presuppositions67_4,1,human,agent,0.65,32,298
deepseek-r1_prompt2_false-presuppositions67_5,1,human,agent,0.44,30,334
deepseek-r1_prompt3_false-presuppositions67_1,1,human,agent,0.69,37,165
deepseek-r1_prompt3_false-presuppositions67_2,1,human,agent,0.66,23,213
deepseek-r1_prompt3_false-presuppositions67_3,1,human,agent,0.66,28,224
deepseek-r1_prompt3_false-presuppositions67_4,1,human,agent,0.53,32,209
deepseek-r1_prompt3_false-presuppositions67_5,1,human,agent,0.36,30,282
deepseek-r1_prompt4_false-presuppositions67_1,1,human,agent,0.71,37,241
deepseek-r1_prompt4_false-presuppositions67_2,1,human,agent,0.68,23,235
deepseek-r1_prompt4_false-presuppositions67_3,1,human,agent,0.75,28,228
deepseek-r1_prompt4_false-presuppositions67_4,1,human,agent,0.57,32,226
deepseek-r1_prompt4_false-presuppositions67_5,1,human,agent,0.34,30,237
deepseek-r1_prompt0_false-presuppositions68_1,1,human,agent,0.40,18,216
deepseek-r1_prompt0_false-presuppositions68_2,1,human,agent,0.40,29,184
deepseek-r1_prompt0_false-presuppositions68_3,1,human,agent,0.68,25,241
deepseek-r1_prompt0_false-presuppositions68_4,1,human,agent,0.55,28,238
deepseek-r1_prompt0_false-presuppositions68_5,1,human,agent,0.76,33,243
deepseek-r1_prompt1_false-presuppositions68_1,1,human,agent,0.41,18,192
deepseek-r1_prompt1_false-presuppositions68_2,1,human,agent,0.41,29,226
deepseek-r1_prompt1_false-presuppositions68_3,1,human,agent,0.66,25,247
deepseek-r1_prompt1_false-presuppositions68_4,1,human,agent,0.51,28,244
deepseek-r1_prompt1_false-presuppositions68_5,1,human,agent,0.66,33,251
deepseek-r1_prompt2_false-presuppositions68_1,1,human,agent,0.45,18,131
deepseek-r1_prompt2_false-presuppositions68_2,1,human,agent,0.53,29,224
deepseek-r1_prompt2_false-presuppositions68_3,1,human,agent,0.66,25,250
deepseek-r1_prompt2_false-presuppositions68_4,1,human,agent,0.54,28,260
deepseek-r1_prompt2_false-presuppositions68_5,1,human,agent,0.70,33,286
deepseek-r1_prompt3_false-presuppositions68_1,1,human,agent,0.42,18,115
deepseek-r1_prompt3_false-presuppositions68_2,1,human,agent,0.46,29,231
deepseek-r1_prompt3_false-presuppositions68_3,1,human,agent,0.70,25,238
deepseek-r1_prompt3_false-presuppositions68_4,1,human,agent,0.55,28,263
deepseek-r1_prompt3_false-presuppositions68_5,1,human,agent,0.69,33,244
deepseek-r1_prompt4_false-presuppositions68_1,1,human,agent,0.44,18,99
deepseek-r1_prompt4_false-presuppositions68_2,1,human,agent,0.51,29,207
deepseek-r1_prompt4_false-presuppositions68_3,1,human,agent,0.67,25,222
deepseek-r1_prompt4_false-presuppositions68_4,1,human,agent,0.52,28,233
deepseek-r1_prompt4_false-presuppositions68_5,1,human,agent,0.66,33,250
deepseek-r1_prompt0_false-presuppositions69_1,1,human,agent,0.38,10,255
deepseek-r1_prompt0_false-presuppositions69_2,1,human,agent,0.46,22,253
deepseek-r1_prompt0_false-presuppositions69_3,1,human,agent,0.39,18,288
deepseek-r1_prompt0_false-presuppositions69_4,1,human,agent,0.39,28,263
deepseek-r1_prompt0_false-presuppositions69_5,1,human,agent,0.29,21,268
deepseek-r1_prompt1_false-presuppositions69_1,1,human,agent,0.26,10,267
deepseek-r1_prompt1_false-presuppositions69_2,1,human,agent,0.46,22,200
deepseek-r1_prompt1_false-presuppositions69_3,1,human,agent,0.43,18,312
deepseek-r1_prompt1_false-presuppositions69_4,1,human,agent,0.43,28,247
deepseek-r1_prompt1_false-presuppositions69_5,1,human,agent,0.32,21,262
deepseek-r1_prompt2_false-presuppositions69_1,1,human,agent,0.29,10,128
deepseek-r1_prompt2_false-presuppositions69_2,1,human,agent,0.61,22,253
deepseek-r1_prompt2_false-presuppositions69_3,1,human,agent,0.48,18,296
deepseek-r1_prompt2_false-presuppositions69_4,1,human,agent,0.48,28,318
deepseek-r1_prompt2_false-presuppositions69_5,1,human,agent,0.42,21,309
deepseek-r1_prompt3_false-presuppositions69_1,1,human,agent,0.40,10,245
deepseek-r1_prompt3_false-presuppositions69_2,1,human,agent,0.38,22,213
deepseek-r1_prompt3_false-presuppositions69_3,1,human,agent,0.38,18,225
deepseek-r1_prompt3_false-presuppositions69_4,1,human,agent,0.40,28,256
deepseek-r1_prompt3_false-presuppositions69_5,1,human,agent,0.22,21,255
deepseek-r1_prompt4_false-presuppositions69_1,1,human,agent,0.38,10,95
deepseek-r1_prompt4_false-presuppositions69_2,1,human,agent,0.64,22,211
deepseek-r1_prompt4_false-presuppositions69_3,1,human,agent,0.40,18,268
deepseek-r1_prompt4_false-presuppositions69_4,1,human,agent,0.47,28,272
deepseek-r1_prompt4_false-presuppositions69_5,1,human,agent,0.26,21,288
deepseek-r1_prompt0_false-presuppositions7_1,1,human,agent,0.36,14,239
deepseek-r1_prompt0_false-presuppositions7_2,1,human,agent,0.48,20,240
deepseek-r1_prompt0_false-presuppositions7_3,1,human,agent,0.68,24,302
deepseek-r1_prompt0_false-presuppositions7_4,1,human,agent,0.61,26,328
deepseek-r1_prompt0_false-presuppositions7_5,1,human,agent,0.62,23,280
deepseek-r1_prompt1_false-presuppositions7_1,1,human,agent,0.40,14,190
deepseek-r1_prompt1_false-presuppositions7_2,1,human,agent,0.44,20,260
deepseek-r1_prompt1_false-presuppositions7_3,1,human,agent,0.73,24,243
deepseek-r1_prompt1_false-presuppositions7_4,1,human,agent,0.72,26,282
deepseek-r1_prompt1_false-presuppositions7_5,1,human,agent,0.59,23,274
deepseek-r1_prompt2_false-presuppositions7_1,1,human,agent,0.38,14,99
deepseek-r1_prompt2_false-presuppositions7_2,1,human,agent,0.49,20,240
deepseek-r1_prompt2_false-presuppositions7_3,1,human,agent,0.72,24,294
deepseek-r1_prompt2_false-presuppositions7_4,1,human,agent,0.61,26,314
deepseek-r1_prompt2_false-presuppositions7_5,1,human,agent,0.61,23,311
deepseek-r1_prompt3_false-presuppositions7_1,1,human,agent,0.31,14,150
deepseek-r1_prompt3_false-presuppositions7_2,1,human,agent,0.44,20,213
deepseek-r1_prompt3_false-presuppositions7_3,1,human,agent,0.60,24,244
deepseek-r1_prompt3_false-presuppositions7_4,1,human,agent,0.50,26,292
deepseek-r1_prompt3_false-presuppositions7_5,1,human,agent,0.51,23,255
deepseek-r1_prompt4_false-presuppositions7_1,1,human,agent,0.60,14,82
deepseek-r1_prompt4_false-presuppositions7_2,1,human,agent,0.46,20,260
deepseek-r1_prompt4_false-presuppositions7_3,1,human,agent,0.76,24,317
deepseek-r1_prompt4_false-presuppositions7_4,1,human,agent,0.57,26,307
deepseek-r1_prompt4_false-presuppositions7_5,1,human,agent,0.56,23,319
deepseek-r1_prompt0_false-presuppositions70_1,1,human,agent,0.42,15,196
deepseek-r1_prompt0_false-presuppositions70_2,1,human,agent,0.49,20,234
deepseek-r1_prompt0_false-presuppositions70_3,1,human,agent,0.40,20,258
deepseek-r1_prompt0_false-presuppositions70_4,1,human,agent,0.45,20,242
deepseek-r1_prompt0_false-presuppositions70_5,1,human,agent,0.44,20,203
deepseek-r1_prompt1_false-presuppositions70_1,1,human,agent,0.39,15,208
deepseek-r1_prompt1_false-presuppositions70_2,1,human,agent,0.44,20,238
deepseek-r1_prompt1_false-presuppositions70_3,1,human,agent,0.45,20,291
deepseek-r1_prompt1_false-presuppositions70_4,1,human,agent,0.43,20,287
deepseek-r1_prompt1_false-presuppositions70_5,1,human,agent,0.41,20,273
deepseek-r1_prompt2_false-presuppositions70_1,1,human,agent,0.54,15,141
deepseek-r1_prompt2_false-presuppositions70_2,1,human,agent,0.40,20,260
deepseek-r1_prompt2_false-presuppositions70_3,1,human,agent,0.47,20,280
deepseek-r1_prompt2_false-presuppositions70_4,1,human,agent,0.47,20,278
deepseek-r1_prompt2_false-presuppositions70_5,1,human,agent,0.46,20,275
deepseek-r1_prompt3_false-presuppositions70_1,1,human,agent,0.40,15,215
deepseek-r1_prompt3_false-presuppositions70_2,1,human,agent,0.42,20,242
deepseek-r1_prompt3_false-presuppositions70_3,1,human,agent,0.44,20,240
deepseek-r1_prompt3_false-presuppositions70_4,1,human,agent,0.48,20,259
deepseek-r1_prompt3_false-presuppositions70_5,1,human,agent,0.44,20,251
deepseek-r1_prompt4_false-presuppositions70_1,1,human,agent,0.52,15,131
deepseek-r1_prompt4_false-presuppositions70_2,1,human,agent,0.40,20,251
deepseek-r1_prompt4_false-presuppositions70_3,1,human,agent,0.47,20,294
deepseek-r1_prompt4_false-presuppositions70_4,1,human,agent,0.40,20,332
deepseek-r1_prompt4_false-presuppositions70_5,1,human,agent,0.43,20,302
deepseek-r1_prompt0_false-presuppositions71_1,1
deepseek-r1_prompt0_false-presuppositions71_2,1,human,agent,0.60,22,213
deepseek-r1_prompt0_false-presuppositions71_3,1,human,agent,0.50,15,227
deepseek-r1_prompt0_false-presuppositions71_4,1,human,agent,0.68,23,234
deepseek-r1_prompt0_false-presuppositions71_5,1,human,agent,0.47,21,244
deepseek-r1_prompt1_false-presuppositions71_1,1
deepseek-r1_prompt1_false-presuppositions71_2,1,human,agent,0.61,22,252
deepseek-r1_prompt1_false-presuppositions71_3,1,human,agent,0.53,15,257
deepseek-r1_prompt1_false-presuppositions71_4,1,human,agent,0.74,23,246
deepseek-r1_prompt1_false-presuppositions71_5,1,human,agent,0.48,21,264
deepseek-r1_prompt2_false-presuppositions71_1,1
deepseek-r1_prompt2_false-presuppositions71_2,1,human,agent,0.61,22,267
deepseek-r1_prompt2_false-presuppositions71_3,1,human,agent,0.46,15,302
deepseek-r1_prompt2_false-presuppositions71_4,1,human,agent,0.71,23,300
deepseek-r1_prompt2_false-presuppositions71_5,1,human,agent,0.44,21,338
deepseek-r1_prompt3_false-presuppositions71_1,1
deepseek-r1_prompt3_false-presuppositions71_2,1,human,agent,0.55,22,264
deepseek-r1_prompt3_false-presuppositions71_3,1,human,agent,0.44,15,265
deepseek-r1_prompt3_false-presuppositions71_4,1,human,agent,0.66,23,292
deepseek-r1_prompt3_false-presuppositions71_5,1,human,agent,0.43,21,293
deepseek-r1_prompt4_false-presuppositions71_1,1
deepseek-r1_prompt4_false-presuppositions71_2,1,human,agent,0.52,22,243
deepseek-r1_prompt4_false-presuppositions71_3,1,human,agent,0.52,15,266
deepseek-r1_prompt4_false-presuppositions71_4,1,human,agent,0.70,23,268
deepseek-r1_prompt4_false-presuppositions71_5,1,human,agent,0.46,21,303
deepseek-r1_prompt0_false-presuppositions72_1,1,human,agent,0.67,20,115
deepseek-r1_prompt0_false-presuppositions72_2,1,human,agent,0.50,25,176
deepseek-r1_prompt0_false-presuppositions72_3,1,human,agent,0.52,25,143
deepseek-r1_prompt0_false-presuppositions72_4,1,human,agent,0.58,25,149
deepseek-r1_prompt0_false-presuppositions72_5,1,human,agent,0.47,25,167
deepseek-r1_prompt1_false-presuppositions72_1,1,human,agent,0.68,20,77
deepseek-r1_prompt1_false-presuppositions72_2,1,human,agent,0.43,25,164
deepseek-r1_prompt1_false-presuppositions72_3,1,human,agent,0.44,25,162
deepseek-r1_prompt1_false-presuppositions72_4,1,human,agent,0.52,25,196
deepseek-r1_prompt1_false-presuppositions72_5,1,human,agent,0.55,25,191
deepseek-r1_prompt2_false-presuppositions72_1,1,human,agent,0.62,20,110
deepseek-r1_prompt2_false-presuppositions72_2,1,human,agent,0.46,25,185
deepseek-r1_prompt2_false-presuppositions72_3,1,human,agent,0.54,25,187
deepseek-r1_prompt2_false-presuppositions72_4,1,human,agent,0.60,25,175
deepseek-r1_prompt2_false-presuppositions72_5,1,human,agent,0.57,25,219
deepseek-r1_prompt3_false-presuppositions72_1,1,human,agent,0.65,20,75
deepseek-r1_prompt3_false-presuppositions72_2,1,human,agent,0.39,25,130
deepseek-r1_prompt3_false-presuppositions72_3,1,human,agent,0.39,25,136
deepseek-r1_prompt3_false-presuppositions72_4,1,human,agent,0.37,25,164
deepseek-r1_prompt3_false-presuppositions72_5,1,human,agent,0.44,25,195
deepseek-r1_prompt4_false-presuppositions72_1,1,human,agent,0.54,20,117
deepseek-r1_prompt4_false-presuppositions72_2,1,human,agent,0.52,25,203
deepseek-r1_prompt4_false-presuppositions72_3,1,human,agent,0.47,25,214
deepseek-r1_prompt4_false-presuppositions72_4,1,human,agent,0.61,25,215
deepseek-r1_prompt4_false-presuppositions72_5,1,human,agent,0.50,25,219
deepseek-r1_prompt0_false-presuppositions73_1,1,human,agent,0.49,15,299
deepseek-r1_prompt0_false-presuppositions73_2,1,human,agent,0.31,17,245
deepseek-r1_prompt0_false-presuppositions73_3,1,human,agent,0.26,15,279
deepseek-r1_prompt0_false-presuppositions73_4,1,human,agent,0.33,19,281
deepseek-r1_prompt0_false-presuppositions73_5,1,human,agent,0.26,20,240
deepseek-r1_prompt1_false-presuppositions73_1,1,human,agent,0.53,15,263
deepseek-r1_prompt1_false-presuppositions73_2,1,human,agent,0.35,17,264
deepseek-r1_prompt1_false-presuppositions73_3,1,human,agent,0.41,15,282
deepseek-r1_prompt1_false-presuppositions73_4,1,human,agent,0.28,19,278
deepseek-r1_prompt1_false-presuppositions73_5,1,human,agent,0.31,20,281
deepseek-r1_prompt2_false-presuppositions73_1,1,human,agent,0.49,15,133
deepseek-r1_prompt2_false-presuppositions73_2,1,human,agent,0.32,17,270
deepseek-r1_prompt2_false-presuppositions73_3,1,human,agent,0.30,15,296
deepseek-r1_prompt2_false-presuppositions73_4,1,human,agent,0.31,19,310
deepseek-r1_prompt2_false-presuppositions73_5,1,human,agent,0.37,20,320
deepseek-r1_prompt3_false-presuppositions73_1,1,human,agent,0.48,15,216
deepseek-r1_prompt3_false-presuppositions73_2,1,human,agent,0.32,17,267
deepseek-r1_prompt3_false-presuppositions73_3,1,human,agent,0.28,15,282
deepseek-r1_prompt3_false-presuppositions73_4,1,human,agent,0.29,19,281
deepseek-r1_prompt3_false-presuppositions73_5,1,human,agent,0.33,20,312
deepseek-r1_prompt4_false-presuppositions73_1,1,human,agent,0.44,15,120
deepseek-r1_prompt4_false-presuppositions73_2,1,human,agent,0.35,17,266
deepseek-r1_prompt4_false-presuppositions73_3,1,human,agent,0.34,15,268
deepseek-r1_prompt4_false-presuppositions73_4,1,human,agent,0.30,19,279
deepseek-r1_prompt4_false-presuppositions73_5,1,human,agent,0.29,20,313
deepseek-r1_prompt0_false-presuppositions74_1,1,human,agent,0.31,12,231
deepseek-r1_prompt0_false-presuppositions74_2,1,human,agent,0.59,22,228
deepseek-r1_prompt0_false-presuppositions74_3,1,human,agent,0.44,18,259
deepseek-r1_prompt0_false-presuppositions74_4,1,human,agent,0.71,23,253
deepseek-r1_prompt0_false-presuppositions74_5,1,human,agent,0.56,24,266
deepseek-r1_prompt1_false-presuppositions74_1,1,human,agent,0.35,12,184
deepseek-r1_prompt1_false-presuppositions74_2,1,human,agent,0.55,22,240
deepseek-r1_prompt1_false-presuppositions74_3,1,human,agent,0.40,18,289
deepseek-r1_prompt1_false-presuppositions74_4,1,human,agent,0.64,23,276
deepseek-r1_prompt1_false-presuppositions74_5,1,human,agent,0.54,24,294
deepseek-r1_prompt2_false-presuppositions74_1,1,human,agent,0.11,12,121
deepseek-r1_prompt2_false-presuppositions74_2,1,human,agent,0.77,22,243
deepseek-r1_prompt2_false-presuppositions74_3,1,human,agent,0.49,18,293
deepseek-r1_prompt2_false-presuppositions74_4,1,human,agent,0.73,23,292
deepseek-r1_prompt2_false-presuppositions74_5,1,human,agent,0.58,24,291
deepseek-r1_prompt3_false-presuppositions74_1,1,human,agent,0.34,12,227
deepseek-r1_prompt3_false-presuppositions74_2,1,human,agent,0.59,22,237
deepseek-r1_prompt3_false-presuppositions74_3,1,human,agent,0.37,18,250
deepseek-r1_prompt3_false-presuppositions74_4,1,human,agent,0.66,23,253
deepseek-r1_prompt3_false-presuppositions74_5,1,human,agent,0.57,24,258
deepseek-r1_prompt4_false-presuppositions74_1,1,human,agent,0.23,12,119
deepseek-r1_prompt4_false-presuppositions74_2,1,human,agent,0.64,22,255
deepseek-r1_prompt4_false-presuppositions74_3,1,human,agent,0.41,18,255
deepseek-r1_prompt4_false-presuppositions74_4,1,human,agent,0.71,23,274
deepseek-r1_prompt4_false-presuppositions74_5,1,human,agent,0.59,24,285
deepseek-r1_prompt0_false-presuppositions75_1,1,human,agent,0.54,13,148
deepseek-r1_prompt0_false-presuppositions75_2,1,human,agent,0.53,20,222
deepseek-r1_prompt0_false-presuppositions75_3,1,human,agent,0.47,21,296
deepseek-r1_prompt0_false-presuppositions75_4,1,human,agent,0.57,34,294
deepseek-r1_prompt0_false-presuppositions75_5,1,human,agent,0.40,27,274
deepseek-r1_prompt1_false-presuppositions75_1,1,human,agent,0.51,13,253
deepseek-r1_prompt1_false-presuppositions75_2,1,human,agent,0.56,20,238
deepseek-r1_prompt1_false-presuppositions75_3,1,human,agent,0.49,21,309
deepseek-r1_prompt1_false-presuppositions75_4,1,human,agent,0.59,34,310
deepseek-r1_prompt1_false-presuppositions75_5,1,human,agent,0.46,27,277
deepseek-r1_prompt2_false-presuppositions75_1,1,human,agent,0.46,13,119
deepseek-r1_prompt2_false-presuppositions75_2,1,human,agent,0.63,20,206
deepseek-r1_prompt2_false-presuppositions75_3,1,human,agent,0.49,21,257
deepseek-r1_prompt2_false-presuppositions75_4,1,human,agent,0.48,34,249
deepseek-r1_prompt2_false-presuppositions75_5,1,human,agent,0.42,27,281
deepseek-r1_prompt3_false-presuppositions75_1,1,human,agent,0.51,13,185
deepseek-r1_prompt3_false-presuppositions75_2,1,human,agent,0.48,20,180
deepseek-r1_prompt3_false-presuppositions75_3,1,human,agent,0.46,21,257
deepseek-r1_prompt3_false-presuppositions75_4,1,human,agent,0.49,34,221
deepseek-r1_prompt3_false-presuppositions75_5,1,human,agent,0.38,27,271
deepseek-r1_prompt4_false-presuppositions75_1,1,human,agent,0.38,13,118
deepseek-r1_prompt4_false-presuppositions75_2,1,human,agent,0.60,20,242
deepseek-r1_prompt4_false-presuppositions75_3,1,human,agent,0.53,21,269
deepseek-r1_prompt4_false-presuppositions75_4,1,human,agent,0.53,34,301
deepseek-r1_prompt4_false-presuppositions75_5,1,human,agent,0.39,27,273
deepseek-r1_prompt0_false-presuppositions76_1,1,human,agent,0.47,21,175
deepseek-r1_prompt0_false-presuppositions76_2,1,human,agent,0.36,21,223
deepseek-r1_prompt0_false-presuppositions76_3,1,human,agent,0.45,23,259
deepseek-r1_prompt0_false-presuppositions76_4,1,human,agent,0.64,34,277
deepseek-r1_prompt0_false-presuppositions76_5,1,human,agent,0.58,26,257
deepseek-r1_prompt1_false-presuppositions76_1,1,human,agent,0.48,21,295
deepseek-r1_prompt1_false-presuppositions76_2,1,human,agent,0.51,21,258
deepseek-r1_prompt1_false-presuppositions76_3,1,human,agent,0.47,23,295
deepseek-r1_prompt1_false-presuppositions76_4,1,human,agent,0.62,34,246
deepseek-r1_prompt1_false-presuppositions76_5,1,human,agent,0.48,26,313
deepseek-r1_prompt2_false-presuppositions76_1,1,human,agent,0.48,21,111
deepseek-r1_prompt2_false-presuppositions76_2,1,human,agent,0.41,21,183
deepseek-r1_prompt2_false-presuppositions76_3,1,human,agent,0.54,23,276
deepseek-r1_prompt2_false-presuppositions76_4,1,human,agent,0.72,34,287
deepseek-r1_prompt2_false-presuppositions76_5,1,human,agent,0.57,26,283
deepseek-r1_prompt3_false-presuppositions76_1,1,human,agent,0.55,21,239
deepseek-r1_prompt3_false-presuppositions76_2,1,human,agent,0.35,21,262
deepseek-r1_prompt3_false-presuppositions76_3,1,human,agent,0.40,23,265
deepseek-r1_prompt3_false-presuppositions76_4,1,human,agent,0.54,34,242
deepseek-r1_prompt3_false-presuppositions76_5,1,human,agent,0.45,26,246
deepseek-r1_prompt4_false-presuppositions76_1,1,human,agent,0.48,21,181
deepseek-r1_prompt4_false-presuppositions76_2,1,human,agent,0.41,21,246
deepseek-r1_prompt4_false-presuppositions76_3,1,human,agent,0.59,23,275
deepseek-r1_prompt4_false-presuppositions76_4,1,human,agent,0.67,34,265
deepseek-r1_prompt4_false-presuppositions76_5,1,human,agent,0.52,26,251
deepseek-r1_prompt0_false-presuppositions77_1,1,human,agent,0.51,28,258
deepseek-r1_prompt0_false-presuppositions77_2,1,human,agent,0.40,21,196
deepseek-r1_prompt0_false-presuppositions77_3,1,human,agent,0.51,27,240
deepseek-r1_prompt0_false-presuppositions77_4,1,human,agent,0.55,30,227
deepseek-r1_prompt0_false-presuppositions77_5,1,human,agent,0.53,29,271
deepseek-r1_prompt1_false-presuppositions77_1,1,human,agent,0.57,28,334
deepseek-r1_prompt1_false-presuppositions77_2,1,human,agent,0.43,21,264
deepseek-r1_prompt1_false-presuppositions77_3,1,human,agent,0.49,27,260
deepseek-r1_prompt1_false-presuppositions77_4,1,human,agent,0.51,30,261
deepseek-r1_prompt1_false-presuppositions77_5,1,human,agent,0.53,29,231
deepseek-r1_prompt2_false-presuppositions77_1,1,human,agent,0.63,28,133
deepseek-r1_prompt2_false-presuppositions77_2,1,human,agent,0.45,21,252
deepseek-r1_prompt2_false-presuppositions77_3,1,human,agent,0.62,27,289
deepseek-r1_prompt2_false-presuppositions77_4,1,human,agent,0.60,30,298
deepseek-r1_prompt2_false-presuppositions77_5,1,human,agent,0.58,29,309
deepseek-r1_prompt3_false-presuppositions77_1,1,human,agent,0.48,28,209
deepseek-r1_prompt3_false-presuppositions77_2,1,human,agent,0.33,21,239
deepseek-r1_prompt3_false-presuppositions77_3,1,human,agent,0.42,27,240
deepseek-r1_prompt3_false-presuppositions77_4,1,human,agent,0.50,30,276
deepseek-r1_prompt3_false-presuppositions77_5,1,human,agent,0.48,29,279
deepseek-r1_prompt4_false-presuppositions77_1,1,human,agent,0.57,28,210
deepseek-r1_prompt4_false-presuppositions77_2,1,human,agent,0.40,21,243
deepseek-r1_prompt4_false-presuppositions77_3,1,human,agent,0.61,27,277
deepseek-r1_prompt4_false-presuppositions77_4,1,human,agent,0.53,30,268
deepseek-r1_prompt4_false-presuppositions77_5,1,human,agent,0.60,29,289
deepseek-r1_prompt0_false-presuppositions78_1,1,human,agent,0.71,21,243
deepseek-r1_prompt0_false-presuppositions78_2,1,human,agent,0.49,18,270
deepseek-r1_prompt0_false-presuppositions78_3,1,human,agent,0.52,24,248
deepseek-r1_prompt0_false-presuppositions78_4,1,human,agent,0.40,29,275
deepseek-r1_prompt0_false-presuppositions78_5,1,human,agent,0.43,26,265
deepseek-r1_prompt1_false-presuppositions78_1,1,human,agent,0.59,21,206
deepseek-r1_prompt1_false-presuppositions78_2,1,human,agent,0.52,18,240
deepseek-r1_prompt1_false-presuppositions78_3,1,human,agent,0.49,24,247
deepseek-r1_prompt1_false-presuppositions78_4,1,human,agent,0.44,29,250
deepseek-r1_prompt1_false-presuppositions78_5,1,human,agent,0.53,26,291
deepseek-r1_prompt2_false-presuppositions78_1,1,human,agent,0.67,21,181
deepseek-r1_prompt2_false-presuppositions78_2,1,human,agent,0.59,18,218
deepseek-r1_prompt2_false-presuppositions78_3,1,human,agent,0.60,24,233
deepseek-r1_prompt2_false-presuppositions78_4,1,human,agent,0.62,29,246
deepseek-r1_prompt2_false-presuppositions78_5,1,human,agent,0.45,26,282
deepseek-r1_prompt3_false-presuppositions78_1,1,human,agent,0.58,21,209
deepseek-r1_prompt3_false-presuppositions78_2,1,human,agent,0.51,18,223
deepseek-r1_prompt3_false-presuppositions78_3,1,human,agent,0.44,24,239
deepseek-r1_prompt3_false-presuppositions78_4,1,human,agent,0.38,29,225
deepseek-r1_prompt3_false-presuppositions78_5,1,human,agent,0.48,26,282
deepseek-r1_prompt4_false-presuppositions78_1,1,human,agent,0.65,21,128
deepseek-r1_prompt4_false-presuppositions78_2,1,human,agent,0.59,18,241
deepseek-r1_prompt4_false-presuppositions78_3,1,human,agent,0.55,24,262
deepseek-r1_prompt4_false-presuppositions78_4,1,human,agent,0.45,29,239
deepseek-r1_prompt4_false-presuppositions78_5,1,human,agent,0.51,26,308
deepseek-r1_prompt0_false-presuppositions79_1,1,human,agent,0.40,11,189
deepseek-r1_prompt0_false-presuppositions79_2,1,human,agent,0.73,21,230
deepseek-r1_prompt0_false-presuppositions79_3,1,human,agent,0.45,25,268
deepseek-r1_prompt0_false-presuppositions79_4,1,human,agent,0.79,29,284
deepseek-r1_prompt0_false-presuppositions79_5,1,human,agent,0.51,33,258
deepseek-r1_prompt1_false-presuppositions79_1,1,human,agent,0.34,11,182
deepseek-r1_prompt1_false-presuppositions79_2,1,human,agent,0.73,21,262
deepseek-r1_prompt1_false-presuppositions79_3,1,human,agent,0.48,25,278
deepseek-r1_prompt1_false-presuppositions79_4,1,human,agent,0.82,29,276
deepseek-r1_prompt1_false-presuppositions79_5,1,human,agent,0.51,33,278
deepseek-r1_prompt2_false-presuppositions79_1,1,human,agent,0.44,11,79
deepseek-r1_prompt2_false-presuppositions79_2,1,human,agent,0.73,21,241
deepseek-r1_prompt2_false-presuppositions79_3,1,human,agent,0.49,25,281
deepseek-r1_prompt2_false-presuppositions79_4,1,human,agent,0.72,29,274
deepseek-r1_prompt2_false-presuppositions79_5,1,human,agent,0.60,33,288
deepseek-r1_prompt3_false-presuppositions79_1,1,human,agent,0.37,11,81
deepseek-r1_prompt3_false-presuppositions79_2,1,human,agent,0.66,21,259
deepseek-r1_prompt3_false-presuppositions79_3,1,human,agent,0.45,25,286
deepseek-r1_prompt3_false-presuppositions79_4,1,human,agent,0.73,29,261
deepseek-r1_prompt3_false-presuppositions79_5,1,human,agent,0.52,33,286
deepseek-r1_prompt4_false-presuppositions79_1,1,human,agent,0.46,11,85
deepseek-r1_prompt4_false-presuppositions79_2,1,human,agent,0.72,21,206
deepseek-r1_prompt4_false-presuppositions79_3,1,human,agent,0.46,25,225
deepseek-r1_prompt4_false-presuppositions79_4,1,human,agent,0.70,29,256
deepseek-r1_prompt4_false-presuppositions79_5,1,human,agent,0.50,33,261
deepseek-r1_prompt0_false-presuppositions8_1,1,human,agent,0.51,14,188
deepseek-r1_prompt0_false-presuppositions8_2,1,human,agent,0.50,16,237
deepseek-r1_prompt0_false-presuppositions8_3,1,human,agent,0.54,25,259
deepseek-r1_prompt0_false-presuppositions8_4,1,human,agent,0.50,25,283
deepseek-r1_prompt0_false-presuppositions8_5,1,human,agent,0.38,20,252
deepseek-r1_prompt1_false-presuppositions8_1,1,human,agent,0.57,14,169
deepseek-r1_prompt1_false-presuppositions8_2,1,human,agent,0.51,16,218
deepseek-r1_prompt1_false-presuppositions8_3,1,human,agent,0.60,25,218
deepseek-r1_prompt1_false-presuppositions8_4,1,human,agent,0.47,25,234
deepseek-r1_prompt1_false-presuppositions8_5,1,human,agent,0.38,20,272
deepseek-r1_prompt2_false-presuppositions8_1,1,human,agent,0.55,14,115
deepseek-r1_prompt2_false-presuppositions8_2,1,human,agent,0.52,16,245
deepseek-r1_prompt2_false-presuppositions8_3,1,human,agent,0.52,25,258
deepseek-r1_prompt2_false-presuppositions8_4,1,human,agent,0.48,25,276
deepseek-r1_prompt2_false-presuppositions8_5,1,human,agent,0.35,20,296
deepseek-r1_prompt3_false-presuppositions8_1,1,human,agent,0.40,14,188
deepseek-r1_prompt3_false-presuppositions8_2,1,human,agent,0.51,16,232
deepseek-r1_prompt3_false-presuppositions8_3,1,human,agent,0.45,25,230
deepseek-r1_prompt3_false-presuppositions8_4,1,human,agent,0.46,25,245
deepseek-r1_prompt3_false-presuppositions8_5,1,human,agent,0.32,20,256
deepseek-r1_prompt4_false-presuppositions8_1,1,human,agent,0.47,14,108
deepseek-r1_prompt4_false-presuppositions8_2,1,human,agent,0.53,16,236
deepseek-r1_prompt4_false-presuppositions8_3,1,human,agent,0.61,25,265
deepseek-r1_prompt4_false-presuppositions8_4,1,human,agent,0.45,25,284
deepseek-r1_prompt4_false-presuppositions8_5,1,human,agent,0.44,20,315
deepseek-r1_prompt0_false-presuppositions80_1,1,human,agent,0.52,32,300
deepseek-r1_prompt0_false-presuppositions80_2,1,human,agent,0.53,27,237
deepseek-r1_prompt0_false-presuppositions80_3,1,human,agent,0.61,24,251
deepseek-r1_prompt0_false-presuppositions80_4,1,human,agent,0.63,30,259
deepseek-r1_prompt0_false-presuppositions80_5,1,human,agent,0.37,27,250
deepseek-r1_prompt1_false-presuppositions80_1,1,human,agent,0.54,32,232
deepseek-r1_prompt1_false-presuppositions80_2,1,human,agent,0.56,27,248
deepseek-r1_prompt1_false-presuppositions80_3,1,human,agent,0.58,24,224
deepseek-r1_prompt1_false-presuppositions80_4,1,human,agent,0.62,30,243
deepseek-r1_prompt1_false-presuppositions80_5,1,human,agent,0.41,27,258
deepseek-r1_prompt2_false-presuppositions80_1,1,human,agent,0.60,32,170
deepseek-r1_prompt2_false-presuppositions80_2,1,human,agent,0.54,27,244
deepseek-r1_prompt2_false-presuppositions80_3,1,human,agent,0.62,24,273
deepseek-r1_prompt2_false-presuppositions80_4,1,human,agent,0.61,30,250
deepseek-r1_prompt2_false-presuppositions80_5,1,human,agent,0.48,27,304
deepseek-r1_prompt3_false-presuppositions80_1,1,human,agent,0.50,32,245
deepseek-r1_prompt3_false-presuppositions80_2,1,human,agent,0.51,27,239
deepseek-r1_prompt3_false-presuppositions80_3,1,human,agent,0.58,24,242
deepseek-r1_prompt3_false-presuppositions80_4,1,human,agent,0.60,30,264
deepseek-r1_prompt3_false-presuppositions80_5,1,human,agent,0.39,27,273
deepseek-r1_prompt4_false-presuppositions80_1,1,human,agent,0.55,32,141
deepseek-r1_prompt4_false-presuppositions80_2,1,human,agent,0.60,27,234
deepseek-r1_prompt4_false-presuppositions80_3,1,human,agent,0.60,24,225
deepseek-r1_prompt4_false-presuppositions80_4,1,human,agent,0.56,30,224
deepseek-r1_prompt4_false-presuppositions80_5,1,human,agent,0.41,27,333
deepseek-r1_prompt0_false-presuppositions81_1,1,human,agent,0.61,22,262
deepseek-r1_prompt0_false-presuppositions81_2,1,human,agent,0.41,16,257
deepseek-r1_prompt0_false-presuppositions81_3,1,human,agent,0.53,21,291
deepseek-r1_prompt0_false-presuppositions81_4,1,human,agent,0.69,21,269
deepseek-r1_prompt0_false-presuppositions81_5,1,human,agent,0.58,20,281
deepseek-r1_prompt1_false-presuppositions81_1,1,human,agent,0.58,22,245
deepseek-r1_prompt1_false-presuppositions81_2,1,human,agent,0.38,16,228
deepseek-r1_prompt1_false-presuppositions81_3,1,human,agent,0.54,21,262
deepseek-r1_prompt1_false-presuppositions81_4,1,human,agent,0.68,21,290
deepseek-r1_prompt1_false-presuppositions81_5,1,human,agent,0.52,20,274
deepseek-r1_prompt2_false-presuppositions81_1,1,human,agent,0.75,22,101
deepseek-r1_prompt2_false-presuppositions81_2,1,human,agent,0.42,16,232
deepseek-r1_prompt2_false-presuppositions81_3,1,human,agent,0.49,21,244
deepseek-r1_prompt2_false-presuppositions81_4,1,human,agent,0.61,21,246
deepseek-r1_prompt2_false-presuppositions81_5,1,human,agent,0.52,20,298
deepseek-r1_prompt3_false-presuppositions81_1,1,human,agent,0.53,22,214
deepseek-r1_prompt3_false-presuppositions81_2,1,human,agent,0.35,16,214
deepseek-r1_prompt3_false-presuppositions81_3,1,human,agent,0.47,21,234
deepseek-r1_prompt3_false-presuppositions81_4,1,human,agent,0.57,21,235
deepseek-r1_prompt3_false-presuppositions81_5,1,human,agent,0.50,20,257
deepseek-r1_prompt4_false-presuppositions81_1,1,human,agent,0.65,22,121
deepseek-r1_prompt4_false-presuppositions81_2,1,human,agent,0.43,16,242
deepseek-r1_prompt4_false-presuppositions81_3,1,human,agent,0.52,21,245
deepseek-r1_prompt4_false-presuppositions81_4,1,human,agent,0.60,21,266
deepseek-r1_prompt4_false-presuppositions81_5,1,human,agent,0.56,20,295
deepseek-r1_prompt0_false-presuppositions82_1,1,human,agent,0.32,16,186
deepseek-r1_prompt0_false-presuppositions82_2,1,human,agent,0.51,24,251
deepseek-r1_prompt0_false-presuppositions82_3,1,human,agent,0.42,14,270
deepseek-r1_prompt0_false-presuppositions82_4,1,human,agent,0.49,32,287
deepseek-r1_prompt0_false-presuppositions82_5,1,human,agent,0.45,24,259
deepseek-r1_prompt1_false-presuppositions82_1,1,human,agent,0.45,16,207
deepseek-r1_prompt1_false-presuppositions82_2,1,human,agent,0.46,24,260
deepseek-r1_prompt1_false-presuppositions82_3,1,human,agent,0.41,14,260
deepseek-r1_prompt1_false-presuppositions82_4,1,human,agent,0.43,32,271
deepseek-r1_prompt1_false-presuppositions82_5,1,human,agent,0.47,24,261
deepseek-r1_prompt2_false-presuppositions82_1,1,human,agent,0.50,16,155
deepseek-r1_prompt2_false-presuppositions82_2,1,human,agent,0.48,24,255
deepseek-r1_prompt2_false-presuppositions82_3,1,human,agent,0.47,14,291
deepseek-r1_prompt2_false-presuppositions82_4,1,human,agent,0.49,32,321
deepseek-r1_prompt2_false-presuppositions82_5,1,human,agent,0.45,24,328
deepseek-r1_prompt3_false-presuppositions82_1,1,human,agent,0.34,16,124
deepseek-r1_prompt3_false-presuppositions82_2,1,human,agent,0.49,24,238
deepseek-r1_prompt3_false-presuppositions82_3,1,human,agent,0.38,14,283
deepseek-r1_prompt3_false-presuppositions82_4,1,human,agent,0.47,32,266
deepseek-r1_prompt3_false-presuppositions82_5,1,human,agent,0.46,24,270
deepseek-r1_prompt4_false-presuppositions82_1,1,human,agent,0.39,16,111
deepseek-r1_prompt4_false-presuppositions82_2,1,human,agent,0.47,24,264
deepseek-r1_prompt4_false-presuppositions82_3,1,human,agent,0.41,14,292
deepseek-r1_prompt4_false-presuppositions82_4,1,human,agent,0.52,32,284
deepseek-r1_prompt4_false-presuppositions82_5,1,human,agent,0.46,24,271
deepseek-r1_prompt0_false-presuppositions83_1,1,human,agent,0.57,27,349
deepseek-r1_prompt0_false-presuppositions83_2,1,human,agent,0.35,24,251
deepseek-r1_prompt0_false-presuppositions83_3,1,human,agent,0.62,21,253
deepseek-r1_prompt0_false-presuppositions83_4,1,human,agent,0.53,26,263
deepseek-r1_prompt0_false-presuppositions83_5,1,human,agent,0.52,31,275
deepseek-r1_prompt1_false-presuppositions83_1,1,human,agent,0.55,27,320
deepseek-r1_prompt1_false-presuppositions83_2,1,human,agent,0.38,24,240
deepseek-r1_prompt1_false-presuppositions83_3,1,human,agent,0.53,21,250
deepseek-r1_prompt1_false-presuppositions83_4,1,human,agent,0.56,26,277
deepseek-r1_prompt1_false-presuppositions83_5,1,human,agent,0.49,31,266
deepseek-r1_prompt2_false-presuppositions83_1,1,human,agent,0.66,27,141
deepseek-r1_prompt2_false-presuppositions83_2,1,human,agent,0.44,24,262
deepseek-r1_prompt2_false-presuppositions83_3,1,human,agent,0.56,21,282
deepseek-r1_prompt2_false-presuppositions83_4,1,human,agent,0.58,26,266
deepseek-r1_prompt2_false-presuppositions83_5,1,human,agent,0.48,31,297
deepseek-r1_prompt3_false-presuppositions83_1,1,human,agent,0.51,27,267
deepseek-r1_prompt3_false-presuppositions83_2,1,human,agent,0.29,24,253
deepseek-r1_prompt3_false-presuppositions83_3,1,human,agent,0.55,21,227
deepseek-r1_prompt3_false-presuppositions83_4,1,human,agent,0.50,26,249
deepseek-r1_prompt3_false-presuppositions83_5,1,human,agent,0.52,31,254
deepseek-r1_prompt4_false-presuppositions83_1,1,human,agent,0.61,27,304
deepseek-r1_prompt4_false-presuppositions83_2,1,human,agent,0.39,24,238
deepseek-r1_prompt4_false-presuppositions83_3,1,human,agent,0.53,21,213
deepseek-r1_prompt4_false-presuppositions83_4,1,human,agent,0.56,26,217
deepseek-r1_prompt4_false-presuppositions83_5,1,human,agent,0.48,31,246
deepseek-r1_prompt0_false-presuppositions84_1,1,human,agent,0.50,12,293
deepseek-r1_prompt0_false-presuppositions84_2,1,human,agent,0.50,23,223
deepseek-r1_prompt0_false-presuppositions84_3,1,human,agent,0.46,20,241
deepseek-r1_prompt0_false-presuppositions84_4,1,human,agent,0.51,23,250
deepseek-r1_prompt0_false-presuppositions84_5,1,human,agent,0.40,26,249
deepseek-r1_prompt1_false-presuppositions84_1,1,human,agent,0.47,12,312
deepseek-r1_prompt1_false-presuppositions84_2,1,human,agent,0.47,23,243
deepseek-r1_prompt1_false-presuppositions84_3,1,human,agent,0.53,20,278
deepseek-r1_prompt1_false-presuppositions84_4,1,human,agent,0.50,23,262
deepseek-r1_prompt1_false-presuppositions84_5,1,human,agent,0.38,26,264
deepseek-r1_prompt2_false-presuppositions84_1,1,human,agent,0.42,12,198
deepseek-r1_prompt2_false-presuppositions84_2,1,human,agent,0.58,23,260
deepseek-r1_prompt2_false-presuppositions84_3,1,human,agent,0.49,20,263
deepseek-r1_prompt2_false-presuppositions84_4,1,human,agent,0.57,23,257
deepseek-r1_prompt2_false-presuppositions84_5,1,human,agent,0.40,26,277
deepseek-r1_prompt3_false-presuppositions84_1,1,human,agent,0.62,12,312
deepseek-r1_prompt3_false-presuppositions84_2,1,human,agent,0.46,23,247
deepseek-r1_prompt3_false-presuppositions84_3,1,human,agent,0.48,20,276
deepseek-r1_prompt3_false-presuppositions84_4,1,human,agent,0.51,23,288
deepseek-r1_prompt3_false-presuppositions84_5,1,human,agent,0.41,26,280
deepseek-r1_prompt4_false-presuppositions84_1,1,human,agent,0.41,12,237
deepseek-r1_prompt4_false-presuppositions84_2,1,human,agent,0.59,23,237
deepseek-r1_prompt4_false-presuppositions84_3,1,human,agent,0.52,20,250
deepseek-r1_prompt4_false-presuppositions84_4,1,human,agent,0.54,23,269
deepseek-r1_prompt4_false-presuppositions84_5,1,human,agent,0.44,26,288
deepseek-r1_prompt0_false-presuppositions85_1,1,human,agent,0.54,24,277
deepseek-r1_prompt0_false-presuppositions85_2,1,human,agent,0.61,26,258
deepseek-r1_prompt0_false-presuppositions85_3,1,human,agent,0.42,20,275
deepseek-r1_prompt0_false-presuppositions85_4,1,human,agent,0.64,31,288
deepseek-r1_prompt0_false-presuppositions85_5,1,human,agent,0.42,25,266
deepseek-r1_prompt1_false-presuppositions85_1,1,human,agent,0.56,24,292
deepseek-r1_prompt1_false-presuppositions85_2,1,human,agent,0.58,26,261
deepseek-r1_prompt1_false-presuppositions85_3,1,human,agent,0.38,20,287
deepseek-r1_prompt1_false-presuppositions85_4,1,human,agent,0.65,31,302
deepseek-r1_prompt1_false-presuppositions85_5,1,human,agent,0.46,25,313
deepseek-r1_prompt2_false-presuppositions85_1,1,human,agent,0.62,24,127
deepseek-r1_prompt2_false-presuppositions85_2,1,human,agent,0.76,26,253
deepseek-r1_prompt2_false-presuppositions85_3,1,human,agent,0.49,20,257
deepseek-r1_prompt2_false-presuppositions85_4,1,human,agent,0.76,31,269
deepseek-r1_prompt2_false-presuppositions85_5,1,human,agent,0.47,25,257
deepseek-r1_prompt3_false-presuppositions85_1,1,human,agent,0.60,24,251
deepseek-r1_prompt3_false-presuppositions85_2,1,human,agent,0.49,26,255
deepseek-r1_prompt3_false-presuppositions85_3,1,human,agent,0.35,20,237
deepseek-r1_prompt3_false-presuppositions85_4,1,human,agent,0.67,31,270
deepseek-r1_prompt3_false-presuppositions85_5,1,human,agent,0.43,25,267
deepseek-r1_prompt4_false-presuppositions85_1,1,human,agent,0.56,24,110
deepseek-r1_prompt4_false-presuppositions85_2,1,human,agent,0.59,26,255
deepseek-r1_prompt4_false-presuppositions85_3,1,human,agent,0.47,20,229
deepseek-r1_prompt4_false-presuppositions85_4,1,human,agent,0.71,31,221
deepseek-r1_prompt4_false-presuppositions85_5,1,human,agent,0.45,25,252
deepseek-r1_prompt0_false-presuppositions86_1,1,human,agent,0.64,15,289
deepseek-r1_prompt0_false-presuppositions86_2,1,human,agent,0.34,20,263
deepseek-r1_prompt0_false-presuppositions86_3,1,human,agent,0.31,20,240
deepseek-r1_prompt0_false-presuppositions86_4,1,human,agent,0.34,20,275
deepseek-r1_prompt0_false-presuppositions86_5,1,human,agent,0.38,20,281
deepseek-r1_prompt1_false-presuppositions86_1,1,human,agent,0.59,15,264
deepseek-r1_prompt1_false-presuppositions86_2,1,human,agent,0.38,20,256
deepseek-r1_prompt1_false-presuppositions86_3,1,human,agent,0.35,20,291
deepseek-r1_prompt1_false-presuppositions86_4,1,human,agent,0.35,20,294
deepseek-r1_prompt1_false-presuppositions86_5,1,human,agent,0.47,20,299
deepseek-r1_prompt2_false-presuppositions86_1,1,human,agent,0.50,15,127
deepseek-r1_prompt2_false-presuppositions86_2,1,human,agent,0.39,20,245
deepseek-r1_prompt2_false-presuppositions86_3,1,human,agent,0.40,20,309
deepseek-r1_prompt2_false-presuppositions86_4,1,human,agent,0.48,20,307
deepseek-r1_prompt2_false-presuppositions86_5,1,human,agent,0.40,20,310
deepseek-r1_prompt3_false-presuppositions86_1,1,human,agent,0.63,15,256
deepseek-r1_prompt3_false-presuppositions86_2,1,human,agent,0.33,20,238
deepseek-r1_prompt3_false-presuppositions86_3,1,human,agent,0.34,20,279
deepseek-r1_prompt3_false-presuppositions86_4,1,human,agent,0.34,20,303
deepseek-r1_prompt3_false-presuppositions86_5,1,human,agent,0.37,20,272
deepseek-r1_prompt4_false-presuppositions86_1,1,human,agent,0.46,15,126
deepseek-r1_prompt4_false-presuppositions86_2,1,human,agent,0.30,20,283
deepseek-r1_prompt4_false-presuppositions86_3,1,human,agent,0.36,20,263
deepseek-r1_prompt4_false-presuppositions86_4,1,human,agent,0.37,20,278
deepseek-r1_prompt4_false-presuppositions86_5,1,human,agent,0.35,20,257
deepseek-r1_prompt0_false-presuppositions87_1,1,human,agent,0.74,19,229
deepseek-r1_prompt0_false-presuppositions87_2,1,human,agent,0.62,26,236
deepseek-r1_prompt0_false-presuppositions87_3,1,human,agent,0.60,26,230
deepseek-r1_prompt0_false-presuppositions87_4,1,human,agent,0.52,28,195
deepseek-r1_prompt0_false-presuppositions87_5,1,human,agent,0.59,26,241
deepseek-r1_prompt1_false-presuppositions87_1,1,human,agent,0.66,19,220
deepseek-r1_prompt1_false-presuppositions87_2,1,human,agent,0.60,26,206
deepseek-r1_prompt1_false-presuppositions87_3,1,human,agent,0.57,26,243
deepseek-r1_prompt1_false-presuppositions87_4,1,human,agent,0.52,28,240
deepseek-r1_prompt1_false-presuppositions87_5,1,human,agent,0.64,26,261
deepseek-r1_prompt2_false-presuppositions87_1,1,human,agent,0.73,19,123
deepseek-r1_prompt2_false-presuppositions87_2,1,human,agent,0.76,26,243
deepseek-r1_prompt2_false-presuppositions87_3,1,human,agent,0.65,26,282
deepseek-r1_prompt2_false-presuppositions87_4,1,human,agent,0.50,28,249
deepseek-r1_prompt2_false-presuppositions87_5,1,human,agent,0.64,26,277
deepseek-r1_prompt3_false-presuppositions87_1,1,human,agent,0.66,19,202
deepseek-r1_prompt3_false-presuppositions87_2,1,human,agent,0.51,26,205
deepseek-r1_prompt3_false-presuppositions87_3,1,human,agent,0.56,26,225
deepseek-r1_prompt3_false-presuppositions87_4,1,human,agent,0.50,28,222
deepseek-r1_prompt3_false-presuppositions87_5,1,human,agent,0.62,26,249
deepseek-r1_prompt4_false-presuppositions87_1,1,human,agent,0.78,19,141
deepseek-r1_prompt4_false-presuppositions87_2,1,human,agent,0.72,26,242
deepseek-r1_prompt4_false-presuppositions87_3,1,human,agent,0.64,26,233
deepseek-r1_prompt4_false-presuppositions87_4,1,human,agent,0.51,28,253
deepseek-r1_prompt4_false-presuppositions87_5,1,human,agent,0.69,26,250
deepseek-r1_prompt0_false-presuppositions88_1,1,human,agent,0.60,20,229
deepseek-r1_prompt0_false-presuppositions88_2,1,human,agent,0.48,23,243
deepseek-r1_prompt0_false-presuppositions88_3,1,human,agent,0.48,27,260
deepseek-r1_prompt0_false-presuppositions88_4,1,human,agent,0.54,31,285
deepseek-r1_prompt0_false-presuppositions88_5,1,human,agent,0.54,35,269
deepseek-r1_prompt1_false-presuppositions88_1,1,human,agent,0.50,20,221
deepseek-r1_prompt1_false-presuppositions88_2,1,human,agent,0.53,23,231
deepseek-r1_prompt1_false-presuppositions88_3,1,human,agent,0.47,27,264
deepseek-r1_prompt1_false-presuppositions88_4,1,human,agent,0.54,31,273
deepseek-r1_prompt1_false-presuppositions88_5,1,human,agent,0.64,35,241
deepseek-r1_prompt2_false-presuppositions88_1,1,human,agent,0.48,20,154
deepseek-r1_prompt2_false-presuppositions88_2,1,human,agent,0.52,23,260
deepseek-r1_prompt2_false-presuppositions88_3,1,human,agent,0.55,27,263
deepseek-r1_prompt2_false-presuppositions88_4,1,human,agent,0.59,31,311
deepseek-r1_prompt2_false-presuppositions88_5,1,human,agent,0.61,35,284
deepseek-r1_prompt3_false-presuppositions88_1,1,human,agent,0.50,20,157
deepseek-r1_prompt3_false-presuppositions88_2,1,human,agent,0.46,23,216
deepseek-r1_prompt3_false-presuppositions88_3,1,human,agent,0.40,27,248
deepseek-r1_prompt3_false-presuppositions88_4,1,human,agent,0.55,31,248
deepseek-r1_prompt3_false-presuppositions88_5,1,human,agent,0.62,35,306
deepseek-r1_prompt4_false-presuppositions88_1,1,human,agent,0.44,20,100
deepseek-r1_prompt4_false-presuppositions88_2,1,human,agent,0.50,23,189
deepseek-r1_prompt4_false-presuppositions88_3,1,human,agent,0.44,27,241
deepseek-r1_prompt4_false-presuppositions88_4,1,human,agent,0.53,31,249
deepseek-r1_prompt4_false-presuppositions88_5,1,human,agent,0.61,35,264
deepseek-r1_prompt0_false-presuppositions89_1,1,human,agent,0.56,20,243
deepseek-r1_prompt0_false-presuppositions89_2,1,human,agent,0.56,21,240
deepseek-r1_prompt0_false-presuppositions89_3,1,human,agent,0.47,23,262
deepseek-r1_prompt0_false-presuppositions89_4,1,human,agent,0.34,24,278
deepseek-r1_prompt0_false-presuppositions89_5,1,human,agent,0.41,20,272
deepseek-r1_prompt1_false-presuppositions89_1,1,human,agent,0.53,20,241
deepseek-r1_prompt1_false-presuppositions89_2,1,human,agent,0.54,21,290
deepseek-r1_prompt1_false-presuppositions89_3,1,human,agent,0.44,23,253
deepseek-r1_prompt1_false-presuppositions89_4,1,human,agent,0.34,24,275
deepseek-r1_prompt1_false-presuppositions89_5,1,human,agent,0.43,20,264
deepseek-r1_prompt2_false-presuppositions89_1,1,human,agent,0.51,20,160
deepseek-r1_prompt2_false-presuppositions89_2,1,human,agent,0.63,21,243
deepseek-r1_prompt2_false-presuppositions89_3,1,human,agent,0.59,23,275
deepseek-r1_prompt2_false-presuppositions89_4,1,human,agent,0.42,24,328
deepseek-r1_prompt2_false-presuppositions89_5,1,human,agent,0.54,20,322
deepseek-r1_prompt3_false-presuppositions89_1,1,human,agent,0.55,20,195
deepseek-r1_prompt3_false-presuppositions89_2,1,human,agent,0.49,21,239
deepseek-r1_prompt3_false-presuppositions89_3,1,human,agent,0.45,23,247
deepseek-r1_prompt3_false-presuppositions89_4,1,human,agent,0.28,24,271
deepseek-r1_prompt3_false-presuppositions89_5,1,human,agent,0.36,20,290
deepseek-r1_prompt4_false-presuppositions89_1,1,human,agent,0.38,20,123
deepseek-r1_prompt4_false-presuppositions89_2,1,human,agent,0.60,21,277
deepseek-r1_prompt4_false-presuppositions89_3,1,human,agent,0.51,23,299
deepseek-r1_prompt4_false-presuppositions89_4,1,human,agent,0.37,24,319
deepseek-r1_prompt4_false-presuppositions89_5,1,human,agent,0.45,20,277
deepseek-r1_prompt0_false-presuppositions9_1,1,human,agent,0.37,13,189
deepseek-r1_prompt0_false-presuppositions9_2,1,human,agent,0.45,22,206
deepseek-r1_prompt0_false-presuppositions9_3,1,human,agent,0.44,19,220
deepseek-r1_prompt0_false-presuppositions9_4,1,human,agent,0.57,29,263
deepseek-r1_prompt0_false-presuppositions9_5,1,human,agent,0.39,23,267
deepseek-r1_prompt1_false-presuppositions9_1,1,human,agent,0.46,13,170
deepseek-r1_prompt1_false-presuppositions9_2,1,human,agent,0.50,22,235
deepseek-r1_prompt1_false-presuppositions9_3,1,human,agent,0.37,19,229
deepseek-r1_prompt1_false-presuppositions9_4,1,human,agent,0.50,29,258
deepseek-r1_prompt1_false-presuppositions9_5,1,human,agent,0.37,23,261
deepseek-r1_prompt2_false-presuppositions9_1,1,human,agent,0.27,13,111
deepseek-r1_prompt2_false-presuppositions9_2,1,human,agent,0.53,22,193
deepseek-r1_prompt2_false-presuppositions9_3,1,human,agent,0.44,19,242
deepseek-r1_prompt2_false-presuppositions9_4,1,human,agent,0.57,29,269
deepseek-r1_prompt2_false-presuppositions9_5,1,human,agent,0.39,23,247
deepseek-r1_prompt3_false-presuppositions9_1,1,human,agent,0.42,13,202
deepseek-r1_prompt3_false-presuppositions9_2,1,human,agent,0.43,22,163
deepseek-r1_prompt3_false-presuppositions9_3,1,human,agent,0.35,19,226
deepseek-r1_prompt3_false-presuppositions9_4,1,human,agent,0.45,29,269
deepseek-r1_prompt3_false-presuppositions9_5,1,human,agent,0.39,23,254
deepseek-r1_prompt4_false-presuppositions9_1,1,human,agent,0.48,13,100
deepseek-r1_prompt4_false-presuppositions9_2,1,human,agent,0.55,22,197
deepseek-r1_prompt4_false-presuppositions9_3,1,human,agent,0.41,19,215
deepseek-r1_prompt4_false-presuppositions9_4,1,human,agent,0.45,29,246
deepseek-r1_prompt4_false-presuppositions9_5,1,human,agent,0.42,23,247
deepseek-r1_prompt0_false-presuppositions90_1,1,human,agent,0.39,10,258
deepseek-r1_prompt0_false-presuppositions90_2,1,human,agent,0.66,27,256
deepseek-r1_prompt0_false-presuppositions90_3,1,human,agent,0.39,21,273
deepseek-r1_prompt0_false-presuppositions90_4,1,human,agent,0.63,24,263
deepseek-r1_prompt0_false-presuppositions90_5,1,human,agent,0.61,22,270
deepseek-r1_prompt1_false-presuppositions90_1,1,human,agent,0.27,10,253
deepseek-r1_prompt1_false-presuppositions90_2,1,human,agent,0.66,27,237
deepseek-r1_prompt1_false-presuppositions90_3,1,human,agent,0.41,21,294
deepseek-r1_prompt1_false-presuppositions90_4,1,human,agent,0.55,24,296
deepseek-r1_prompt1_false-presuppositions90_5,1,human,agent,0.47,22,281
deepseek-r1_prompt2_false-presuppositions90_1,1,human,agent,0.27,10,176
deepseek-r1_prompt2_false-presuppositions90_2,1,human,agent,0.69,27,236
deepseek-r1_prompt2_false-presuppositions90_3,1,human,agent,0.46,21,257
deepseek-r1_prompt2_false-presuppositions90_4,1,human,agent,0.59,24,262
deepseek-r1_prompt2_false-presuppositions90_5,1,human,agent,0.60,22,305
deepseek-r1_prompt3_false-presuppositions90_1,1,human,agent,0.27,10,248
deepseek-r1_prompt3_false-presuppositions90_2,1,human,agent,0.54,27,198
deepseek-r1_prompt3_false-presuppositions90_3,1,human,agent,0.37,21,246
deepseek-r1_prompt3_false-presuppositions90_4,1,human,agent,0.59,24,240
deepseek-r1_prompt3_false-presuppositions90_5,1,human,agent,0.56,22,269
deepseek-r1_prompt4_false-presuppositions90_1,1,human,agent,0.29,10,118
deepseek-r1_prompt4_false-presuppositions90_2,1,human,agent,0.65,27,221
deepseek-r1_prompt4_false-presuppositions90_3,1,human,agent,0.44,21,235
deepseek-r1_prompt4_false-presuppositions90_4,1,human,agent,0.54,24,232
deepseek-r1_prompt4_false-presuppositions90_5,1,human,agent,0.57,22,257
deepseek-r1_prompt0_false-presuppositions91_1,1,human,agent,0.35,14,269
deepseek-r1_prompt0_false-presuppositions91_2,1,human,agent,0.46,18,241
deepseek-r1_prompt0_false-presuppositions91_3,1,human,agent,0.54,19,275
deepseek-r1_prompt0_false-presuppositions91_4,1,human,agent,0.56,25,253
deepseek-r1_prompt0_false-presuppositions91_5,1,human,agent,0.49,23,287
deepseek-r1_prompt1_false-presuppositions91_1,1,human,agent,0.37,14,247
deepseek-r1_prompt1_false-presuppositions91_2,1,human,agent,0.28,18,256
deepseek-r1_prompt1_false-presuppositions91_3,1,human,agent,0.49,19,305
deepseek-r1_prompt1_false-presuppositions91_4,1,human,agent,0.57,25,289
deepseek-r1_prompt1_false-presuppositions91_5,1,human,agent,0.44,23,292
deepseek-r1_prompt2_false-presuppositions91_1,1,human,agent,0.41,14,145
deepseek-r1_prompt2_false-presuppositions91_2,1,human,agent,0.40,18,225
deepseek-r1_prompt2_false-presuppositions91_3,1,human,agent,0.62,19,274
deepseek-r1_prompt2_false-presuppositions91_4,1,human,agent,0.59,25,240
deepseek-r1_prompt2_false-presuppositions91_5,1,human,agent,0.57,23,285
deepseek-r1_prompt3_false-presuppositions91_1,1,human,agent,0.32,14,198
deepseek-r1_prompt3_false-presuppositions91_2,1,human,agent,0.30,18,217
deepseek-r1_prompt3_false-presuppositions91_3,1,human,agent,0.49,19,264
deepseek-r1_prompt3_false-presuppositions91_4,1,human,agent,0.54,25,258
deepseek-r1_prompt3_false-presuppositions91_5,1,human,agent,0.39,23,258
deepseek-r1_prompt4_false-presuppositions91_1,1,human,agent,0.47,14,105
deepseek-r1_prompt4_false-presuppositions91_2,1,human,agent,0.33,18,259
deepseek-r1_prompt4_false-presuppositions91_3,1,human,agent,0.61,19,317
deepseek-r1_prompt4_false-presuppositions91_4,1,human,agent,0.58,25,232
deepseek-r1_prompt4_false-presuppositions91_5,1,human,agent,0.55,23,293
deepseek-r1_prompt0_false-presuppositions92_1,1
deepseek-r1_prompt0_false-presuppositions92_2,1,human,agent,0.50,19,230
deepseek-r1_prompt0_false-presuppositions92_3,1,human,agent,0.55,22,278
deepseek-r1_prompt0_false-presuppositions92_4,1,human,agent,0.52,34,272
deepseek-r1_prompt0_false-presuppositions92_5,1,human,agent,0.53,34,288
deepseek-r1_prompt1_false-presuppositions92_1,1
deepseek-r1_prompt1_false-presuppositions92_2,1,human,agent,0.60,19,234
deepseek-r1_prompt1_false-presuppositions92_3,1,human,agent,0.53,22,269
deepseek-r1_prompt1_false-presuppositions92_4,1,human,agent,0.54,34,253
deepseek-r1_prompt1_false-presuppositions92_5,1,human,agent,0.61,34,277
deepseek-r1_prompt2_false-presuppositions92_1,1
deepseek-r1_prompt2_false-presuppositions92_2,1,human,agent,0.59,19,281
deepseek-r1_prompt2_false-presuppositions92_3,1,human,agent,0.59,22,303
deepseek-r1_prompt2_false-presuppositions92_4,1,human,agent,0.65,34,321
deepseek-r1_prompt2_false-presuppositions92_5,1,human,agent,0.62,34,326
deepseek-r1_prompt3_false-presuppositions92_1,1
deepseek-r1_prompt3_false-presuppositions92_2,1,human,agent,0.47,19,231
deepseek-r1_prompt3_false-presuppositions92_3,1,human,agent,0.56,22,250
deepseek-r1_prompt3_false-presuppositions92_4,1,human,agent,0.63,34,275
deepseek-r1_prompt3_false-presuppositions92_5,1,human,agent,0.58,34,289
deepseek-r1_prompt4_false-presuppositions92_1,1
deepseek-r1_prompt4_false-presuppositions92_2,1,human,agent,0.51,19,224
deepseek-r1_prompt4_false-presuppositions92_3,1,human,agent,0.59,22,303
deepseek-r1_prompt4_false-presuppositions92_4,1,human,agent,0.70,34,292
deepseek-r1_prompt4_false-presuppositions92_5,1,human,agent,0.58,34,295
deepseek-r1_prompt0_false-presuppositions93_1,1,human,agent,0.61,38,214
deepseek-r1_prompt0_false-presuppositions93_2,1,human,agent,0.65,30,243
deepseek-r1_prompt0_false-presuppositions93_3,1,human,agent,0.75,32,279
deepseek-r1_prompt0_false-presuppositions93_4,1,human,agent,0.65,40,264
deepseek-r1_prompt0_false-presuppositions93_5,1,human,agent,0.58,42,290
deepseek-r1_prompt1_false-presuppositions93_1,1,human,agent,0.77,38,242
deepseek-r1_prompt1_false-presuppositions93_2,1,human,agent,0.55,30,224
deepseek-r1_prompt1_false-presuppositions93_3,1,human,agent,0.76,32,228
deepseek-r1_prompt1_false-presuppositions93_4,1,human,agent,0.59,40,228
deepseek-r1_prompt1_false-presuppositions93_5,1,human,agent,0.60,42,266
deepseek-r1_prompt2_false-presuppositions93_1,1,human,agent,0.59,38,122
deepseek-r1_prompt2_false-presuppositions93_2,1,human,agent,0.61,30,250
deepseek-r1_prompt2_false-presuppositions93_3,1,human,agent,0.69,32,266
deepseek-r1_prompt2_false-presuppositions93_4,1,human,agent,0.65,40,255
deepseek-r1_prompt2_false-presuppositions93_5,1,human,agent,0.58,42,276
deepseek-r1_prompt3_false-presuppositions93_1,1,human,agent,0.71,38,246
deepseek-r1_prompt3_false-presuppositions93_2,1,human,agent,0.52,30,198
deepseek-r1_prompt3_false-presuppositions93_3,1,human,agent,0.72,32,194
deepseek-r1_prompt3_false-presuppositions93_4,1,human,agent,0.60,40,196
deepseek-r1_prompt3_false-presuppositions93_5,1,human,agent,0.47,42,200
deepseek-r1_prompt4_false-presuppositions93_1,1,human,agent,0.66,38,103
deepseek-r1_prompt4_false-presuppositions93_2,1,human,agent,0.63,30,210
deepseek-r1_prompt4_false-presuppositions93_3,1,human,agent,0.74,32,216
deepseek-r1_prompt4_false-presuppositions93_4,1,human,agent,0.67,40,228
deepseek-r1_prompt4_false-presuppositions93_5,1,human,agent,0.57,42,218
deepseek-r1_prompt0_false-presuppositions94_1,1,human,agent,0.40,32,203
deepseek-r1_prompt0_false-presuppositions94_2,1,human,agent,0.37,25,212
deepseek-r1_prompt0_false-presuppositions94_3,1,human,agent,0.62,31,221
deepseek-r1_prompt0_false-presuppositions94_4,1,human,agent,0.72,34,264
deepseek-r1_prompt0_false-presuppositions94_5,1,human,agent,0.57,30,282
deepseek-r1_prompt1_false-presuppositions94_1,1,human,agent,0.43,32,252
deepseek-r1_prompt1_false-presuppositions94_2,1,human,agent,0.42,25,233
deepseek-r1_prompt1_false-presuppositions94_3,1,human,agent,0.54,31,265
deepseek-r1_prompt1_false-presuppositions94_4,1,human,agent,0.72,34,272
deepseek-r1_prompt1_false-presuppositions94_5,1,human,agent,0.61,30,264
deepseek-r1_prompt2_false-presuppositions94_1,1,human,agent,0.58,32,116
deepseek-r1_prompt2_false-presuppositions94_2,1,human,agent,0.50,25,254
deepseek-r1_prompt2_false-presuppositions94_3,1,human,agent,0.68,31,271
deepseek-r1_prompt2_false-presuppositions94_4,1,human,agent,0.70,34,255
deepseek-r1_prompt2_false-presuppositions94_5,1,human,agent,0.68,30,281
deepseek-r1_prompt3_false-presuppositions94_1,1,human,agent,0.48,32,238
deepseek-r1_prompt3_false-presuppositions94_2,1,human,agent,0.41,25,215
deepseek-r1_prompt3_false-presuppositions94_3,1,human,agent,0.55,31,257
deepseek-r1_prompt3_false-presuppositions94_4,1,human,agent,0.61,34,296
deepseek-r1_prompt3_false-presuppositions94_5,1,human,agent,0.57,30,275
deepseek-r1_prompt4_false-presuppositions94_1,1,human,agent,0.47,32,193
deepseek-r1_prompt4_false-presuppositions94_2,1,human,agent,0.46,25,214
deepseek-r1_prompt4_false-presuppositions94_3,1,human,agent,0.58,31,266
deepseek-r1_prompt4_false-presuppositions94_4,1,human,agent,0.64,34,256
deepseek-r1_prompt4_false-presuppositions94_5,1,human,agent,0.68,30,266
deepseek-r1_prompt0_false-presuppositions95_1,1,human,agent,0.79,26,296
deepseek-r1_prompt0_false-presuppositions95_2,1,human,agent,0.46,22,260
deepseek-r1_prompt0_false-presuppositions95_3,1,human,agent,0.49,28,316
deepseek-r1_prompt0_false-presuppositions95_4,1,human,agent,0.45,29,309
deepseek-r1_prompt0_false-presuppositions95_5,1,human,agent,0.54,30,302
deepseek-r1_prompt1_false-presuppositions95_1,1,human,agent,0.62,26,350
deepseek-r1_prompt1_false-presuppositions95_2,1,human,agent,0.46,22,261
deepseek-r1_prompt1_false-presuppositions95_3,1,human,agent,0.48,28,315
deepseek-r1_prompt1_false-presuppositions95_4,1,human,agent,0.39,29,281
deepseek-r1_prompt1_false-presuppositions95_5,1,human,agent,0.59,30,315
deepseek-r1_prompt2_false-presuppositions95_1,1,human,agent,0.54,26,175
deepseek-r1_prompt2_false-presuppositions95_2,1,human,agent,0.44,22,268
deepseek-r1_prompt2_false-presuppositions95_3,1,human,agent,0.51,28,271
deepseek-r1_prompt2_false-presuppositions95_4,1,human,agent,0.40,29,259
deepseek-r1_prompt2_false-presuppositions95_5,1,human,agent,0.54,30,280
deepseek-r1_prompt3_false-presuppositions95_1,1,human,agent,0.80,26,328
deepseek-r1_prompt3_false-presuppositions95_2,1,human,agent,0.42,22,260
deepseek-r1_prompt3_false-presuppositions95_3,1,human,agent,0.45,28,308
deepseek-r1_prompt3_false-presuppositions95_4,1,human,agent,0.36,29,300
deepseek-r1_prompt3_false-presuppositions95_5,1,human,agent,0.53,30,308
deepseek-r1_prompt4_false-presuppositions95_1,1,human,agent,0.85,26,128
deepseek-r1_prompt4_false-presuppositions95_2,1,human,agent,0.48,22,235
deepseek-r1_prompt4_false-presuppositions95_3,1,human,agent,0.47,28,246
deepseek-r1_prompt4_false-presuppositions95_4,1,human,agent,0.47,29,276
deepseek-r1_prompt4_false-presuppositions95_5,1,human,agent,0.54,30,280
deepseek-r1_prompt0_false-presuppositions96_1,1,human,agent,0.52,51,233
deepseek-r1_prompt0_false-presuppositions96_2,1,human,agent,0.56,23,257
deepseek-r1_prompt0_false-presuppositions96_3,1,human,agent,0.60,23,239
deepseek-r1_prompt0_false-presuppositions96_4,1,human,agent,0.73,30,273
deepseek-r1_prompt0_false-presuppositions96_5,1,human,agent,0.68,29,319
deepseek-r1_prompt1_false-presuppositions96_1,1,human,agent,0.69,51,278
deepseek-r1_prompt1_false-presuppositions96_2,1,human,agent,0.45,23,239
deepseek-r1_prompt1_false-presuppositions96_3,1,human,agent,0.57,23,271
deepseek-r1_prompt1_false-presuppositions96_4,1,human,agent,0.71,30,308
deepseek-r1_prompt1_false-presuppositions96_5,1,human,agent,0.65,29,286
deepseek-r1_prompt2_false-presuppositions96_1,1,human,agent,0.58,51,183
deepseek-r1_prompt2_false-presuppositions96_2,1,human,agent,0.55,23,242
deepseek-r1_prompt2_false-presuppositions96_3,1,human,agent,0.66,23,254
deepseek-r1_prompt2_false-presuppositions96_4,1,human,agent,0.77,30,302
deepseek-r1_prompt2_false-presuppositions96_5,1,human,agent,0.74,29,305
deepseek-r1_prompt3_false-presuppositions96_1,1,human,agent,0.48,51,196
deepseek-r1_prompt3_false-presuppositions96_2,1,human,agent,0.49,23,186
deepseek-r1_prompt3_false-presuppositions96_3,1,human,agent,0.58,23,277
deepseek-r1_prompt3_false-presuppositions96_4,1,human,agent,0.67,30,310
deepseek-r1_prompt3_false-presuppositions96_5,1,human,agent,0.66,29,287
deepseek-r1_prompt4_false-presuppositions96_1,1,human,agent,0.58,51,152
deepseek-r1_prompt4_false-presuppositions96_2,1,human,agent,0.50,23,221
deepseek-r1_prompt4_false-presuppositions96_3,1,human,agent,0.64,23,208
deepseek-r1_prompt4_false-presuppositions96_4,1,human,agent,0.68,30,226
deepseek-r1_prompt4_false-presuppositions96_5,1,human,agent,0.66,29,248
deepseek-r1_prompt0_false-presuppositions97_1,1
deepseek-r1_prompt0_false-presuppositions97_2,1,human,agent,0.31,21,245
deepseek-r1_prompt0_false-presuppositions97_3,1,human,agent,0.45,19,221
deepseek-r1_prompt0_false-presuppositions97_4,1,human,agent,0.52,23,238
deepseek-r1_prompt0_false-presuppositions97_5,1,human,agent,0.36,22,228
deepseek-r1_prompt1_false-presuppositions97_1,1
deepseek-r1_prompt1_false-presuppositions97_2,1,human,agent,0.26,21,196
deepseek-r1_prompt1_false-presuppositions97_3,1,human,agent,0.44,19,253
deepseek-r1_prompt1_false-presuppositions97_4,1,human,agent,0.49,23,255
deepseek-r1_prompt1_false-presuppositions97_5,1,human,agent,0.33,22,241
deepseek-r1_prompt2_false-presuppositions97_1,1
deepseek-r1_prompt2_false-presuppositions97_2,1,human,agent,0.36,21,238
deepseek-r1_prompt2_false-presuppositions97_3,1,human,agent,0.48,19,272
deepseek-r1_prompt2_false-presuppositions97_4,1,human,agent,0.49,23,280
deepseek-r1_prompt2_false-presuppositions97_5,1,human,agent,0.44,22,309
deepseek-r1_prompt3_false-presuppositions97_1,1
deepseek-r1_prompt3_false-presuppositions97_2,1,human,agent,0.27,21,212
deepseek-r1_prompt3_false-presuppositions97_3,1,human,agent,0.50,19,235
deepseek-r1_prompt3_false-presuppositions97_4,1,human,agent,0.47,23,234
deepseek-r1_prompt3_false-presuppositions97_5,1,human,agent,0.36,22,261
deepseek-r1_prompt4_false-presuppositions97_1,1
deepseek-r1_prompt4_false-presuppositions97_2,1,human,agent,0.33,21,204
deepseek-r1_prompt4_false-presuppositions97_3,1,human,agent,0.44,19,251
deepseek-r1_prompt4_false-presuppositions97_4,1,human,agent,0.50,23,280
deepseek-r1_prompt4_false-presuppositions97_5,1,human,agent,0.44,22,273
deepseek-r1_prompt0_false-presuppositions98_1,1
deepseek-r1_prompt0_false-presuppositions98_2,1,human,agent,0.37,15,252
deepseek-r1_prompt0_false-presuppositions98_3,1,human,agent,0.32,14,278
deepseek-r1_prompt0_false-presuppositions98_4,1,human,agent,0.48,25,269
deepseek-r1_prompt0_false-presuppositions98_5,1,human,agent,0.54,24,255
deepseek-r1_prompt1_false-presuppositions98_1,1
deepseek-r1_prompt1_false-presuppositions98_2,1,human,agent,0.39,15,263
deepseek-r1_prompt1_false-presuppositions98_3,1,human,agent,0.36,14,264
deepseek-r1_prompt1_false-presuppositions98_4,1,human,agent,0.44,25,290
deepseek-r1_prompt1_false-presuppositions98_5,1,human,agent,0.54,24,280
deepseek-r1_prompt2_false-presuppositions98_1,1
deepseek-r1_prompt2_false-presuppositions98_2,1,human,agent,0.41,15,237
deepseek-r1_prompt2_false-presuppositions98_3,1,human,agent,0.39,14,282
deepseek-r1_prompt2_false-presuppositions98_4,1,human,agent,0.45,25,318
deepseek-r1_prompt2_false-presuppositions98_5,1,human,agent,0.70,24,285
deepseek-r1_prompt3_false-presuppositions98_1,1
deepseek-r1_prompt3_false-presuppositions98_2,1,human,agent,0.29,15,261
deepseek-r1_prompt3_false-presuppositions98_3,1,human,agent,0.34,14,267
deepseek-r1_prompt3_false-presuppositions98_4,1,human,agent,0.45,25,274
deepseek-r1_prompt3_false-presuppositions98_5,1,human,agent,0.51,24,255
deepseek-r1_prompt4_false-presuppositions98_1,1
deepseek-r1_prompt4_false-presuppositions98_2,1,human,agent,0.35,15,255
deepseek-r1_prompt4_false-presuppositions98_3,1,human,agent,0.32,14,285
deepseek-r1_prompt4_false-presuppositions98_4,1,human,agent,0.49,25,311
deepseek-r1_prompt4_false-presuppositions98_5,1,human,agent,0.64,24,287
deepseek-r1_prompt0_false-presuppositions99_1,1,human,agent,0.47,19,161
deepseek-r1_prompt0_false-presuppositions99_2,1,human,agent,0.67,24,217
deepseek-r1_prompt0_false-presuppositions99_3,1,human,agent,0.69,24,221
deepseek-r1_prompt0_false-presuppositions99_4,1,human,agent,0.67,24,202
deepseek-r1_prompt0_false-presuppositions99_5,1,human,agent,0.65,24,191
deepseek-r1_prompt1_false-presuppositions99_1,1,human,agent,0.50,19,170
deepseek-r1_prompt1_false-presuppositions99_2,1,human,agent,0.65,24,240
deepseek-r1_prompt1_false-presuppositions99_3,1,human,agent,0.80,24,242
deepseek-r1_prompt1_false-presuppositions99_4,1,human,agent,0.71,24,226
deepseek-r1_prompt1_false-presuppositions99_5,1,human,agent,0.66,24,242
deepseek-r1_prompt2_false-presuppositions99_1,1,human,agent,0.60,19,107
deepseek-r1_prompt2_false-presuppositions99_2,1,human,agent,0.72,24,238
deepseek-r1_prompt2_false-presuppositions99_3,1,human,agent,0.67,24,238
deepseek-r1_prompt2_false-presuppositions99_4,1,human,agent,0.70,24,240
deepseek-r1_prompt2_false-presuppositions99_5,1,human,agent,0.66,24,252
deepseek-r1_prompt3_false-presuppositions99_1,1,human,agent,0.43,19,80
deepseek-r1_prompt3_false-presuppositions99_2,1,human,agent,0.67,24,251
deepseek-r1_prompt3_false-presuppositions99_3,1,human,agent,0.52,24,218
deepseek-r1_prompt3_false-presuppositions99_4,1,human,agent,0.62,24,229
deepseek-r1_prompt3_false-presuppositions99_5,1,human,agent,0.69,24,248
deepseek-r1_prompt4_false-presuppositions99_1,1,human,agent,0.62,19,77
deepseek-r1_prompt4_false-presuppositions99_2,1,human,agent,0.72,24,205
deepseek-r1_prompt4_false-presuppositions99_3,1,human,agent,0.72,24,221
deepseek-r1_prompt4_false-presuppositions99_4,1,human,agent,0.61,24,210
deepseek-r1_prompt4_false-presuppositions99_5,1,human,agent,0.72,24,231
